ISO-10303-21;
HEADER;
/* Generated by software containing ST-Developer
 * from STEP Tools, Inc. (www.steptools.com) 
 */

FILE_DESCRIPTION(
/* description */ (''),
/* implementation_level */ '2;1');

FILE_NAME(
/* name */ 'wheel.step',
/* time_stamp */ '2026-09-22T15:05:34+10:00',
/* author */ (''),
/* organization */ (''),
/* preprocessor_version */ 'ST-DEVELOPER v20.2',
/* originating_system */ 'Autodesk Translation Framework v15.15.0.0',
/* authorisation */ '');

FILE_SCHEMA (('AUTOMOTIVE_DESIGN { 1 0 10303 214 3 1 1 }'));
ENDSEC;

DATA;
#10=MECHANICAL_DESIGN_GEOMETRIC_PRESENTATION_REPRESENTATION('',(#65,#66,
#67,#68,#69),#10787);
#11=ITEM_DEFINED_TRANSFORMATION($,$,#5767,#6431);
#12=ITEM_DEFINED_TRANSFORMATION($,$,#6064,#6432);
#13=ITEM_DEFINED_TRANSFORMATION($,$,#6348,#6433);
#14=ITEM_DEFINED_TRANSFORMATION($,$,#6381,#6434);
#15=ITEM_DEFINED_TRANSFORMATION($,$,#6381,#6435);
#16=ITEM_DEFINED_TRANSFORMATION($,$,#6381,#6436);
#17=ITEM_DEFINED_TRANSFORMATION($,$,#6381,#6437);
#18=ITEM_DEFINED_TRANSFORMATION($,$,#6381,#6438);
#19=ITEM_DEFINED_TRANSFORMATION($,$,#6406,#6439);
#20=ITEM_DEFINED_TRANSFORMATION($,$,#6406,#6440);
#21=ITEM_DEFINED_TRANSFORMATION($,$,#6406,#6441);
#22=(
REPRESENTATION_RELATIONSHIP($,$,#10816,#10815)
REPRESENTATION_RELATIONSHIP_WITH_TRANSFORMATION(#11)
SHAPE_REPRESENTATION_RELATIONSHIP()
);
#23=(
REPRESENTATION_RELATIONSHIP($,$,#10817,#10815)
REPRESENTATION_RELATIONSHIP_WITH_TRANSFORMATION(#12)
SHAPE_REPRESENTATION_RELATIONSHIP()
);
#24=(
REPRESENTATION_RELATIONSHIP($,$,#10818,#10815)
REPRESENTATION_RELATIONSHIP_WITH_TRANSFORMATION(#13)
SHAPE_REPRESENTATION_RELATIONSHIP()
);
#25=(
REPRESENTATION_RELATIONSHIP($,$,#10819,#10815)
REPRESENTATION_RELATIONSHIP_WITH_TRANSFORMATION(#14)
SHAPE_REPRESENTATION_RELATIONSHIP()
);
#26=(
REPRESENTATION_RELATIONSHIP($,$,#10819,#10815)
REPRESENTATION_RELATIONSHIP_WITH_TRANSFORMATION(#15)
SHAPE_REPRESENTATION_RELATIONSHIP()
);
#27=(
REPRESENTATION_RELATIONSHIP($,$,#10819,#10815)
REPRESENTATION_RELATIONSHIP_WITH_TRANSFORMATION(#16)
SHAPE_REPRESENTATION_RELATIONSHIP()
);
#28=(
REPRESENTATION_RELATIONSHIP($,$,#10819,#10815)
REPRESENTATION_RELATIONSHIP_WITH_TRANSFORMATION(#17)
SHAPE_REPRESENTATION_RELATIONSHIP()
);
#29=(
REPRESENTATION_RELATIONSHIP($,$,#10819,#10815)
REPRESENTATION_RELATIONSHIP_WITH_TRANSFORMATION(#18)
SHAPE_REPRESENTATION_RELATIONSHIP()
);
#30=(
REPRESENTATION_RELATIONSHIP($,$,#10820,#10815)
REPRESENTATION_RELATIONSHIP_WITH_TRANSFORMATION(#19)
SHAPE_REPRESENTATION_RELATIONSHIP()
);
#31=(
REPRESENTATION_RELATIONSHIP($,$,#10820,#10815)
REPRESENTATION_RELATIONSHIP_WITH_TRANSFORMATION(#20)
SHAPE_REPRESENTATION_RELATIONSHIP()
);
#32=(
REPRESENTATION_RELATIONSHIP($,$,#10820,#10815)
REPRESENTATION_RELATIONSHIP_WITH_TRANSFORMATION(#21)
SHAPE_REPRESENTATION_RELATIONSHIP()
);
#33=CONTEXT_DEPENDENT_SHAPE_REPRESENTATION(#22,#10804);
#34=CONTEXT_DEPENDENT_SHAPE_REPRESENTATION(#23,#10805);
#35=CONTEXT_DEPENDENT_SHAPE_REPRESENTATION(#24,#10806);
#36=CONTEXT_DEPENDENT_SHAPE_REPRESENTATION(#25,#10807);
#37=CONTEXT_DEPENDENT_SHAPE_REPRESENTATION(#26,#10808);
#38=CONTEXT_DEPENDENT_SHAPE_REPRESENTATION(#27,#10809);
#39=CONTEXT_DEPENDENT_SHAPE_REPRESENTATION(#28,#10810);
#40=CONTEXT_DEPENDENT_SHAPE_REPRESENTATION(#29,#10811);
#41=CONTEXT_DEPENDENT_SHAPE_REPRESENTATION(#30,#10812);
#42=CONTEXT_DEPENDENT_SHAPE_REPRESENTATION(#31,#10813);
#43=CONTEXT_DEPENDENT_SHAPE_REPRESENTATION(#32,#10814);
#44=NEXT_ASSEMBLY_USAGE_OCCURRENCE('hub v6:1','hub v6:1','hub v6:1',#10822,
#10823,'hub v6:1');
#45=NEXT_ASSEMBLY_USAGE_OCCURRENCE('tread v7:1','tread v7:1',
'tread v7:1',#10822,#10824,'tread v7:1');
#46=NEXT_ASSEMBLY_USAGE_OCCURRENCE('interface v3:1','interface v3:1',
'interface v3:1',#10822,#10825,'interface v3:1');
#47=NEXT_ASSEMBLY_USAGE_OCCURRENCE('m3x6mm v1:1','m3x6mm v1:1',
'm3x6mm v1:1',#10822,#10826,'m3x6mm v1:1');
#48=NEXT_ASSEMBLY_USAGE_OCCURRENCE('m3x6mm v1:2','m3x6mm v1:2',
'm3x6mm v1:2',#10822,#10826,'m3x6mm v1:2');
#49=NEXT_ASSEMBLY_USAGE_OCCURRENCE('m3x6mm v1:3','m3x6mm v1:3',
'm3x6mm v1:3',#10822,#10826,'m3x6mm v1:3');
#50=NEXT_ASSEMBLY_USAGE_OCCURRENCE('m3x6mm v1:4','m3x6mm v1:4',
'm3x6mm v1:4',#10822,#10826,'m3x6mm v1:4');
#51=NEXT_ASSEMBLY_USAGE_OCCURRENCE('m3x6mm v1:5','m3x6mm v1:5',
'm3x6mm v1:5',#10822,#10826,'m3x6mm v1:5');
#52=NEXT_ASSEMBLY_USAGE_OCCURRENCE('m3x10mm v2:1','m3x10mm v2:1',
'm3x10mm v2:1',#10822,#10827,'m3x10mm v2:1');
#53=NEXT_ASSEMBLY_USAGE_OCCURRENCE('m3x10mm v2:2','m3x10mm v2:2',
'm3x10mm v2:2',#10822,#10827,'m3x10mm v2:2');
#54=NEXT_ASSEMBLY_USAGE_OCCURRENCE('m3x10mm v2:3','m3x10mm v2:3',
'm3x10mm v2:3',#10822,#10827,'m3x10mm v2:3');
#55=SHAPE_REPRESENTATION_RELATIONSHIP('SRR','None',#10816,#60);
#56=SHAPE_REPRESENTATION_RELATIONSHIP('SRR','None',#10817,#61);
#57=SHAPE_REPRESENTATION_RELATIONSHIP('SRR','None',#10818,#62);
#58=SHAPE_REPRESENTATION_RELATIONSHIP('SRR','None',#10819,#63);
#59=SHAPE_REPRESENTATION_RELATIONSHIP('SRR','None',#10820,#64);
#60=ADVANCED_BREP_SHAPE_REPRESENTATION('',(#70),#10782);
#61=ADVANCED_BREP_SHAPE_REPRESENTATION('',(#71),#10783);
#62=ADVANCED_BREP_SHAPE_REPRESENTATION('',(#72),#10784);
#63=ADVANCED_BREP_SHAPE_REPRESENTATION('',(#73),#10785);
#64=ADVANCED_BREP_SHAPE_REPRESENTATION('',(#74),#10786);
#65=STYLED_ITEM('',(#10850),#70);
#66=STYLED_ITEM('',(#10851),#71);
#67=STYLED_ITEM('',(#10852),#72);
#68=STYLED_ITEM('',(#10853),#73);
#69=STYLED_ITEM('',(#10853),#74);
#70=MANIFOLD_SOLID_BREP('hub',#5705);
#71=MANIFOLD_SOLID_BREP('Body1',#5706);
#72=MANIFOLD_SOLID_BREP('Body1',#5707);
#73=MANIFOLD_SOLID_BREP('Body1',#5708);
#74=MANIFOLD_SOLID_BREP('Body1',#5709);
#75=B_SPLINE_SURFACE_WITH_KNOTS('',3,3,((#9446,#9447,#9448,#9449),(#9450,
#9451,#9452,#9453),(#9454,#9455,#9456,#9457),(#9458,#9459,#9460,#9461)),
 .UNSPECIFIED.,.F.,.F.,.F.,(4,4),(4,4),(0.,1.),(-5.70815819713162,-4.97283267208083),
 .UNSPECIFIED.);
#76=B_SPLINE_SURFACE_WITH_KNOTS('',3,3,((#9509,#9510,#9511,#9512),(#9513,
#9514,#9515,#9516),(#9517,#9518,#9519,#9520),(#9521,#9522,#9523,#9524)),
 .UNSPECIFIED.,.F.,.F.,.F.,(4,4),(4,4),(0.,1.),(-15.2307989289421,-14.4954734038913),
 .UNSPECIFIED.);
#77=B_SPLINE_SURFACE_WITH_KNOTS('',3,3,((#9572,#9573,#9574,#9575),(#9576,
#9577,#9578,#9579),(#9580,#9581,#9582,#9583),(#9584,#9585,#9586,#9587)),
 .UNSPECIFIED.,.F.,.F.,.F.,(4,4),(4,4),(0.,1.),(-26.8904463737868,-26.1549242750702),
 .UNSPECIFIED.);
#78=B_SPLINE_SURFACE_WITH_KNOTS('',3,3,((#9640,#9641,#9642,#9643),(#9644,
#9645,#9646,#9647),(#9648,#9649,#9650,#9651),(#9652,#9653,#9654,#9655)),
 .UNSPECIFIED.,.F.,.F.,.F.,(4,4),(4,4),(0.,1.),(-0.46565350478851,0.202419217498609),
 .UNSPECIFIED.);
#79=B_SPLINE_SURFACE_WITH_KNOTS('',3,3,((#9708,#9709,#9710,#9711),(#9712,
#9713,#9714,#9715),(#9716,#9717,#9718,#9719),(#9720,#9721,#9722,#9723)),
 .UNSPECIFIED.,.F.,.F.,.F.,(4,4),(4,4),(0.,1.),(-26.8354662225282,-26.1549473837453),
 .UNSPECIFIED.);
#80=TOROIDAL_SURFACE('',#6026,28.7500001117587,25.6328121158294);
#81=TOROIDAL_SURFACE('',#6043,28.4184243383371,24.4952642831954);
#82=TOROIDAL_SURFACE('',#6044,28.4184243383371,24.4952642831954);
#83=TOROIDAL_SURFACE('',#6045,28.4184243383371,24.4952642831954);
#84=TOROIDAL_SURFACE('',#6046,28.4184243383371,24.4952642831954);
#85=TOROIDAL_SURFACE('',#6047,28.4184243383371,24.4952642831954);
#86=TOROIDAL_SURFACE('',#6048,28.7500001117587,25.6328121158294);
#87=TOROIDAL_SURFACE('',#6050,28.7500001117587,25.6328121158294);
#88=TOROIDAL_SURFACE('',#6052,28.7500001117587,25.6328121158294);
#89=TOROIDAL_SURFACE('',#6054,28.7500001117587,25.6328121158294);
#90=TOROIDAL_SURFACE('',#6382,2.3,0.2);
#91=TOROIDAL_SURFACE('',#6392,2.3,0.2);
#92=TOROIDAL_SURFACE('',#6409,2.3,0.2);
#93=TOROIDAL_SURFACE('',#6419,2.3,0.2);
#94=CONICAL_SURFACE('',#5953,5.5,0.785398163397448);
#95=CONICAL_SURFACE('',#5972,1.6,0.785398163397449);
#96=CONICAL_SURFACE('',#5976,1.6,0.785398163397449);
#97=CONICAL_SURFACE('',#5980,1.6,0.785398163397449);
#98=CONICAL_SURFACE('',#6352,14.5,0.785398163397449);
#99=CONICAL_SURFACE('',#6362,5.19783353784797,0.785398163397448);
#100=B_SPLINE_CURVE_WITH_KNOTS('',3,(#8432,#8433,#8434,#8435,#8436,#8437,
#8438),.UNSPECIFIED.,.F.,.F.,(4,3,4),(-0.0797160627465145,-0.0145025384953033,
0.),.UNSPECIFIED.);
#101=B_SPLINE_CURVE_WITH_KNOTS('',3,(#8729,#8730,#8731,#8732,#8733,#8734,
#8735,#8736,#8737,#8738),.UNSPECIFIED.,.F.,.F.,(4,2,2,2,4),(-0.994758472839391,
-0.902208417905834,-0.784483613142025,-0.676661954854808,-0.580663286906166),
 .UNSPECIFIED.);
#102=B_SPLINE_CURVE_WITH_KNOTS('',3,(#8741,#8742,#8743,#8744,#8745,#8746,
#8747,#8748,#8749,#8750,#8751,#8752),.UNSPECIFIED.,.F.,.F.,(4,2,2,2,2,4),
(-1.41181289889947,-1.32118948080264,-1.21414206548933,-1.0995959820517,
-1.004026660547,-0.996634534169902),.UNSPECIFIED.);
#103=B_SPLINE_CURVE_WITH_KNOTS('',3,(#8761,#8762,#8763,#8764,#8765,#8766,
#8767,#8768,#8769,#8770,#8771,#8772),.UNSPECIFIED.,.F.,.F.,(4,2,2,2,2,4),
(-1.40884014027229,-1.39783228606798,-1.30354965736235,-1.19452483700436,
-1.08213256461243,-0.994693779910576),.UNSPECIFIED.);
#104=B_SPLINE_CURVE_WITH_KNOTS('',3,(#8775,#8776,#8777,#8778,#8779,#8780,
#8781,#8782,#8783,#8784,#8785,#8786),.UNSPECIFIED.,.F.,.F.,(4,2,2,2,2,4),
(-0.996577257938732,-0.990545785206283,-0.891683478657922,-0.77042589427416,
-0.665104911574736,-0.581299920867231),.UNSPECIFIED.);
#105=B_SPLINE_CURVE_WITH_KNOTS('',3,(#8790,#8791,#8792,#8793,#8794,#8795,
#8796,#8797,#8798,#8799,#8800,#8801,#8802,#8803),.UNSPECIFIED.,.F.,.F.,
(4,2,2,2,2,2,4),(9.84462168703764,10.0180061916974,10.4741873367701,10.9303684818428,
11.384948752142,11.8395290224413,11.9929876881842),.UNSPECIFIED.);
#106=B_SPLINE_CURVE_WITH_KNOTS('',3,(#8806,#8807,#8808,#8809,#8810,#8811,
#8812,#8813,#8814,#8815,#8816,#8817,#8818,#8819),.UNSPECIFIED.,.F.,.F.,
(4,2,2,2,2,2,4),(2.77561231002766,2.84745878950507,3.3231127254319,3.79876666135873,
4.2766489709226,4.75453128048646,4.91577033613009),.UNSPECIFIED.);
#107=B_SPLINE_CURVE_WITH_KNOTS('',3,(#8822,#8823,#8824,#8825,#8826,#8827,
#8828,#8829,#8830,#8831,#8832,#8833),.UNSPECIFIED.,.F.,.F.,(4,2,2,2,2,4),
(-1.4088330057607,-1.406229283066,-1.31009094982023,-1.20247700081075,-1.08866477610565,
-0.994752407239213),.UNSPECIFIED.);
#108=B_SPLINE_CURVE_WITH_KNOTS('',3,(#8835,#8836,#8837,#8838,#8839,#8840,
#8841,#8842,#8843,#8844,#8845,#8846),.UNSPECIFIED.,.F.,.F.,(4,2,2,2,2,4),
(-0.996627324338776,-0.9958011972934,-0.89761394442018,-0.778028902643835,
-0.671143850784427,-0.581311795755039),.UNSPECIFIED.);
#109=B_SPLINE_CURVE_WITH_KNOTS('',3,(#8850,#8851,#8852,#8853,#8854,#8855,
#8856,#8857,#8858,#8859,#8860,#8861,#8862,#8863),.UNSPECIFIED.,.F.,.F.,
(4,2,2,2,2,2,4),(9.84462168703764,10.0180061916974,10.4741873367701,10.9303684818428,
11.384948752142,11.8395290224413,11.9929876881842),.UNSPECIFIED.);
#110=B_SPLINE_CURVE_WITH_KNOTS('',3,(#8866,#8867,#8868,#8869,#8870,#8871,
#8872,#8873,#8874,#8875,#8876,#8877,#8878,#8879),.UNSPECIFIED.,.F.,.F.,
(4,2,2,2,2,2,4),(2.77561231002766,2.84745878950507,3.3231127254319,3.79876666135873,
4.27664897092259,4.75453128048646,4.91577033613008),.UNSPECIFIED.);
#111=B_SPLINE_CURVE_WITH_KNOTS('',3,(#8881,#8882,#8883,#8884,#8885,#8886,
#8887,#8888,#8889,#8890,#8891,#8892,#8893,#8894),.UNSPECIFIED.,.F.,.F.,
(4,2,2,2,2,2,4),(-1.98461001440894,-1.88166163964603,-1.76755511047982,
-1.63119995384956,-1.53540696951269,-1.47375225344364,-1.44126862041291),
 .UNSPECIFIED.);
#112=B_SPLINE_CURVE_WITH_KNOTS('',3,(#8896,#8897,#8898,#8899,#8900,#8901,
#8902,#8903,#8904,#8905),.UNSPECIFIED.,.F.,.F.,(4,2,2,2,4),(-0.549896170969136,
-0.517470589365071,-0.452649822084955,-0.352798750866359,-0.246732240584258),
 .UNSPECIFIED.);
#113=B_SPLINE_CURVE_WITH_KNOTS('',3,(#8906,#8907,#8908,#8909,#8910,#8911,
#8912,#8913,#8914,#8915,#8916,#8917,#8918,#8919,#8920,#8921,#8922,#8923,
#8924,#8925),.UNSPECIFIED.,.F.,.F.,(4,2,2,2,2,2,2,2,2,4),(-0.380964932524942,
-0.349788440138292,-0.310676352153935,-0.249437364709705,-0.210509728484495,
-0.200145976601517,-0.195425576227545,-0.194698548223216,-0.19432387966248,
-0.194135815388595),.UNSPECIFIED.);
#114=B_SPLINE_CURVE_WITH_KNOTS('',3,(#8937,#8938,#8939,#8940,#8941,#8942,
#8943,#8944,#8945,#8946),.UNSPECIFIED.,.F.,.F.,(4,2,2,2,4),(-0.994787589649497,
-0.906084203826172,-0.789373438212602,-0.680685045125384,-0.580664527797327),
 .UNSPECIFIED.);
#115=B_SPLINE_CURVE_WITH_KNOTS('',3,(#8949,#8950,#8951,#8952,#8953,#8954,
#8955,#8956,#8957,#8958,#8959,#8960),.UNSPECIFIED.,.F.,.F.,(4,2,2,2,2,4),
(-1.4117920641181,-1.32850198279067,-1.22005994529427,-1.1141834831026,
-1.01739247454686,-0.996683371449877),.UNSPECIFIED.);
#116=B_SPLINE_CURVE_WITH_KNOTS('',3,(#8968,#8969,#8970,#8971,#8972,#8973,
#8974,#8975,#8976,#8977,#8978,#8979,#8980,#8981,#8982,#8983),
 .UNSPECIFIED.,.F.,.F.,(4,2,2,2,2,2,2,4),(-1.98466890342136,-1.93047255617582,
-1.87463213265399,-1.76006160687282,-1.62256912611731,-1.53117732891047,
-1.47262167584263,-1.44160671547756),.UNSPECIFIED.);
#117=B_SPLINE_CURVE_WITH_KNOTS('',3,(#8987,#8988,#8989,#8990,#8991,#8992,
#8993,#8994,#8995,#8996),.UNSPECIFIED.,.F.,.F.,(4,2,2,2,4),(-0.549860057933932,
-0.515078750419712,-0.452246069336049,-0.352903441174935,-0.246725720103831),
 .UNSPECIFIED.);
#118=B_SPLINE_CURVE_WITH_KNOTS('',3,(#8997,#8998,#8999,#9000,#9001,#9002,
#9003,#9004,#9005,#9006,#9007,#9008,#9009,#9010,#9011,#9012,#9013,#9014,
#9015,#9016),.UNSPECIFIED.,.F.,.F.,(4,2,2,2,2,2,2,2,2,4),(-0.380964930370944,
-0.349788465296458,-0.31067642150273,-0.249437417074092,-0.210509756084001,
-0.20014598313956,-0.195425576379583,-0.194698548198687,-0.194323879631458,
-0.194135815262568),.UNSPECIFIED.);
#119=B_SPLINE_CURVE_WITH_KNOTS('',3,(#9027,#9028,#9029,#9030,#9031,#9032,
#9033,#9034,#9035,#9036,#9037,#9038),.UNSPECIFIED.,.F.,.F.,(4,2,2,2,2,4),
(-1.40872687443939,-1.32386972527185,-1.21662610650943,-1.10088399153114,
-1.00410980887654,-0.994787589649527),.UNSPECIFIED.);
#120=B_SPLINE_CURVE_WITH_KNOTS('',3,(#9040,#9041,#9042,#9043,#9044,#9045,
#9046,#9047,#9048,#9049,#9050,#9051),.UNSPECIFIED.,.F.,.F.,(4,2,2,2,2,4),
(-0.996683371449804,-0.920263730785568,-0.807012893770535,-0.696066995164633,
-0.589860373803353,-0.581345183936605),.UNSPECIFIED.);
#121=B_SPLINE_CURVE_WITH_KNOTS('',3,(#9054,#9055,#9056,#9057,#9058,#9059,
#9060,#9061,#9062,#9063,#9064,#9065,#9066,#9067),.UNSPECIFIED.,.F.,.F.,
(4,2,2,2,2,2,4),(2.77561231002766,2.84745878950507,3.3231127254319,3.79876666135873,
4.2766489709226,4.75453128048646,4.91577033613008),.UNSPECIFIED.);
#122=B_SPLINE_CURVE_WITH_KNOTS('',3,(#9068,#9069,#9070,#9071,#9072,#9073,
#9074,#9075,#9076,#9077,#9078,#9079,#9080,#9081),.UNSPECIFIED.,.F.,.F.,
(4,2,2,2,2,2,4),(9.84462168703764,10.0180061916974,10.4741873367701,10.9303684818428,
11.384948752142,11.8395290224413,11.9929876881842),.UNSPECIFIED.);
#123=B_SPLINE_CURVE_WITH_KNOTS('',3,(#9085,#9086,#9087,#9088,#9089,#9090,
#9091,#9092,#9093,#9094,#9095,#9096),.UNSPECIFIED.,.F.,.F.,(4,2,2,2,2,4),
(-0.994752407238995,-0.9925616805656,-0.892351691651462,-0.771968549331429,
-0.666701736707649,-0.580679877940381),.UNSPECIFIED.);
#124=B_SPLINE_CURVE_WITH_KNOTS('',3,(#9099,#9100,#9101,#9102,#9103,#9104,
#9105,#9106,#9107,#9108,#9109,#9110),.UNSPECIFIED.,.F.,.F.,(4,2,2,2,2,4),
(-1.41193511867532,-1.41075347875503,-1.31245263472712,-1.20397045739066,
-1.09090259926078,-0.996627324338712),.UNSPECIFIED.);
#125=B_SPLINE_CURVE_WITH_KNOTS('',3,(#9119,#9120,#9121,#9122,#9123,#9124,
#9125,#9126,#9127,#9128,#9129,#9130),.UNSPECIFIED.,.F.,.F.,(4,2,2,2,2,4),
(-0.994693779910523,-0.986364393691628,-0.885459817712185,-0.763251371851773,
-0.659830079156452,-0.580660242780352),.UNSPECIFIED.);
#126=B_SPLINE_CURVE_WITH_KNOTS('',3,(#9133,#9134,#9135,#9136,#9137,#9138,
#9139,#9140,#9141,#9142,#9143,#9144),.UNSPECIFIED.,.F.,.F.,(4,2,2,2,2,4),
(-1.41195370255992,-1.40298544227256,-1.30674801446239,-1.19725531887852,
-1.08536477473687,-0.996577257938642),.UNSPECIFIED.);
#127=B_SPLINE_CURVE_WITH_KNOTS('',3,(#9152,#9153,#9154,#9155,#9156,#9157,
#9158,#9159,#9160,#9161,#9162,#9163),.UNSPECIFIED.,.F.,.F.,(4,2,2,2,2,4),
(-1.40871237764565,-1.31932431253255,-1.21229946236032,-1.09712489388457,
-1.00057173365047,-0.994758472839378),.UNSPECIFIED.);
#128=B_SPLINE_CURVE_WITH_KNOTS('',3,(#9165,#9166,#9167,#9168,#9169,#9170,
#9171,#9172,#9173,#9174),.UNSPECIFIED.,.F.,.F.,(4,2,2,2,4),(-0.996634534169862,
-0.906770555094711,-0.789767592039073,-0.680596403700463,-0.581287272467313),
 .UNSPECIFIED.);
#129=B_SPLINE_CURVE_WITH_KNOTS('',3,(#9178,#9179,#9180,#9181,#9182,#9183,
#9184,#9185,#9186,#9187,#9188,#9189,#9190,#9191),.UNSPECIFIED.,.F.,.F.,
(4,2,2,2,2,2,4),(9.84462168703764,10.0180061916974,10.4741873367701,10.9303684818428,
11.384948752142,11.8395290224413,11.9929876881842),.UNSPECIFIED.);
#130=B_SPLINE_CURVE_WITH_KNOTS('',3,(#9194,#9195,#9196,#9197,#9198,#9199,
#9200,#9201,#9202,#9203,#9204,#9205,#9206,#9207),.UNSPECIFIED.,.F.,.F.,
(4,2,2,2,2,2,4),(2.77561231002766,2.84745878950507,3.3231127254319,3.79876666135873,
4.27664897092259,4.75453128048646,4.91577033613008),.UNSPECIFIED.);
#131=B_SPLINE_CURVE_WITH_KNOTS('',3,(#9209,#9210,#9211,#9212,#9213,#9214,
#9215,#9216,#9217,#9218,#9219,#9220,#9221,#9222),.UNSPECIFIED.,.F.,.F.,
(4,2,2,2,2,2,4),(-1.98501683188436,-1.9193745043472,-1.80590658952394,-1.67855833916574,
-1.55762702882441,-1.4658175701304,-1.44179032997609),.UNSPECIFIED.);
#132=B_SPLINE_CURVE_WITH_KNOTS('',3,(#9224,#9225,#9226,#9227,#9228,#9229,
#9230,#9231),.UNSPECIFIED.,.F.,.F.,(4,2,2,4),(-0.549920125260003,-0.461832564548965,
-0.346354061399022,-0.246714139594801),.UNSPECIFIED.);
#133=B_SPLINE_CURVE_WITH_KNOTS('',3,(#9232,#9233,#9234,#9235,#9236,#9237,
#9238,#9239,#9240,#9241,#9242,#9243,#9244,#9245,#9246,#9247,#9248,#9249),
 .UNSPECIFIED.,.F.,.F.,(4,2,2,2,2,2,2,2,4),(-0.383554038489962,-0.351797255010939,
-0.31182580963204,-0.250372871202701,-0.212700567649454,-0.198811676965399,
-0.196799443576733,-0.195928037192941,-0.195364445514006),.UNSPECIFIED.);
#134=B_SPLINE_CURVE_WITH_KNOTS('',3,(#9256,#9257,#9258,#9259,#9260,#9261,
#9262,#9263,#9264,#9265,#9266,#9267,#9268,#9269),.UNSPECIFIED.,.F.,.F.,
(4,2,2,2,2,2,4),(-1.98491332378125,-1.89272357085658,-1.77636563621807,
-1.64082760654843,-1.53238750762126,-1.44916650147813,-1.44161712052415),
 .UNSPECIFIED.);
#135=B_SPLINE_CURVE_WITH_KNOTS('',3,(#9273,#9274,#9275,#9276,#9277,#9278,
#9279,#9280,#9281,#9282),.UNSPECIFIED.,.F.,.F.,(4,2,2,2,4),(-0.549867387603779,
-0.547335864345728,-0.460416128204012,-0.348331938896827,-0.246708952963001),
 .UNSPECIFIED.);
#136=B_SPLINE_CURVE_WITH_KNOTS('',3,(#9284,#9285,#9286,#9287,#9288,#9289,
#9290,#9291,#9292,#9293),.UNSPECIFIED.,.F.,.F.,(4,2,2,2,4),(-0.380964925297657,
-0.349788473236639,-0.310676450257302,-0.249437439452106,-0.235711505188428),
 .UNSPECIFIED.);
#137=B_SPLINE_CURVE_WITH_KNOTS('',3,(#9301,#9302,#9303,#9304,#9305,#9306,
#9307,#9308,#9309,#9310,#9311,#9312,#9313),.UNSPECIFIED.,.F.,.F.,(4,3,3,
3,4),(-0.0879622265522107,-0.075072169093468,-0.063113674597199,-0.050441519049726,
-0.0405336265790787),.UNSPECIFIED.);
#138=B_SPLINE_CURVE_WITH_KNOTS('',3,(#9316,#9317,#9318,#9319),
 .UNSPECIFIED.,.F.,.F.,(4,4),(-0.0555552690442913,-0.000555482994289883),
 .UNSPECIFIED.);
#139=B_SPLINE_CURVE_WITH_KNOTS('',3,(#9326,#9327,#9328,#9329,#9330,#9331,
#9332,#9333,#9334,#9335,#9336,#9337,#9338,#9339),.UNSPECIFIED.,.F.,.F.,
(4,2,2,2,2,2,4),(10.0720108979569,10.491885612261,10.9697679218249,11.4476502313887,
11.9233041673156,12.3989581032424,12.769221051011),.UNSPECIFIED.);
#140=B_SPLINE_CURVE_WITH_KNOTS('',3,(#9342,#9343,#9344,#9345,#9346,#9347,
#9348,#9349,#9350,#9351,#9352,#9353),.UNSPECIFIED.,.F.,.F.,(4,2,2,2,2,4),
(-1.40881874910385,-1.31312344407448,-1.20594643863694,-1.09155928212756,
-0.995295795758687,-0.994772785356861),.UNSPECIFIED.);
#141=B_SPLINE_CURVE_WITH_KNOTS('',3,(#9354,#9355,#9356,#9357,#9358,#9359,
#9360,#9361,#9362,#9363,#9364,#9365,#9366,#9367),.UNSPECIFIED.,.F.,.F.,
(4,2,2,2,2,2,4),(2.77561231002766,2.84745878950507,3.3231127254319,3.79876666135873,
4.2766489709226,4.75453128048646,4.91577033613008),.UNSPECIFIED.);
#142=B_SPLINE_CURVE_WITH_KNOTS('',3,(#9370,#9371,#9372,#9373,#9374,#9375,
#9376,#9377,#9378,#9379),.UNSPECIFIED.,.F.,.F.,(4,2,2,2,4),(-0.996599724857219,
-0.899888646910555,-0.780965670884054,-0.67346043818718,-0.581294753376585),
 .UNSPECIFIED.);
#143=B_SPLINE_CURVE_WITH_KNOTS('',3,(#9382,#9383,#9384,#9385,#9386,#9387,
#9388,#9389,#9390,#9391,#9392,#9393,#9394,#9395),.UNSPECIFIED.,.F.,.F.,
(4,2,2,2,2,2,4),(9.84462168703764,10.0180061916974,10.4741873367701,10.9303684818428,
11.384948752142,11.8395290224413,11.9929876881842),.UNSPECIFIED.);
#144=B_SPLINE_CURVE_WITH_KNOTS('',3,(#9397,#9398,#9399,#9400,#9401,#9402,
#9403,#9404,#9405,#9406,#9407,#9408),.UNSPECIFIED.,.F.,.F.,(4,2,2,2,2,4),
(-1.98518507222562,-1.8929085334292,-1.77676320569183,-1.64184332475203,
-1.52174967034102,-1.4418436478551),.UNSPECIFIED.);
#145=B_SPLINE_CURVE_WITH_KNOTS('',3,(#9410,#9411,#9412,#9413,#9414,#9415,
#9416,#9417),.UNSPECIFIED.,.F.,.F.,(4,2,2,4),(-0.549907849965569,-0.466981322635552,
-0.340615133290214,-0.24669366324218),.UNSPECIFIED.);
#146=B_SPLINE_CURVE_WITH_KNOTS('',3,(#9418,#9419,#9420,#9421,#9422,#9423,
#9424,#9425,#9426,#9427),.UNSPECIFIED.,.F.,.F.,(4,2,2,2,4),(-0.380964925923488,
-0.349788504474121,-0.310676531216493,-0.249437500004953,-0.245263686121336),
 .UNSPECIFIED.);
#147=B_SPLINE_CURVE_WITH_KNOTS('',3,(#9431,#9432,#9433,#9434),
 .UNSPECIFIED.,.F.,.F.,(4,4),(-0.0497018683853869,0.),.UNSPECIFIED.);
#148=B_SPLINE_CURVE_WITH_KNOTS('',3,(#9463,#9464,#9465,#9466,#9467,#9468,
#9469,#9470,#9471,#9472,#9473,#9474,#9475,#9476,#9477,#9478,#9479,#9480,
#9481,#9482,#9483,#9484),.UNSPECIFIED.,.F.,.F.,(4,3,3,3,3,3,3,4),(0.,0.0130978440067371,
0.026553432146693,0.0391213919228386,0.0525515088095361,0.0633583191019879,
0.0766314926358265,0.0875942185753873),.UNSPECIFIED.);
#149=B_SPLINE_CURVE_WITH_KNOTS('',3,(#9486,#9487,#9488,#9489),
 .UNSPECIFIED.,.F.,.F.,(4,4),(-5.49309414033559,-5.3769681491756),
 .UNSPECIFIED.);
#150=B_SPLINE_CURVE_WITH_KNOTS('',3,(#9490,#9491,#9492,#9493),
 .UNSPECIFIED.,.F.,.F.,(4,4),(-5.3769681491756,-4.97283267208083),
 .UNSPECIFIED.);
#151=B_SPLINE_CURVE_WITH_KNOTS('',3,(#9495,#9496,#9497,#9498,#9499,#9500,
#9501,#9502,#9503,#9504,#9505,#9506,#9507,#9508),.UNSPECIFIED.,.F.,.F.,
(4,2,2,2,2,2,4),(2.30794396466092,2.72111834791319,3.17569861821246,3.63027888851172,
4.0864600335844,4.54264117865707,4.71602568331686),.UNSPECIFIED.);
#152=B_SPLINE_CURVE_WITH_KNOTS('',3,(#9526,#9527,#9528,#9529,#9530,#9531,
#9532,#9533,#9534,#9535,#9536,#9537,#9538,#9539,#9540,#9541,#9542,#9543,
#9544,#9545,#9546,#9547),.UNSPECIFIED.,.F.,.F.,(4,3,3,3,3,3,3,4),(0.,0.0130978440068772,
0.0265534321476917,0.0391213921332862,0.0525515090193062,0.0633583192320592,
0.0766314927650238,0.0875942185765684),.UNSPECIFIED.);
#153=B_SPLINE_CURVE_WITH_KNOTS('',3,(#9549,#9550,#9551,#9552),
 .UNSPECIFIED.,.F.,.F.,(4,4),(-15.0157348721461,-14.8996088809861),
 .UNSPECIFIED.);
#154=B_SPLINE_CURVE_WITH_KNOTS('',3,(#9553,#9554,#9555,#9556),
 .UNSPECIFIED.,.F.,.F.,(4,4),(-14.8996088809861,-14.4954734038913),
 .UNSPECIFIED.);
#155=B_SPLINE_CURVE_WITH_KNOTS('',3,(#9558,#9559,#9560,#9561,#9562,#9563,
#9564,#9565,#9566,#9567,#9568,#9569,#9570,#9571),.UNSPECIFIED.,.F.,.F.,
(4,2,2,2,2,2,4),(2.30794396466092,2.72111834791319,3.17569861821246,3.63027888851172,
4.0864600335844,4.54264117865707,4.71602568331686),.UNSPECIFIED.);
#156=B_SPLINE_CURVE_WITH_KNOTS('',3,(#9589,#9590,#9591,#9592,#9593,#9594,
#9595,#9596,#9597,#9598,#9599,#9600,#9601,#9602,#9603,#9604,#9605,#9606,
#9607,#9608,#9609,#9610),.UNSPECIFIED.,.F.,.F.,(4,3,3,3,3,3,3,4),(0.,0.0130978433851449,
0.0265534311167756,0.0391213921330317,0.0525515087876855,0.0633583192318953,
0.0766314929011167,0.0875942185765597),.UNSPECIFIED.);
#157=B_SPLINE_CURVE_WITH_KNOTS('',3,(#9612,#9613,#9614,#9615),
 .UNSPECIFIED.,.F.,.F.,(4,4),(-26.6754285556278,-26.5593331516923),
 .UNSPECIFIED.);
#158=B_SPLINE_CURVE_WITH_KNOTS('',3,(#9617,#9618,#9619,#9620),
 .UNSPECIFIED.,.F.,.F.,(4,4),(-26.5593331516923,-26.3572120637557),
 .UNSPECIFIED.);
#159=B_SPLINE_CURVE_WITH_KNOTS('',3,(#9621,#9622,#9623,#9624),
 .UNSPECIFIED.,.F.,.F.,(4,4),(-26.3573847709025,-26.1549242750702),
 .UNSPECIFIED.);
#160=B_SPLINE_CURVE_WITH_KNOTS('',3,(#9626,#9627,#9628,#9629,#9630,#9631,
#9632,#9633,#9634,#9635,#9636,#9637,#9638,#9639),.UNSPECIFIED.,.F.,.F.,
(4,2,2,2,2,2,4),(2.30794396466092,2.72111834791319,3.17569861821246,3.63027888851172,
4.0864600335844,4.54264117865707,4.71602568331686),.UNSPECIFIED.);
#161=B_SPLINE_CURVE_WITH_KNOTS('',3,(#9657,#9658,#9659,#9660),
 .UNSPECIFIED.,.F.,.F.,(4,4),(-0.318165193469527,-0.202069430696063),
 .UNSPECIFIED.);
#162=B_SPLINE_CURVE_WITH_KNOTS('',3,(#9662,#9663,#9664,#9665),
 .UNSPECIFIED.,.F.,.F.,(4,4),(-0.202069430696063,0.00013908965531252),
 .UNSPECIFIED.);
#163=B_SPLINE_CURVE_WITH_KNOTS('',3,(#9667,#9668,#9669,#9670),
 .UNSPECIFIED.,.F.,.F.,(4,4),(0.000139089638056424,0.202419217498609),
 .UNSPECIFIED.);
#164=B_SPLINE_CURVE_WITH_KNOTS('',3,(#9671,#9672,#9673,#9674,#9675,#9676,
#9677,#9678,#9679,#9680,#9681,#9682,#9683,#9684,#9685,#9686,#9687,#9688,
#9689,#9690,#9691,#9692),.UNSPECIFIED.,.F.,.F.,(4,3,3,3,3,3,3,4),(0.,0.0130978435755079,
0.0265534314285929,0.0391213921330356,0.0525515088561692,0.0633583192319071,
0.0766314928553692,0.0875942185765797),.UNSPECIFIED.);
#165=B_SPLINE_CURVE_WITH_KNOTS('',3,(#9694,#9695,#9696,#9697,#9698,#9699,
#9700,#9701,#9702,#9703,#9704,#9705,#9706,#9707),.UNSPECIFIED.,.F.,.F.,
(4,2,2,2,2,2,4),(2.30794396466092,2.72111834791319,3.17569861821246,3.63027888851172,
4.0864600335844,4.54264117865707,4.71602568331686),.UNSPECIFIED.);
#166=B_SPLINE_CURVE_WITH_KNOTS('',3,(#9725,#9726,#9727,#9728),
 .UNSPECIFIED.,.F.,.F.,(4,4),(-26.6755181520205,-26.5594215056711),
 .UNSPECIFIED.);
#167=B_SPLINE_CURVE_WITH_KNOTS('',3,(#9730,#9731,#9732,#9733),
 .UNSPECIFIED.,.F.,.F.,(4,4),(-26.5594215056711,-26.3572393057153),
 .UNSPECIFIED.);
#168=B_SPLINE_CURVE_WITH_KNOTS('',3,(#9735,#9736,#9737,#9738),
 .UNSPECIFIED.,.F.,.F.,(4,4),(-26.3573847709025,-26.1549473837453),
 .UNSPECIFIED.);
#169=B_SPLINE_CURVE_WITH_KNOTS('',3,(#9739,#9740,#9741,#9742,#9743,#9744,
#9745,#9746,#9747,#9748,#9749,#9750,#9751),.UNSPECIFIED.,.F.,.F.,(4,3,3,
3,4),(0.,0.0130978435435446,0.0265534313757729,0.0391213921330343,0.0405196278617885),
 .UNSPECIFIED.);
#170=B_SPLINE_CURVE_WITH_KNOTS('',3,(#9753,#9754,#9755,#9756,#9757,#9758,
#9759,#9760,#9761,#9762,#9763,#9764,#9765,#9766),.UNSPECIFIED.,.F.,.F.,
(4,2,2,2,2,2,4),(2.30794396466092,2.72111834791319,3.17569861821246,3.63027888851172,
4.0864600335844,4.54264117865707,4.97538789522781),.UNSPECIFIED.);
#171=B_SPLINE_CURVE_WITH_KNOTS('',3,(#9768,#9769,#9770,#9771,#9772,#9773,
#9774,#9775,#9776,#9777,#9778,#9779,#9780,#9781),.UNSPECIFIED.,.F.,.F.,
(4,2,2,2,2,2,4),(10.3306465566174,10.491885612261,10.9697679218249,11.4476502313887,
11.9233041673156,12.3989581032424,12.8194953547027),.UNSPECIFIED.);
#172=B_SPLINE_CURVE_WITH_KNOTS('',3,(#9784,#9785,#9786,#9787,#9788,#9789,
#9790,#9791,#9792,#9793,#9794,#9795,#9796,#9797),.UNSPECIFIED.,.F.,.F.,
(4,2,2,2,2,2,4),(10.3306465566174,10.491885612261,10.9697679218249,11.4476502313887,
11.9233041673156,12.3989581032424,12.8194953547027),.UNSPECIFIED.);
#173=B_SPLINE_CURVE_WITH_KNOTS('',3,(#9800,#9801,#9802,#9803,#9804,#9805,
#9806,#9807,#9808,#9809,#9810,#9811,#9812,#9813),.UNSPECIFIED.,.F.,.F.,
(4,2,2,2,2,2,4),(10.3306465566174,10.491885612261,10.9697679218249,11.4476502313887,
11.9233041673156,12.3989581032424,12.8194953547027),.UNSPECIFIED.);
#174=B_SPLINE_CURVE_WITH_KNOTS('',3,(#9817,#9818,#9819,#9820,#9821,#9822,
#9823,#9824,#9825,#9826,#9827,#9828,#9829,#9830),.UNSPECIFIED.,.F.,.F.,
(4,2,2,2,2,2,4),(10.3306465566174,10.491885612261,10.9697679218249,11.4476502313887,
11.9233041673156,12.3989581032424,12.8194953547027),.UNSPECIFIED.);
#175=B_SPLINE_CURVE_WITH_KNOTS('',3,(#10588,#10589,#10590,#10591),
 .UNSPECIFIED.,.F.,.F.,(4,4),(0.,0.142905745100576),.UNSPECIFIED.);
#176=B_SPLINE_CURVE_WITH_KNOTS('',3,(#10592,#10593,#10594,#10595),
 .UNSPECIFIED.,.F.,.F.,(4,4),(0.,0.142893240879877),.UNSPECIFIED.);
#177=FACE_BOUND('',#675,.T.);
#178=FACE_BOUND('',#678,.T.);
#179=FACE_BOUND('',#683,.T.);
#180=FACE_BOUND('',#686,.T.);
#181=FACE_BOUND('',#688,.T.);
#182=FACE_BOUND('',#690,.T.);
#183=FACE_BOUND('',#695,.T.);
#184=FACE_BOUND('',#730,.T.);
#185=FACE_BOUND('',#737,.T.);
#186=FACE_BOUND('',#747,.T.);
#187=FACE_BOUND('',#754,.T.);
#188=FACE_BOUND('',#755,.T.);
#189=FACE_BOUND('',#756,.T.);
#190=FACE_BOUND('',#757,.T.);
#191=FACE_BOUND('',#824,.T.);
#192=FACE_BOUND('',#825,.T.);
#193=FACE_BOUND('',#826,.T.);
#194=FACE_BOUND('',#827,.T.);
#195=FACE_BOUND('',#830,.T.);
#196=FACE_BOUND('',#831,.T.);
#197=FACE_BOUND('',#832,.T.);
#198=FACE_BOUND('',#833,.T.);
#199=FACE_BOUND('',#834,.T.);
#200=FACE_BOUND('',#838,.T.);
#201=FACE_BOUND('',#841,.T.);
#202=FACE_BOUND('',#847,.T.);
#203=FACE_BOUND('',#857,.T.);
#204=FACE_BOUND('',#926,.T.);
#205=FACE_BOUND('',#929,.T.);
#206=FACE_BOUND('',#938,.T.);
#207=FACE_BOUND('',#941,.T.);
#208=FACE_BOUND('',#950,.T.);
#209=FACE_BOUND('',#953,.T.);
#210=FACE_BOUND('',#962,.T.);
#211=FACE_BOUND('',#965,.T.);
#212=FACE_BOUND('',#973,.T.);
#213=FACE_BOUND('',#974,.T.);
#214=FACE_BOUND('',#975,.T.);
#215=FACE_BOUND('',#976,.T.);
#216=FACE_BOUND('',#983,.T.);
#217=FACE_BOUND('',#985,.T.);
#218=FACE_BOUND('',#987,.T.);
#219=FACE_BOUND('',#993,.T.);
#220=FACE_BOUND('',#994,.T.);
#221=FACE_BOUND('',#995,.T.);
#222=FACE_BOUND('',#999,.T.);
#223=FACE_BOUND('',#1002,.T.);
#224=FACE_BOUND('',#1016,.T.);
#225=FACE_BOUND('',#1019,.T.);
#226=PLANE('',#5775);
#227=PLANE('',#5784);
#228=PLANE('',#5789);
#229=PLANE('',#5790);
#230=PLANE('',#5801);
#231=PLANE('',#5818);
#232=PLANE('',#5828);
#233=PLANE('',#5835);
#234=PLANE('',#5840);
#235=PLANE('',#5853);
#236=PLANE('',#5858);
#237=PLANE('',#5871);
#238=PLANE('',#5886);
#239=PLANE('',#5888);
#240=PLANE('',#5890);
#241=PLANE('',#5891);
#242=PLANE('',#5894);
#243=PLANE('',#5896);
#244=PLANE('',#5897);
#245=PLANE('',#5900);
#246=PLANE('',#5902);
#247=PLANE('',#5903);
#248=PLANE('',#5907);
#249=PLANE('',#5910);
#250=PLANE('',#5911);
#251=PLANE('',#5916);
#252=PLANE('',#5922);
#253=PLANE('',#5931);
#254=PLANE('',#5934);
#255=PLANE('',#5935);
#256=PLANE('',#5947);
#257=PLANE('',#5951);
#258=PLANE('',#5958);
#259=PLANE('',#5990);
#260=PLANE('',#5992);
#261=PLANE('',#6007);
#262=PLANE('',#6015);
#263=PLANE('',#6029);
#264=PLANE('',#6031);
#265=PLANE('',#6032);
#266=PLANE('',#6033);
#267=PLANE('',#6035);
#268=PLANE('',#6037);
#269=PLANE('',#6039);
#270=PLANE('',#6041);
#271=PLANE('',#6056);
#272=PLANE('',#6057);
#273=PLANE('',#6058);
#274=PLANE('',#6059);
#275=PLANE('',#6060);
#276=PLANE('',#6063);
#277=PLANE('',#6084);
#278=PLANE('',#6085);
#279=PLANE('',#6089);
#280=PLANE('',#6090);
#281=PLANE('',#6097);
#282=PLANE('',#6098);
#283=PLANE('',#6153);
#284=PLANE('',#6154);
#285=PLANE('',#6159);
#286=PLANE('',#6160);
#287=PLANE('',#6207);
#288=PLANE('',#6208);
#289=PLANE('',#6210);
#290=PLANE('',#6214);
#291=PLANE('',#6215);
#292=PLANE('',#6217);
#293=PLANE('',#6221);
#294=PLANE('',#6223);
#295=PLANE('',#6227);
#296=PLANE('',#6229);
#297=PLANE('',#6233);
#298=PLANE('',#6235);
#299=PLANE('',#6239);
#300=PLANE('',#6241);
#301=PLANE('',#6245);
#302=PLANE('',#6247);
#303=PLANE('',#6251);
#304=PLANE('',#6252);
#305=PLANE('',#6257);
#306=PLANE('',#6261);
#307=PLANE('',#6267);
#308=PLANE('',#6274);
#309=PLANE('',#6275);
#310=PLANE('',#6279);
#311=PLANE('',#6280);
#312=PLANE('',#6287);
#313=PLANE('',#6294);
#314=PLANE('',#6295);
#315=PLANE('',#6299);
#316=PLANE('',#6300);
#317=PLANE('',#6307);
#318=PLANE('',#6314);
#319=PLANE('',#6315);
#320=PLANE('',#6319);
#321=PLANE('',#6320);
#322=PLANE('',#6327);
#323=PLANE('',#6334);
#324=PLANE('',#6335);
#325=PLANE('',#6339);
#326=PLANE('',#6340);
#327=PLANE('',#6347);
#328=PLANE('',#6355);
#329=PLANE('',#6364);
#330=PLANE('',#6370);
#331=PLANE('',#6371);
#332=PLANE('',#6372);
#333=PLANE('',#6379);
#334=PLANE('',#6380);
#335=PLANE('',#6390);
#336=PLANE('',#6395);
#337=PLANE('',#6396);
#338=PLANE('',#6397);
#339=PLANE('',#6398);
#340=PLANE('',#6399);
#341=PLANE('',#6400);
#342=PLANE('',#6401);
#343=PLANE('',#6402);
#344=PLANE('',#6405);
#345=PLANE('',#6407);
#346=PLANE('',#6417);
#347=PLANE('',#6422);
#348=PLANE('',#6423);
#349=PLANE('',#6424);
#350=PLANE('',#6425);
#351=PLANE('',#6426);
#352=PLANE('',#6427);
#353=PLANE('',#6428);
#354=PLANE('',#6429);
#355=FACE_OUTER_BOUND('',#667,.T.);
#356=FACE_OUTER_BOUND('',#668,.T.);
#357=FACE_OUTER_BOUND('',#669,.T.);
#358=FACE_OUTER_BOUND('',#670,.T.);
#359=FACE_OUTER_BOUND('',#671,.T.);
#360=FACE_OUTER_BOUND('',#672,.T.);
#361=FACE_OUTER_BOUND('',#673,.T.);
#362=FACE_OUTER_BOUND('',#674,.T.);
#363=FACE_OUTER_BOUND('',#676,.T.);
#364=FACE_OUTER_BOUND('',#677,.T.);
#365=FACE_OUTER_BOUND('',#679,.T.);
#366=FACE_OUTER_BOUND('',#680,.T.);
#367=FACE_OUTER_BOUND('',#681,.T.);
#368=FACE_OUTER_BOUND('',#682,.T.);
#369=FACE_OUTER_BOUND('',#684,.T.);
#370=FACE_OUTER_BOUND('',#685,.T.);
#371=FACE_OUTER_BOUND('',#687,.T.);
#372=FACE_OUTER_BOUND('',#689,.T.);
#373=FACE_OUTER_BOUND('',#691,.T.);
#374=FACE_OUTER_BOUND('',#692,.T.);
#375=FACE_OUTER_BOUND('',#693,.T.);
#376=FACE_OUTER_BOUND('',#694,.T.);
#377=FACE_OUTER_BOUND('',#696,.T.);
#378=FACE_OUTER_BOUND('',#697,.T.);
#379=FACE_OUTER_BOUND('',#698,.T.);
#380=FACE_OUTER_BOUND('',#699,.T.);
#381=FACE_OUTER_BOUND('',#700,.T.);
#382=FACE_OUTER_BOUND('',#701,.T.);
#383=FACE_OUTER_BOUND('',#702,.T.);
#384=FACE_OUTER_BOUND('',#703,.T.);
#385=FACE_OUTER_BOUND('',#704,.T.);
#386=FACE_OUTER_BOUND('',#705,.T.);
#387=FACE_OUTER_BOUND('',#706,.T.);
#388=FACE_OUTER_BOUND('',#707,.T.);
#389=FACE_OUTER_BOUND('',#708,.T.);
#390=FACE_OUTER_BOUND('',#709,.T.);
#391=FACE_OUTER_BOUND('',#710,.T.);
#392=FACE_OUTER_BOUND('',#711,.T.);
#393=FACE_OUTER_BOUND('',#712,.T.);
#394=FACE_OUTER_BOUND('',#713,.T.);
#395=FACE_OUTER_BOUND('',#714,.T.);
#396=FACE_OUTER_BOUND('',#715,.T.);
#397=FACE_OUTER_BOUND('',#716,.T.);
#398=FACE_OUTER_BOUND('',#717,.T.);
#399=FACE_OUTER_BOUND('',#718,.T.);
#400=FACE_OUTER_BOUND('',#719,.T.);
#401=FACE_OUTER_BOUND('',#720,.T.);
#402=FACE_OUTER_BOUND('',#721,.T.);
#403=FACE_OUTER_BOUND('',#722,.T.);
#404=FACE_OUTER_BOUND('',#723,.T.);
#405=FACE_OUTER_BOUND('',#724,.T.);
#406=FACE_OUTER_BOUND('',#725,.T.);
#407=FACE_OUTER_BOUND('',#726,.T.);
#408=FACE_OUTER_BOUND('',#727,.T.);
#409=FACE_OUTER_BOUND('',#728,.T.);
#410=FACE_OUTER_BOUND('',#729,.T.);
#411=FACE_OUTER_BOUND('',#731,.T.);
#412=FACE_OUTER_BOUND('',#732,.T.);
#413=FACE_OUTER_BOUND('',#733,.T.);
#414=FACE_OUTER_BOUND('',#734,.T.);
#415=FACE_OUTER_BOUND('',#735,.T.);
#416=FACE_OUTER_BOUND('',#736,.T.);
#417=FACE_OUTER_BOUND('',#738,.T.);
#418=FACE_OUTER_BOUND('',#739,.T.);
#419=FACE_OUTER_BOUND('',#740,.T.);
#420=FACE_OUTER_BOUND('',#741,.T.);
#421=FACE_OUTER_BOUND('',#742,.T.);
#422=FACE_OUTER_BOUND('',#743,.T.);
#423=FACE_OUTER_BOUND('',#744,.T.);
#424=FACE_OUTER_BOUND('',#745,.T.);
#425=FACE_OUTER_BOUND('',#746,.T.);
#426=FACE_OUTER_BOUND('',#748,.T.);
#427=FACE_OUTER_BOUND('',#749,.T.);
#428=FACE_OUTER_BOUND('',#750,.T.);
#429=FACE_OUTER_BOUND('',#751,.T.);
#430=FACE_OUTER_BOUND('',#752,.T.);
#431=FACE_OUTER_BOUND('',#753,.T.);
#432=FACE_OUTER_BOUND('',#758,.T.);
#433=FACE_OUTER_BOUND('',#759,.T.);
#434=FACE_OUTER_BOUND('',#760,.T.);
#435=FACE_OUTER_BOUND('',#761,.T.);
#436=FACE_OUTER_BOUND('',#762,.T.);
#437=FACE_OUTER_BOUND('',#763,.T.);
#438=FACE_OUTER_BOUND('',#764,.T.);
#439=FACE_OUTER_BOUND('',#765,.T.);
#440=FACE_OUTER_BOUND('',#766,.T.);
#441=FACE_OUTER_BOUND('',#767,.T.);
#442=FACE_OUTER_BOUND('',#768,.T.);
#443=FACE_OUTER_BOUND('',#769,.T.);
#444=FACE_OUTER_BOUND('',#770,.T.);
#445=FACE_OUTER_BOUND('',#771,.T.);
#446=FACE_OUTER_BOUND('',#772,.T.);
#447=FACE_OUTER_BOUND('',#773,.T.);
#448=FACE_OUTER_BOUND('',#774,.T.);
#449=FACE_OUTER_BOUND('',#775,.T.);
#450=FACE_OUTER_BOUND('',#776,.T.);
#451=FACE_OUTER_BOUND('',#777,.T.);
#452=FACE_OUTER_BOUND('',#778,.T.);
#453=FACE_OUTER_BOUND('',#779,.T.);
#454=FACE_OUTER_BOUND('',#780,.T.);
#455=FACE_OUTER_BOUND('',#781,.T.);
#456=FACE_OUTER_BOUND('',#782,.T.);
#457=FACE_OUTER_BOUND('',#783,.T.);
#458=FACE_OUTER_BOUND('',#784,.T.);
#459=FACE_OUTER_BOUND('',#785,.T.);
#460=FACE_OUTER_BOUND('',#786,.T.);
#461=FACE_OUTER_BOUND('',#787,.T.);
#462=FACE_OUTER_BOUND('',#788,.T.);
#463=FACE_OUTER_BOUND('',#789,.T.);
#464=FACE_OUTER_BOUND('',#790,.T.);
#465=FACE_OUTER_BOUND('',#791,.T.);
#466=FACE_OUTER_BOUND('',#792,.T.);
#467=FACE_OUTER_BOUND('',#793,.T.);
#468=FACE_OUTER_BOUND('',#794,.T.);
#469=FACE_OUTER_BOUND('',#795,.T.);
#470=FACE_OUTER_BOUND('',#796,.T.);
#471=FACE_OUTER_BOUND('',#797,.T.);
#472=FACE_OUTER_BOUND('',#798,.T.);
#473=FACE_OUTER_BOUND('',#799,.T.);
#474=FACE_OUTER_BOUND('',#800,.T.);
#475=FACE_OUTER_BOUND('',#801,.T.);
#476=FACE_OUTER_BOUND('',#802,.T.);
#477=FACE_OUTER_BOUND('',#803,.T.);
#478=FACE_OUTER_BOUND('',#804,.T.);
#479=FACE_OUTER_BOUND('',#805,.T.);
#480=FACE_OUTER_BOUND('',#806,.T.);
#481=FACE_OUTER_BOUND('',#807,.T.);
#482=FACE_OUTER_BOUND('',#808,.T.);
#483=FACE_OUTER_BOUND('',#809,.T.);
#484=FACE_OUTER_BOUND('',#810,.T.);
#485=FACE_OUTER_BOUND('',#811,.T.);
#486=FACE_OUTER_BOUND('',#812,.T.);
#487=FACE_OUTER_BOUND('',#813,.T.);
#488=FACE_OUTER_BOUND('',#814,.T.);
#489=FACE_OUTER_BOUND('',#815,.T.);
#490=FACE_OUTER_BOUND('',#816,.T.);
#491=FACE_OUTER_BOUND('',#817,.T.);
#492=FACE_OUTER_BOUND('',#818,.T.);
#493=FACE_OUTER_BOUND('',#819,.T.);
#494=FACE_OUTER_BOUND('',#820,.T.);
#495=FACE_OUTER_BOUND('',#821,.T.);
#496=FACE_OUTER_BOUND('',#822,.T.);
#497=FACE_OUTER_BOUND('',#823,.T.);
#498=FACE_OUTER_BOUND('',#828,.T.);
#499=FACE_OUTER_BOUND('',#829,.T.);
#500=FACE_OUTER_BOUND('',#835,.T.);
#501=FACE_OUTER_BOUND('',#836,.T.);
#502=FACE_OUTER_BOUND('',#837,.T.);
#503=FACE_OUTER_BOUND('',#839,.T.);
#504=FACE_OUTER_BOUND('',#840,.T.);
#505=FACE_OUTER_BOUND('',#842,.T.);
#506=FACE_OUTER_BOUND('',#843,.T.);
#507=FACE_OUTER_BOUND('',#844,.T.);
#508=FACE_OUTER_BOUND('',#845,.T.);
#509=FACE_OUTER_BOUND('',#846,.T.);
#510=FACE_OUTER_BOUND('',#848,.T.);
#511=FACE_OUTER_BOUND('',#849,.T.);
#512=FACE_OUTER_BOUND('',#850,.T.);
#513=FACE_OUTER_BOUND('',#851,.T.);
#514=FACE_OUTER_BOUND('',#852,.T.);
#515=FACE_OUTER_BOUND('',#853,.T.);
#516=FACE_OUTER_BOUND('',#854,.T.);
#517=FACE_OUTER_BOUND('',#855,.T.);
#518=FACE_OUTER_BOUND('',#856,.T.);
#519=FACE_OUTER_BOUND('',#858,.T.);
#520=FACE_OUTER_BOUND('',#859,.T.);
#521=FACE_OUTER_BOUND('',#860,.T.);
#522=FACE_OUTER_BOUND('',#861,.T.);
#523=FACE_OUTER_BOUND('',#862,.T.);
#524=FACE_OUTER_BOUND('',#863,.T.);
#525=FACE_OUTER_BOUND('',#864,.T.);
#526=FACE_OUTER_BOUND('',#865,.T.);
#527=FACE_OUTER_BOUND('',#866,.T.);
#528=FACE_OUTER_BOUND('',#867,.T.);
#529=FACE_OUTER_BOUND('',#868,.T.);
#530=FACE_OUTER_BOUND('',#869,.T.);
#531=FACE_OUTER_BOUND('',#870,.T.);
#532=FACE_OUTER_BOUND('',#871,.T.);
#533=FACE_OUTER_BOUND('',#872,.T.);
#534=FACE_OUTER_BOUND('',#873,.T.);
#535=FACE_OUTER_BOUND('',#874,.T.);
#536=FACE_OUTER_BOUND('',#875,.T.);
#537=FACE_OUTER_BOUND('',#876,.T.);
#538=FACE_OUTER_BOUND('',#877,.T.);
#539=FACE_OUTER_BOUND('',#878,.T.);
#540=FACE_OUTER_BOUND('',#879,.T.);
#541=FACE_OUTER_BOUND('',#880,.T.);
#542=FACE_OUTER_BOUND('',#881,.T.);
#543=FACE_OUTER_BOUND('',#882,.T.);
#544=FACE_OUTER_BOUND('',#883,.T.);
#545=FACE_OUTER_BOUND('',#884,.T.);
#546=FACE_OUTER_BOUND('',#885,.T.);
#547=FACE_OUTER_BOUND('',#886,.T.);
#548=FACE_OUTER_BOUND('',#887,.T.);
#549=FACE_OUTER_BOUND('',#888,.T.);
#550=FACE_OUTER_BOUND('',#889,.T.);
#551=FACE_OUTER_BOUND('',#890,.T.);
#552=FACE_OUTER_BOUND('',#891,.T.);
#553=FACE_OUTER_BOUND('',#892,.T.);
#554=FACE_OUTER_BOUND('',#893,.T.);
#555=FACE_OUTER_BOUND('',#894,.T.);
#556=FACE_OUTER_BOUND('',#895,.T.);
#557=FACE_OUTER_BOUND('',#896,.T.);
#558=FACE_OUTER_BOUND('',#897,.T.);
#559=FACE_OUTER_BOUND('',#898,.T.);
#560=FACE_OUTER_BOUND('',#899,.T.);
#561=FACE_OUTER_BOUND('',#900,.T.);
#562=FACE_OUTER_BOUND('',#901,.T.);
#563=FACE_OUTER_BOUND('',#902,.T.);
#564=FACE_OUTER_BOUND('',#903,.T.);
#565=FACE_OUTER_BOUND('',#904,.T.);
#566=FACE_OUTER_BOUND('',#905,.T.);
#567=FACE_OUTER_BOUND('',#906,.T.);
#568=FACE_OUTER_BOUND('',#907,.T.);
#569=FACE_OUTER_BOUND('',#908,.T.);
#570=FACE_OUTER_BOUND('',#909,.T.);
#571=FACE_OUTER_BOUND('',#910,.T.);
#572=FACE_OUTER_BOUND('',#911,.T.);
#573=FACE_OUTER_BOUND('',#912,.T.);
#574=FACE_OUTER_BOUND('',#913,.T.);
#575=FACE_OUTER_BOUND('',#914,.T.);
#576=FACE_OUTER_BOUND('',#915,.T.);
#577=FACE_OUTER_BOUND('',#916,.T.);
#578=FACE_OUTER_BOUND('',#917,.T.);
#579=FACE_OUTER_BOUND('',#918,.T.);
#580=FACE_OUTER_BOUND('',#919,.T.);
#581=FACE_OUTER_BOUND('',#920,.T.);
#582=FACE_OUTER_BOUND('',#921,.T.);
#583=FACE_OUTER_BOUND('',#922,.T.);
#584=FACE_OUTER_BOUND('',#923,.T.);
#585=FACE_OUTER_BOUND('',#924,.T.);
#586=FACE_OUTER_BOUND('',#925,.T.);
#587=FACE_OUTER_BOUND('',#927,.T.);
#588=FACE_OUTER_BOUND('',#928,.T.);
#589=FACE_OUTER_BOUND('',#930,.T.);
#590=FACE_OUTER_BOUND('',#931,.T.);
#591=FACE_OUTER_BOUND('',#932,.T.);
#592=FACE_OUTER_BOUND('',#933,.T.);
#593=FACE_OUTER_BOUND('',#934,.T.);
#594=FACE_OUTER_BOUND('',#935,.T.);
#595=FACE_OUTER_BOUND('',#936,.T.);
#596=FACE_OUTER_BOUND('',#937,.T.);
#597=FACE_OUTER_BOUND('',#939,.T.);
#598=FACE_OUTER_BOUND('',#940,.T.);
#599=FACE_OUTER_BOUND('',#942,.T.);
#600=FACE_OUTER_BOUND('',#943,.T.);
#601=FACE_OUTER_BOUND('',#944,.T.);
#602=FACE_OUTER_BOUND('',#945,.T.);
#603=FACE_OUTER_BOUND('',#946,.T.);
#604=FACE_OUTER_BOUND('',#947,.T.);
#605=FACE_OUTER_BOUND('',#948,.T.);
#606=FACE_OUTER_BOUND('',#949,.T.);
#607=FACE_OUTER_BOUND('',#951,.T.);
#608=FACE_OUTER_BOUND('',#952,.T.);
#609=FACE_OUTER_BOUND('',#954,.T.);
#610=FACE_OUTER_BOUND('',#955,.T.);
#611=FACE_OUTER_BOUND('',#956,.T.);
#612=FACE_OUTER_BOUND('',#957,.T.);
#613=FACE_OUTER_BOUND('',#958,.T.);
#614=FACE_OUTER_BOUND('',#959,.T.);
#615=FACE_OUTER_BOUND('',#960,.T.);
#616=FACE_OUTER_BOUND('',#961,.T.);
#617=FACE_OUTER_BOUND('',#963,.T.);
#618=FACE_OUTER_BOUND('',#964,.T.);
#619=FACE_OUTER_BOUND('',#966,.T.);
#620=FACE_OUTER_BOUND('',#967,.T.);
#621=FACE_OUTER_BOUND('',#968,.T.);
#622=FACE_OUTER_BOUND('',#969,.T.);
#623=FACE_OUTER_BOUND('',#970,.T.);
#624=FACE_OUTER_BOUND('',#971,.T.);
#625=FACE_OUTER_BOUND('',#972,.T.);
#626=FACE_OUTER_BOUND('',#977,.T.);
#627=FACE_OUTER_BOUND('',#978,.T.);
#628=FACE_OUTER_BOUND('',#979,.T.);
#629=FACE_OUTER_BOUND('',#980,.T.);
#630=FACE_OUTER_BOUND('',#981,.T.);
#631=FACE_OUTER_BOUND('',#982,.T.);
#632=FACE_OUTER_BOUND('',#984,.T.);
#633=FACE_OUTER_BOUND('',#986,.T.);
#634=FACE_OUTER_BOUND('',#988,.T.);
#635=FACE_OUTER_BOUND('',#989,.T.);
#636=FACE_OUTER_BOUND('',#990,.T.);
#637=FACE_OUTER_BOUND('',#991,.T.);
#638=FACE_OUTER_BOUND('',#992,.T.);
#639=FACE_OUTER_BOUND('',#996,.T.);
#640=FACE_OUTER_BOUND('',#997,.T.);
#641=FACE_OUTER_BOUND('',#998,.T.);
#642=FACE_OUTER_BOUND('',#1000,.T.);
#643=FACE_OUTER_BOUND('',#1001,.T.);
#644=FACE_OUTER_BOUND('',#1003,.T.);
#645=FACE_OUTER_BOUND('',#1004,.T.);
#646=FACE_OUTER_BOUND('',#1005,.T.);
#647=FACE_OUTER_BOUND('',#1006,.T.);
#648=FACE_OUTER_BOUND('',#1007,.T.);
#649=FACE_OUTER_BOUND('',#1008,.T.);
#650=FACE_OUTER_BOUND('',#1009,.T.);
#651=FACE_OUTER_BOUND('',#1010,.T.);
#652=FACE_OUTER_BOUND('',#1011,.T.);
#653=FACE_OUTER_BOUND('',#1012,.T.);
#654=FACE_OUTER_BOUND('',#1013,.T.);
#655=FACE_OUTER_BOUND('',#1014,.T.);
#656=FACE_OUTER_BOUND('',#1015,.T.);
#657=FACE_OUTER_BOUND('',#1017,.T.);
#658=FACE_OUTER_BOUND('',#1018,.T.);
#659=FACE_OUTER_BOUND('',#1020,.T.);
#660=FACE_OUTER_BOUND('',#1021,.T.);
#661=FACE_OUTER_BOUND('',#1022,.T.);
#662=FACE_OUTER_BOUND('',#1023,.T.);
#663=FACE_OUTER_BOUND('',#1024,.T.);
#664=FACE_OUTER_BOUND('',#1025,.T.);
#665=FACE_OUTER_BOUND('',#1026,.T.);
#666=FACE_OUTER_BOUND('',#1027,.T.);
#667=EDGE_LOOP('',(#3567,#3568,#3569,#3570));
#668=EDGE_LOOP('',(#3571,#3572,#3573,#3574,#3575));
#669=EDGE_LOOP('',(#3576,#3577,#3578,#3579,#3580,#3581,#3582));
#670=EDGE_LOOP('',(#3583,#3584,#3585,#3586));
#671=EDGE_LOOP('',(#3587,#3588,#3589,#3590));
#672=EDGE_LOOP('',(#3591,#3592,#3593,#3594,#3595,#3596,#3597));
#673=EDGE_LOOP('',(#3598,#3599,#3600,#3601,#3602));
#674=EDGE_LOOP('',(#3603,#3604,#3605,#3606,#3607,#3608,#3609,#3610,#3611,
#3612,#3613,#3614));
#675=EDGE_LOOP('',(#3615));
#676=EDGE_LOOP('',(#3616,#3617,#3618,#3619));
#677=EDGE_LOOP('',(#3620,#3621,#3622,#3623,#3624,#3625,#3626,#3627,#3628,
#3629,#3630,#3631,#3632));
#678=EDGE_LOOP('',(#3633));
#679=EDGE_LOOP('',(#3634,#3635,#3636,#3637));
#680=EDGE_LOOP('',(#3638,#3639,#3640,#3641));
#681=EDGE_LOOP('',(#3642,#3643,#3644,#3645));
#682=EDGE_LOOP('',(#3646,#3647,#3648,#3649,#3650,#3651,#3652,#3653,#3654,
#3655,#3656));
#683=EDGE_LOOP('',(#3657));
#684=EDGE_LOOP('',(#3658,#3659,#3660,#3661));
#685=EDGE_LOOP('',(#3662,#3663,#3664,#3665,#3666,#3667,#3668,#3669,#3670));
#686=EDGE_LOOP('',(#3671));
#687=EDGE_LOOP('',(#3672,#3673,#3674,#3675,#3676,#3677,#3678,#3679,#3680));
#688=EDGE_LOOP('',(#3681));
#689=EDGE_LOOP('',(#3682,#3683,#3684,#3685,#3686,#3687,#3688,#3689,#3690));
#690=EDGE_LOOP('',(#3691));
#691=EDGE_LOOP('',(#3692,#3693,#3694,#3695));
#692=EDGE_LOOP('',(#3696,#3697,#3698,#3699,#3700));
#693=EDGE_LOOP('',(#3701,#3702,#3703,#3704,#3705,#3706,#3707,#3708,#3709,
#3710));
#694=EDGE_LOOP('',(#3711,#3712,#3713,#3714,#3715,#3716,#3717,#3718,#3719,
#3720,#3721,#3722));
#695=EDGE_LOOP('',(#3723));
#696=EDGE_LOOP('',(#3724,#3725,#3726,#3727));
#697=EDGE_LOOP('',(#3728,#3729,#3730,#3731));
#698=EDGE_LOOP('',(#3732,#3733,#3734,#3735));
#699=EDGE_LOOP('',(#3736,#3737,#3738,#3739,#3740,#3741,#3742));
#700=EDGE_LOOP('',(#3743,#3744,#3745,#3746,#3747,#3748,#3749));
#701=EDGE_LOOP('',(#3750,#3751,#3752,#3753,#3754,#3755));
#702=EDGE_LOOP('',(#3756,#3757,#3758,#3759,#3760,#3761,#3762));
#703=EDGE_LOOP('',(#3763,#3764,#3765,#3766,#3767,#3768));
#704=EDGE_LOOP('',(#3769,#3770,#3771,#3772,#3773,#3774,#3775));
#705=EDGE_LOOP('',(#3776,#3777,#3778,#3779));
#706=EDGE_LOOP('',(#3780,#3781,#3782,#3783));
#707=EDGE_LOOP('',(#3784,#3785,#3786,#3787));
#708=EDGE_LOOP('',(#3788,#3789,#3790,#3791));
#709=EDGE_LOOP('',(#3792,#3793,#3794,#3795));
#710=EDGE_LOOP('',(#3796,#3797,#3798,#3799,#3800,#3801));
#711=EDGE_LOOP('',(#3802,#3803,#3804,#3805));
#712=EDGE_LOOP('',(#3806,#3807,#3808,#3809));
#713=EDGE_LOOP('',(#3810,#3811,#3812,#3813));
#714=EDGE_LOOP('',(#3814,#3815,#3816,#3817));
#715=EDGE_LOOP('',(#3818,#3819,#3820,#3821));
#716=EDGE_LOOP('',(#3822,#3823,#3824,#3825));
#717=EDGE_LOOP('',(#3826,#3827,#3828,#3829));
#718=EDGE_LOOP('',(#3830,#3831,#3832,#3833));
#719=EDGE_LOOP('',(#3834,#3835,#3836,#3837));
#720=EDGE_LOOP('',(#3838,#3839,#3840,#3841));
#721=EDGE_LOOP('',(#3842,#3843,#3844,#3845));
#722=EDGE_LOOP('',(#3846,#3847,#3848,#3849));
#723=EDGE_LOOP('',(#3850,#3851,#3852,#3853));
#724=EDGE_LOOP('',(#3854,#3855,#3856,#3857));
#725=EDGE_LOOP('',(#3858,#3859,#3860,#3861));
#726=EDGE_LOOP('',(#3862,#3863,#3864,#3865));
#727=EDGE_LOOP('',(#3866,#3867,#3868,#3869));
#728=EDGE_LOOP('',(#3870,#3871,#3872,#3873));
#729=EDGE_LOOP('',(#3874,#3875,#3876,#3877,#3878,#3879,#3880,#3881,#3882,
#3883));
#730=EDGE_LOOP('',(#3884));
#731=EDGE_LOOP('',(#3885,#3886,#3887,#3888));
#732=EDGE_LOOP('',(#3889,#3890,#3891,#3892));
#733=EDGE_LOOP('',(#3893,#3894,#3895,#3896));
#734=EDGE_LOOP('',(#3897,#3898,#3899));
#735=EDGE_LOOP('',(#3900,#3901,#3902,#3903));
#736=EDGE_LOOP('',(#3904,#3905,#3906,#3907,#3908,#3909,#3910,#3911,#3912,
#3913,#3914,#3915));
#737=EDGE_LOOP('',(#3916));
#738=EDGE_LOOP('',(#3917,#3918,#3919,#3920));
#739=EDGE_LOOP('',(#3921,#3922,#3923,#3924));
#740=EDGE_LOOP('',(#3925,#3926,#3927,#3928));
#741=EDGE_LOOP('',(#3929,#3930,#3931,#3932));
#742=EDGE_LOOP('',(#3933,#3934,#3935,#3936,#3937,#3938));
#743=EDGE_LOOP('',(#3939,#3940,#3941,#3942));
#744=EDGE_LOOP('',(#3943,#3944,#3945,#3946));
#745=EDGE_LOOP('',(#3947,#3948,#3949));
#746=EDGE_LOOP('',(#3950,#3951,#3952,#3953,#3954,#3955,#3956,#3957,#3958));
#747=EDGE_LOOP('',(#3959));
#748=EDGE_LOOP('',(#3960,#3961,#3962,#3963));
#749=EDGE_LOOP('',(#3964,#3965,#3966,#3967));
#750=EDGE_LOOP('',(#3968,#3969,#3970,#3971));
#751=EDGE_LOOP('',(#3972,#3973,#3974,#3975));
#752=EDGE_LOOP('',(#3976,#3977,#3978,#3979));
#753=EDGE_LOOP('',(#3980,#3981,#3982,#3983,#3984,#3985,#3986,#3987,#3988,
#3989));
#754=EDGE_LOOP('',(#3990));
#755=EDGE_LOOP('',(#3991));
#756=EDGE_LOOP('',(#3992));
#757=EDGE_LOOP('',(#3993));
#758=EDGE_LOOP('',(#3994,#3995,#3996,#3997));
#759=EDGE_LOOP('',(#3998,#3999,#4000,#4001));
#760=EDGE_LOOP('',(#4002,#4003,#4004,#4005));
#761=EDGE_LOOP('',(#4006,#4007,#4008,#4009));
#762=EDGE_LOOP('',(#4010,#4011,#4012,#4013));
#763=EDGE_LOOP('',(#4014,#4015,#4016,#4017));
#764=EDGE_LOOP('',(#4018,#4019,#4020,#4021));
#765=EDGE_LOOP('',(#4022,#4023,#4024,#4025));
#766=EDGE_LOOP('',(#4026,#4027,#4028,#4029));
#767=EDGE_LOOP('',(#4030,#4031,#4032,#4033));
#768=EDGE_LOOP('',(#4034,#4035,#4036,#4037));
#769=EDGE_LOOP('',(#4038,#4039,#4040,#4041));
#770=EDGE_LOOP('',(#4042,#4043,#4044,#4045));
#771=EDGE_LOOP('',(#4046,#4047,#4048,#4049,#4050));
#772=EDGE_LOOP('',(#4051,#4052,#4053,#4054));
#773=EDGE_LOOP('',(#4055,#4056,#4057,#4058,#4059));
#774=EDGE_LOOP('',(#4060,#4061,#4062,#4063));
#775=EDGE_LOOP('',(#4064,#4065,#4066,#4067));
#776=EDGE_LOOP('',(#4068,#4069,#4070,#4071,#4072));
#777=EDGE_LOOP('',(#4073,#4074,#4075,#4076));
#778=EDGE_LOOP('',(#4077,#4078,#4079,#4080,#4081));
#779=EDGE_LOOP('',(#4082,#4083,#4084,#4085));
#780=EDGE_LOOP('',(#4086,#4087,#4088,#4089));
#781=EDGE_LOOP('',(#4090,#4091,#4092,#4093));
#782=EDGE_LOOP('',(#4094,#4095,#4096,#4097));
#783=EDGE_LOOP('',(#4098,#4099,#4100,#4101));
#784=EDGE_LOOP('',(#4102,#4103,#4104,#4105));
#785=EDGE_LOOP('',(#4106,#4107,#4108,#4109));
#786=EDGE_LOOP('',(#4110,#4111,#4112,#4113));
#787=EDGE_LOOP('',(#4114,#4115,#4116,#4117,#4118));
#788=EDGE_LOOP('',(#4119,#4120,#4121,#4122));
#789=EDGE_LOOP('',(#4123,#4124,#4125,#4126,#4127,#4128));
#790=EDGE_LOOP('',(#4129,#4130,#4131,#4132,#4133,#4134));
#791=EDGE_LOOP('',(#4135,#4136,#4137,#4138,#4139));
#792=EDGE_LOOP('',(#4140,#4141,#4142,#4143,#4144,#4145,#4146));
#793=EDGE_LOOP('',(#4147,#4148,#4149,#4150));
#794=EDGE_LOOP('',(#4151,#4152,#4153,#4154));
#795=EDGE_LOOP('',(#4155,#4156,#4157,#4158,#4159,#4160));
#796=EDGE_LOOP('',(#4161,#4162,#4163,#4164));
#797=EDGE_LOOP('',(#4165,#4166,#4167,#4168,#4169,#4170,#4171,#4172,#4173));
#798=EDGE_LOOP('',(#4174,#4175,#4176,#4177));
#799=EDGE_LOOP('',(#4178,#4179,#4180,#4181,#4182));
#800=EDGE_LOOP('',(#4183,#4184,#4185,#4186,#4187));
#801=EDGE_LOOP('',(#4188,#4189,#4190,#4191));
#802=EDGE_LOOP('',(#4192,#4193,#4194,#4195,#4196));
#803=EDGE_LOOP('',(#4197,#4198,#4199,#4200,#4201));
#804=EDGE_LOOP('',(#4202,#4203,#4204,#4205,#4206,#4207,#4208,#4209));
#805=EDGE_LOOP('',(#4210,#4211,#4212,#4213,#4214));
#806=EDGE_LOOP('',(#4215,#4216,#4217,#4218,#4219,#4220,#4221,#4222));
#807=EDGE_LOOP('',(#4223,#4224,#4225,#4226,#4227,#4228));
#808=EDGE_LOOP('',(#4229,#4230,#4231,#4232,#4233,#4234,#4235,#4236,#4237));
#809=EDGE_LOOP('',(#4238,#4239,#4240,#4241,#4242,#4243,#4244));
#810=EDGE_LOOP('',(#4245,#4246,#4247,#4248,#4249,#4250,#4251,#4252,#4253));
#811=EDGE_LOOP('',(#4254,#4255,#4256,#4257,#4258,#4259,#4260,#4261));
#812=EDGE_LOOP('',(#4262,#4263,#4264,#4265,#4266,#4267,#4268,#4269));
#813=EDGE_LOOP('',(#4270,#4271,#4272,#4273,#4274,#4275,#4276));
#814=EDGE_LOOP('',(#4277,#4278,#4279,#4280,#4281,#4282,#4283));
#815=EDGE_LOOP('',(#4284,#4285,#4286,#4287,#4288,#4289,#4290));
#816=EDGE_LOOP('',(#4291,#4292,#4293,#4294,#4295,#4296,#4297));
#817=EDGE_LOOP('',(#4298,#4299,#4300,#4301,#4302));
#818=EDGE_LOOP('',(#4303,#4304,#4305,#4306,#4307));
#819=EDGE_LOOP('',(#4308,#4309,#4310,#4311,#4312));
#820=EDGE_LOOP('',(#4313,#4314,#4315,#4316,#4317));
#821=EDGE_LOOP('',(#4318,#4319,#4320,#4321,#4322));
#822=EDGE_LOOP('',(#4323,#4324,#4325,#4326));
#823=EDGE_LOOP('',(#4327,#4328,#4329,#4330,#4331,#4332,#4333,#4334,#4335,
#4336));
#824=EDGE_LOOP('',(#4337));
#825=EDGE_LOOP('',(#4338));
#826=EDGE_LOOP('',(#4339));
#827=EDGE_LOOP('',(#4340));
#828=EDGE_LOOP('',(#4341,#4342,#4343,#4344));
#829=EDGE_LOOP('',(#4345,#4346,#4347,#4348));
#830=EDGE_LOOP('',(#4349,#4350,#4351,#4352));
#831=EDGE_LOOP('',(#4353,#4354,#4355,#4356));
#832=EDGE_LOOP('',(#4357,#4358,#4359,#4360));
#833=EDGE_LOOP('',(#4361,#4362,#4363,#4364));
#834=EDGE_LOOP('',(#4365,#4366,#4367,#4368));
#835=EDGE_LOOP('',(#4369,#4370,#4371,#4372));
#836=EDGE_LOOP('',(#4373,#4374,#4375,#4376));
#837=EDGE_LOOP('',(#4377,#4378,#4379,#4380,#4381,#4382,#4383,#4384));
#838=EDGE_LOOP('',(#4385));
#839=EDGE_LOOP('',(#4386,#4387,#4388,#4389));
#840=EDGE_LOOP('',(#4390,#4391,#4392,#4393,#4394,#4395,#4396,#4397));
#841=EDGE_LOOP('',(#4398));
#842=EDGE_LOOP('',(#4399,#4400,#4401,#4402));
#843=EDGE_LOOP('',(#4403,#4404,#4405,#4406));
#844=EDGE_LOOP('',(#4407,#4408,#4409,#4410));
#845=EDGE_LOOP('',(#4411,#4412,#4413,#4414));
#846=EDGE_LOOP('',(#4415,#4416,#4417,#4418,#4419,#4420,#4421,#4422,#4423,
#4424,#4425,#4426,#4427,#4428,#4429,#4430,#4431,#4432,#4433,#4434,#4435,
#4436,#4437,#4438,#4439,#4440,#4441,#4442,#4443,#4444,#4445,#4446,#4447,
#4448,#4449,#4450,#4451,#4452,#4453,#4454,#4455,#4456,#4457,#4458,#4459,
#4460,#4461,#4462,#4463,#4464,#4465,#4466,#4467,#4468,#4469,#4470,#4471,
#4472,#4473,#4474,#4475,#4476,#4477,#4478,#4479,#4480,#4481,#4482,#4483,
#4484,#4485,#4486));
#847=EDGE_LOOP('',(#4487));
#848=EDGE_LOOP('',(#4488,#4489,#4490,#4491));
#849=EDGE_LOOP('',(#4492,#4493,#4494,#4495));
#850=EDGE_LOOP('',(#4496,#4497,#4498,#4499));
#851=EDGE_LOOP('',(#4500,#4501,#4502,#4503));
#852=EDGE_LOOP('',(#4504,#4505,#4506,#4507));
#853=EDGE_LOOP('',(#4508,#4509,#4510,#4511));
#854=EDGE_LOOP('',(#4512,#4513,#4514,#4515));
#855=EDGE_LOOP('',(#4516,#4517,#4518,#4519));
#856=EDGE_LOOP('',(#4520,#4521,#4522,#4523,#4524,#4525,#4526,#4527,#4528,
#4529,#4530,#4531,#4532,#4533,#4534,#4535,#4536,#4537,#4538,#4539,#4540,
#4541,#4542,#4543,#4544,#4545,#4546,#4547,#4548,#4549,#4550,#4551,#4552,
#4553,#4554,#4555,#4556,#4557,#4558,#4559,#4560,#4561,#4562,#4563,#4564,
#4565,#4566,#4567,#4568,#4569,#4570,#4571,#4572,#4573,#4574,#4575,#4576,
#4577,#4578,#4579,#4580,#4581,#4582,#4583,#4584,#4585,#4586,#4587,#4588,
#4589,#4590,#4591));
#857=EDGE_LOOP('',(#4592));
#858=EDGE_LOOP('',(#4593,#4594,#4595,#4596));
#859=EDGE_LOOP('',(#4597,#4598,#4599,#4600));
#860=EDGE_LOOP('',(#4601,#4602,#4603,#4604));
#861=EDGE_LOOP('',(#4605,#4606,#4607,#4608));
#862=EDGE_LOOP('',(#4609,#4610,#4611,#4612));
#863=EDGE_LOOP('',(#4613,#4614,#4615,#4616));
#864=EDGE_LOOP('',(#4617,#4618,#4619,#4620));
#865=EDGE_LOOP('',(#4621,#4622,#4623,#4624));
#866=EDGE_LOOP('',(#4625,#4626,#4627,#4628));
#867=EDGE_LOOP('',(#4629,#4630,#4631,#4632));
#868=EDGE_LOOP('',(#4633,#4634,#4635,#4636));
#869=EDGE_LOOP('',(#4637,#4638,#4639,#4640));
#870=EDGE_LOOP('',(#4641,#4642,#4643,#4644));
#871=EDGE_LOOP('',(#4645,#4646,#4647,#4648));
#872=EDGE_LOOP('',(#4649,#4650,#4651,#4652));
#873=EDGE_LOOP('',(#4653,#4654,#4655,#4656));
#874=EDGE_LOOP('',(#4657,#4658,#4659,#4660));
#875=EDGE_LOOP('',(#4661,#4662,#4663,#4664));
#876=EDGE_LOOP('',(#4665,#4666,#4667,#4668));
#877=EDGE_LOOP('',(#4669,#4670,#4671,#4672));
#878=EDGE_LOOP('',(#4673,#4674,#4675,#4676));
#879=EDGE_LOOP('',(#4677,#4678,#4679,#4680));
#880=EDGE_LOOP('',(#4681,#4682,#4683,#4684));
#881=EDGE_LOOP('',(#4685,#4686,#4687,#4688));
#882=EDGE_LOOP('',(#4689,#4690,#4691,#4692));
#883=EDGE_LOOP('',(#4693,#4694,#4695,#4696));
#884=EDGE_LOOP('',(#4697,#4698,#4699,#4700));
#885=EDGE_LOOP('',(#4701,#4702,#4703,#4704));
#886=EDGE_LOOP('',(#4705,#4706,#4707,#4708));
#887=EDGE_LOOP('',(#4709,#4710,#4711,#4712));
#888=EDGE_LOOP('',(#4713,#4714,#4715,#4716));
#889=EDGE_LOOP('',(#4717,#4718,#4719,#4720));
#890=EDGE_LOOP('',(#4721,#4722,#4723,#4724));
#891=EDGE_LOOP('',(#4725,#4726,#4727,#4728));
#892=EDGE_LOOP('',(#4729,#4730,#4731,#4732));
#893=EDGE_LOOP('',(#4733,#4734,#4735,#4736));
#894=EDGE_LOOP('',(#4737,#4738,#4739,#4740));
#895=EDGE_LOOP('',(#4741,#4742,#4743,#4744));
#896=EDGE_LOOP('',(#4745,#4746,#4747,#4748));
#897=EDGE_LOOP('',(#4749,#4750,#4751,#4752));
#898=EDGE_LOOP('',(#4753,#4754,#4755,#4756));
#899=EDGE_LOOP('',(#4757,#4758,#4759,#4760));
#900=EDGE_LOOP('',(#4761,#4762,#4763,#4764));
#901=EDGE_LOOP('',(#4765,#4766,#4767,#4768));
#902=EDGE_LOOP('',(#4769,#4770,#4771,#4772));
#903=EDGE_LOOP('',(#4773,#4774,#4775,#4776));
#904=EDGE_LOOP('',(#4777,#4778,#4779,#4780));
#905=EDGE_LOOP('',(#4781,#4782,#4783,#4784));
#906=EDGE_LOOP('',(#4785,#4786,#4787,#4788));
#907=EDGE_LOOP('',(#4789,#4790,#4791,#4792));
#908=EDGE_LOOP('',(#4793,#4794,#4795,#4796));
#909=EDGE_LOOP('',(#4797,#4798,#4799,#4800));
#910=EDGE_LOOP('',(#4801,#4802,#4803,#4804));
#911=EDGE_LOOP('',(#4805,#4806,#4807,#4808));
#912=EDGE_LOOP('',(#4809,#4810,#4811,#4812));
#913=EDGE_LOOP('',(#4813,#4814,#4815,#4816));
#914=EDGE_LOOP('',(#4817,#4818,#4819,#4820));
#915=EDGE_LOOP('',(#4821,#4822,#4823,#4824));
#916=EDGE_LOOP('',(#4825,#4826,#4827,#4828));
#917=EDGE_LOOP('',(#4829,#4830,#4831,#4832));
#918=EDGE_LOOP('',(#4833,#4834,#4835,#4836));
#919=EDGE_LOOP('',(#4837,#4838,#4839,#4840));
#920=EDGE_LOOP('',(#4841,#4842,#4843,#4844));
#921=EDGE_LOOP('',(#4845,#4846,#4847,#4848));
#922=EDGE_LOOP('',(#4849,#4850,#4851,#4852));
#923=EDGE_LOOP('',(#4853,#4854,#4855,#4856));
#924=EDGE_LOOP('',(#4857,#4858,#4859,#4860));
#925=EDGE_LOOP('',(#4861,#4862,#4863,#4864,#4865,#4866,#4867,#4868));
#926=EDGE_LOOP('',(#4869));
#927=EDGE_LOOP('',(#4870,#4871,#4872,#4873));
#928=EDGE_LOOP('',(#4874,#4875,#4876,#4877,#4878,#4879,#4880,#4881));
#929=EDGE_LOOP('',(#4882));
#930=EDGE_LOOP('',(#4883,#4884,#4885,#4886));
#931=EDGE_LOOP('',(#4887,#4888,#4889,#4890));
#932=EDGE_LOOP('',(#4891,#4892,#4893,#4894));
#933=EDGE_LOOP('',(#4895,#4896,#4897,#4898));
#934=EDGE_LOOP('',(#4899,#4900,#4901,#4902));
#935=EDGE_LOOP('',(#4903,#4904,#4905,#4906));
#936=EDGE_LOOP('',(#4907,#4908,#4909,#4910));
#937=EDGE_LOOP('',(#4911,#4912,#4913,#4914,#4915,#4916,#4917,#4918));
#938=EDGE_LOOP('',(#4919));
#939=EDGE_LOOP('',(#4920,#4921,#4922,#4923));
#940=EDGE_LOOP('',(#4924,#4925,#4926,#4927,#4928,#4929,#4930,#4931));
#941=EDGE_LOOP('',(#4932));
#942=EDGE_LOOP('',(#4933,#4934,#4935,#4936));
#943=EDGE_LOOP('',(#4937,#4938,#4939,#4940));
#944=EDGE_LOOP('',(#4941,#4942,#4943,#4944));
#945=EDGE_LOOP('',(#4945,#4946,#4947,#4948));
#946=EDGE_LOOP('',(#4949,#4950,#4951,#4952));
#947=EDGE_LOOP('',(#4953,#4954,#4955,#4956));
#948=EDGE_LOOP('',(#4957,#4958,#4959,#4960));
#949=EDGE_LOOP('',(#4961,#4962,#4963,#4964,#4965,#4966,#4967,#4968));
#950=EDGE_LOOP('',(#4969));
#951=EDGE_LOOP('',(#4970,#4971,#4972,#4973));
#952=EDGE_LOOP('',(#4974,#4975,#4976,#4977,#4978,#4979,#4980,#4981));
#953=EDGE_LOOP('',(#4982));
#954=EDGE_LOOP('',(#4983,#4984,#4985,#4986));
#955=EDGE_LOOP('',(#4987,#4988,#4989,#4990));
#956=EDGE_LOOP('',(#4991,#4992,#4993,#4994));
#957=EDGE_LOOP('',(#4995,#4996,#4997,#4998));
#958=EDGE_LOOP('',(#4999,#5000,#5001,#5002));
#959=EDGE_LOOP('',(#5003,#5004,#5005,#5006));
#960=EDGE_LOOP('',(#5007,#5008,#5009,#5010));
#961=EDGE_LOOP('',(#5011,#5012,#5013,#5014,#5015,#5016,#5017,#5018));
#962=EDGE_LOOP('',(#5019));
#963=EDGE_LOOP('',(#5020,#5021,#5022,#5023));
#964=EDGE_LOOP('',(#5024,#5025,#5026,#5027,#5028,#5029,#5030,#5031));
#965=EDGE_LOOP('',(#5032));
#966=EDGE_LOOP('',(#5033,#5034,#5035,#5036));
#967=EDGE_LOOP('',(#5037,#5038,#5039,#5040));
#968=EDGE_LOOP('',(#5041,#5042,#5043,#5044));
#969=EDGE_LOOP('',(#5045,#5046,#5047,#5048));
#970=EDGE_LOOP('',(#5049,#5050,#5051,#5052));
#971=EDGE_LOOP('',(#5053,#5054,#5055,#5056));
#972=EDGE_LOOP('',(#5057));
#973=EDGE_LOOP('',(#5058,#5059));
#974=EDGE_LOOP('',(#5060));
#975=EDGE_LOOP('',(#5061));
#976=EDGE_LOOP('',(#5062));
#977=EDGE_LOOP('',(#5063,#5064,#5065,#5066));
#978=EDGE_LOOP('',(#5067,#5068,#5069,#5070));
#979=EDGE_LOOP('',(#5071,#5072,#5073,#5074));
#980=EDGE_LOOP('',(#5075,#5076,#5077,#5078));
#981=EDGE_LOOP('',(#5079,#5080,#5081,#5082));
#982=EDGE_LOOP('',(#5083,#5084,#5085,#5086));
#983=EDGE_LOOP('',(#5087));
#984=EDGE_LOOP('',(#5088,#5089,#5090,#5091));
#985=EDGE_LOOP('',(#5092));
#986=EDGE_LOOP('',(#5093,#5094));
#987=EDGE_LOOP('',(#5095,#5096));
#988=EDGE_LOOP('',(#5097,#5098,#5099,#5100));
#989=EDGE_LOOP('',(#5101,#5102,#5103,#5104));
#990=EDGE_LOOP('',(#5105,#5106,#5107,#5108));
#991=EDGE_LOOP('',(#5109,#5110));
#992=EDGE_LOOP('',(#5111));
#993=EDGE_LOOP('',(#5112));
#994=EDGE_LOOP('',(#5113));
#995=EDGE_LOOP('',(#5114));
#996=EDGE_LOOP('',(#5115,#5116,#5117,#5118,#5119));
#997=EDGE_LOOP('',(#5120,#5121,#5122,#5123,#5124,#5125));
#998=EDGE_LOOP('',(#5126));
#999=EDGE_LOOP('',(#5127));
#1000=EDGE_LOOP('',(#5128,#5129,#5130,#5131,#5132));
#1001=EDGE_LOOP('',(#5133));
#1002=EDGE_LOOP('',(#5134,#5135,#5136,#5137,#5138,#5139));
#1003=EDGE_LOOP('',(#5140,#5141,#5142,#5143));
#1004=EDGE_LOOP('',(#5144,#5145,#5146,#5147));
#1005=EDGE_LOOP('',(#5148,#5149,#5150,#5151));
#1006=EDGE_LOOP('',(#5152,#5153,#5154,#5155));
#1007=EDGE_LOOP('',(#5156,#5157,#5158,#5159));
#1008=EDGE_LOOP('',(#5160,#5161,#5162,#5163));
#1009=EDGE_LOOP('',(#5164,#5165,#5166,#5167,#5168,#5169));
#1010=EDGE_LOOP('',(#5170,#5171,#5172,#5173));
#1011=EDGE_LOOP('',(#5174));
#1012=EDGE_LOOP('',(#5175));
#1013=EDGE_LOOP('',(#5176,#5177,#5178,#5179,#5180));
#1014=EDGE_LOOP('',(#5181,#5182,#5183,#5184,#5185,#5186));
#1015=EDGE_LOOP('',(#5187));
#1016=EDGE_LOOP('',(#5188));
#1017=EDGE_LOOP('',(#5189,#5190,#5191,#5192,#5193));
#1018=EDGE_LOOP('',(#5194));
#1019=EDGE_LOOP('',(#5195,#5196,#5197,#5198,#5199,#5200));
#1020=EDGE_LOOP('',(#5201,#5202,#5203,#5204));
#1021=EDGE_LOOP('',(#5205,#5206,#5207,#5208));
#1022=EDGE_LOOP('',(#5209,#5210,#5211,#5212));
#1023=EDGE_LOOP('',(#5213,#5214,#5215,#5216));
#1024=EDGE_LOOP('',(#5217,#5218,#5219,#5220));
#1025=EDGE_LOOP('',(#5221,#5222,#5223,#5224));
#1026=EDGE_LOOP('',(#5225,#5226,#5227,#5228,#5229,#5230));
#1027=EDGE_LOOP('',(#5231,#5232,#5233,#5234));
#1028=CIRCLE('',#5770,2.);
#1029=CIRCLE('',#5773,45.);
#1030=CIRCLE('',#5774,45.);
#1031=CIRCLE('',#5780,42.5);
#1032=CIRCLE('',#5783,2.);
#1033=CIRCLE('',#5791,45.);
#1034=CIRCLE('',#5792,3.);
#1035=CIRCLE('',#5793,42.5);
#1036=CIRCLE('',#5794,42.5);
#1037=CIRCLE('',#5795,2.);
#1038=CIRCLE('',#5796,2.);
#1039=CIRCLE('',#5797,2.);
#1040=CIRCLE('',#5798,1.5);
#1041=CIRCLE('',#5800,42.5);
#1042=CIRCLE('',#5802,2.);
#1043=CIRCLE('',#5803,45.);
#1044=CIRCLE('',#5804,3.);
#1045=CIRCLE('',#5805,42.5);
#1046=CIRCLE('',#5806,42.5);
#1047=CIRCLE('',#5807,2.);
#1048=CIRCLE('',#5808,2.);
#1049=CIRCLE('',#5809,2.);
#1050=CIRCLE('',#5810,42.5);
#1051=CIRCLE('',#5811,1.5);
#1052=CIRCLE('',#5813,1.5);
#1053=CIRCLE('',#5815,1.5);
#1054=CIRCLE('',#5817,2.5);
#1055=CIRCLE('',#5819,3.);
#1056=CIRCLE('',#5820,42.5);
#1057=CIRCLE('',#5821,42.5);
#1058=CIRCLE('',#5822,2.);
#1059=CIRCLE('',#5823,2.);
#1060=CIRCLE('',#5824,2.);
#1061=CIRCLE('',#5825,1.5);
#1062=CIRCLE('',#5827,1.5);
#1063=CIRCLE('',#5829,2.5);
#1064=CIRCLE('',#5830,42.5);
#1065=CIRCLE('',#5831,2.);
#1066=CIRCLE('',#5832,2.);
#1067=CIRCLE('',#5833,2.);
#1068=CIRCLE('',#5834,42.5);
#1069=CIRCLE('',#5836,2.);
#1070=CIRCLE('',#5837,2.);
#1071=CIRCLE('',#5838,2.);
#1072=CIRCLE('',#5839,42.5);
#1073=CIRCLE('',#5841,2.5);
#1074=CIRCLE('',#5842,2.);
#1075=CIRCLE('',#5843,2.);
#1076=CIRCLE('',#5844,2.);
#1077=CIRCLE('',#5845,42.5);
#1078=CIRCLE('',#5848,2.);
#1079=CIRCLE('',#5851,45.);
#1080=CIRCLE('',#5852,45.);
#1081=CIRCLE('',#5859,3.);
#1082=CIRCLE('',#5860,42.5);
#1083=CIRCLE('',#5861,42.5);
#1084=CIRCLE('',#5862,2.);
#1085=CIRCLE('',#5863,2.);
#1086=CIRCLE('',#5864,2.);
#1087=CIRCLE('',#5865,1.5);
#1088=CIRCLE('',#5869,2.5);
#1089=CIRCLE('',#5877,42.5);
#1090=CIRCLE('',#5880,42.5);
#1091=CIRCLE('',#5882,42.5);
#1092=CIRCLE('',#5884,42.5);
#1093=CIRCLE('',#5906,2.);
#1094=CIRCLE('',#5909,2.);
#1095=CIRCLE('',#5912,42.5);
#1096=CIRCLE('',#5913,2.);
#1097=CIRCLE('',#5914,1.5);
#1098=CIRCLE('',#5920,2.);
#1099=CIRCLE('',#5921,2.);
#1100=CIRCLE('',#5923,2.);
#1101=CIRCLE('',#5924,45.);
#1102=CIRCLE('',#5925,3.);
#1103=CIRCLE('',#5926,42.5);
#1104=CIRCLE('',#5927,42.5);
#1105=CIRCLE('',#5928,2.);
#1106=CIRCLE('',#5929,2.);
#1107=CIRCLE('',#5930,1.5);
#1108=CIRCLE('',#5933,2.);
#1109=CIRCLE('',#5938,42.5);
#1110=CIRCLE('',#5940,1.5);
#1111=CIRCLE('',#5943,2.5);
#1112=CIRCLE('',#5946,42.5);
#1113=CIRCLE('',#5948,2.);
#1114=CIRCLE('',#5954,6.);
#1115=CIRCLE('',#5955,5.);
#1116=CIRCLE('',#5957,5.);
#1117=CIRCLE('',#5959,15.);
#1118=CIRCLE('',#5960,15.);
#1119=CIRCLE('',#5961,15.);
#1120=CIRCLE('',#5962,15.);
#1121=CIRCLE('',#5963,15.);
#1122=CIRCLE('',#5964,15.);
#1123=CIRCLE('',#5965,15.);
#1124=CIRCLE('',#5966,15.);
#1125=CIRCLE('',#5967,15.);
#1126=CIRCLE('',#5968,15.);
#1127=CIRCLE('',#5969,1.7);
#1128=CIRCLE('',#5970,1.7);
#1129=CIRCLE('',#5971,1.7);
#1130=CIRCLE('',#5973,1.5);
#1131=CIRCLE('',#5975,1.5);
#1132=CIRCLE('',#5977,1.5);
#1133=CIRCLE('',#5979,1.5);
#1134=CIRCLE('',#5981,1.5);
#1135=CIRCLE('',#5983,1.5);
#1136=CIRCLE('',#5985,3.);
#1137=CIRCLE('',#5988,15.);
#1138=CIRCLE('',#5995,3.);
#1139=CIRCLE('',#5997,45.);
#1140=CIRCLE('',#6000,15.);
#1141=CIRCLE('',#6003,3.);
#1142=CIRCLE('',#6005,45.);
#1143=CIRCLE('',#6010,15.);
#1144=CIRCLE('',#6013,15.);
#1145=CIRCLE('',#6018,3.);
#1146=CIRCLE('',#6022,3.);
#1147=CIRCLE('',#6025,45.);
#1148=CIRCLE('',#6027,15.);
#1149=CIRCLE('',#6034,42.5);
#1150=CIRCLE('',#6036,42.5);
#1151=CIRCLE('',#6038,42.5);
#1152=CIRCLE('',#6040,42.5);
#1153=CIRCLE('',#6042,42.5);
#1154=CIRCLE('',#6049,15.);
#1155=CIRCLE('',#6051,15.);
#1156=CIRCLE('',#6053,15.);
#1157=CIRCLE('',#6055,15.);
#1158=CIRCLE('',#6062,15.);
#1159=CIRCLE('',#6066,2.);
#1160=CIRCLE('',#6067,2.);
#1161=CIRCLE('',#6069,45.25);
#1162=CIRCLE('',#6070,45.25);
#1163=CIRCLE('',#6071,45.25);
#1164=CIRCLE('',#6072,45.25);
#1165=CIRCLE('',#6073,45.25);
#1166=CIRCLE('',#6074,45.25);
#1167=CIRCLE('',#6075,45.25);
#1168=CIRCLE('',#6076,45.25);
#1169=CIRCLE('',#6077,45.25);
#1170=CIRCLE('',#6078,45.25);
#1171=CIRCLE('',#6079,45.25);
#1172=CIRCLE('',#6080,45.25);
#1173=CIRCLE('',#6082,2.);
#1174=CIRCLE('',#6083,2.);
#1175=CIRCLE('',#6086,2.);
#1176=CIRCLE('',#6087,2.);
#1177=CIRCLE('',#6088,1.5);
#1178=CIRCLE('',#6091,2.);
#1179=CIRCLE('',#6092,2.);
#1180=CIRCLE('',#6093,1.5);
#1181=CIRCLE('',#6099,0.500000000000002);
#1182=CIRCLE('',#6100,48.5);
#1183=CIRCLE('',#6101,0.500000000000007);
#1184=CIRCLE('',#6102,47.5);
#1185=CIRCLE('',#6103,0.500000000000002);
#1186=CIRCLE('',#6104,48.5);
#1187=CIRCLE('',#6105,0.500000000000007);
#1188=CIRCLE('',#6106,47.5);
#1189=CIRCLE('',#6107,0.500000000000002);
#1190=CIRCLE('',#6108,48.5);
#1191=CIRCLE('',#6109,0.500000000000007);
#1192=CIRCLE('',#6110,47.5);
#1193=CIRCLE('',#6111,0.500000000000002);
#1194=CIRCLE('',#6112,48.5);
#1195=CIRCLE('',#6113,0.500000000000007);
#1196=CIRCLE('',#6114,47.5);
#1197=CIRCLE('',#6115,0.500000000000002);
#1198=CIRCLE('',#6116,48.5);
#1199=CIRCLE('',#6117,0.500000000000007);
#1200=CIRCLE('',#6118,47.5);
#1201=CIRCLE('',#6119,0.500000000000002);
#1202=CIRCLE('',#6120,48.5);
#1203=CIRCLE('',#6121,0.500000000000007);
#1204=CIRCLE('',#6122,47.5);
#1205=CIRCLE('',#6123,0.500000000000002);
#1206=CIRCLE('',#6124,48.5);
#1207=CIRCLE('',#6125,0.500000000000007);
#1208=CIRCLE('',#6126,47.5);
#1209=CIRCLE('',#6127,0.500000000000002);
#1210=CIRCLE('',#6128,48.5);
#1211=CIRCLE('',#6129,0.500000000000007);
#1212=CIRCLE('',#6130,47.5);
#1213=CIRCLE('',#6131,0.500000000000002);
#1214=CIRCLE('',#6132,48.5);
#1215=CIRCLE('',#6133,0.500000000000007);
#1216=CIRCLE('',#6134,47.5);
#1217=CIRCLE('',#6135,0.500000000000002);
#1218=CIRCLE('',#6136,48.5);
#1219=CIRCLE('',#6137,0.500000000000007);
#1220=CIRCLE('',#6138,47.5);
#1221=CIRCLE('',#6139,0.500000000000002);
#1222=CIRCLE('',#6140,48.5);
#1223=CIRCLE('',#6141,0.500000000000007);
#1224=CIRCLE('',#6142,47.5);
#1225=CIRCLE('',#6143,0.500000000000002);
#1226=CIRCLE('',#6144,48.5);
#1227=CIRCLE('',#6145,0.500000000000007);
#1228=CIRCLE('',#6146,47.5);
#1229=CIRCLE('',#6148,0.500000000000002);
#1230=CIRCLE('',#6150,48.5);
#1231=CIRCLE('',#6152,0.500000000000007);
#1232=CIRCLE('',#6156,47.5);
#1233=CIRCLE('',#6158,47.5);
#1234=CIRCLE('',#6161,0.500000000000007);
#1235=CIRCLE('',#6162,48.5);
#1236=CIRCLE('',#6163,0.500000000000002);
#1237=CIRCLE('',#6164,47.5);
#1238=CIRCLE('',#6165,0.500000000000007);
#1239=CIRCLE('',#6166,48.5);
#1240=CIRCLE('',#6167,0.500000000000002);
#1241=CIRCLE('',#6168,47.5);
#1242=CIRCLE('',#6169,0.500000000000007);
#1243=CIRCLE('',#6170,48.5);
#1244=CIRCLE('',#6171,0.500000000000002);
#1245=CIRCLE('',#6172,47.5);
#1246=CIRCLE('',#6173,0.500000000000007);
#1247=CIRCLE('',#6174,48.5);
#1248=CIRCLE('',#6175,0.500000000000002);
#1249=CIRCLE('',#6176,47.5);
#1250=CIRCLE('',#6177,0.500000000000007);
#1251=CIRCLE('',#6178,48.5);
#1252=CIRCLE('',#6179,0.500000000000002);
#1253=CIRCLE('',#6180,47.5);
#1254=CIRCLE('',#6181,0.500000000000007);
#1255=CIRCLE('',#6182,48.5);
#1256=CIRCLE('',#6183,0.500000000000002);
#1257=CIRCLE('',#6184,47.5);
#1258=CIRCLE('',#6185,0.500000000000007);
#1259=CIRCLE('',#6186,48.5);
#1260=CIRCLE('',#6187,0.500000000000002);
#1261=CIRCLE('',#6188,47.5);
#1262=CIRCLE('',#6189,0.500000000000007);
#1263=CIRCLE('',#6190,48.5);
#1264=CIRCLE('',#6191,0.500000000000002);
#1265=CIRCLE('',#6192,47.5);
#1266=CIRCLE('',#6193,0.500000000000007);
#1267=CIRCLE('',#6194,48.5);
#1268=CIRCLE('',#6195,0.500000000000002);
#1269=CIRCLE('',#6196,47.5);
#1270=CIRCLE('',#6197,0.500000000000007);
#1271=CIRCLE('',#6198,48.5);
#1272=CIRCLE('',#6199,0.500000000000002);
#1273=CIRCLE('',#6200,47.5);
#1274=CIRCLE('',#6201,0.500000000000007);
#1275=CIRCLE('',#6202,48.5);
#1276=CIRCLE('',#6203,0.500000000000002);
#1277=CIRCLE('',#6269,2.);
#1278=CIRCLE('',#6270,2.);
#1279=CIRCLE('',#6272,2.);
#1280=CIRCLE('',#6273,2.);
#1281=CIRCLE('',#6276,2.);
#1282=CIRCLE('',#6277,2.);
#1283=CIRCLE('',#6278,1.5);
#1284=CIRCLE('',#6281,2.);
#1285=CIRCLE('',#6282,2.);
#1286=CIRCLE('',#6283,1.5);
#1287=CIRCLE('',#6289,2.);
#1288=CIRCLE('',#6290,2.);
#1289=CIRCLE('',#6292,2.);
#1290=CIRCLE('',#6293,2.);
#1291=CIRCLE('',#6296,2.);
#1292=CIRCLE('',#6297,2.);
#1293=CIRCLE('',#6298,1.5);
#1294=CIRCLE('',#6301,2.);
#1295=CIRCLE('',#6302,2.);
#1296=CIRCLE('',#6303,1.5);
#1297=CIRCLE('',#6309,2.);
#1298=CIRCLE('',#6310,2.);
#1299=CIRCLE('',#6312,2.);
#1300=CIRCLE('',#6313,2.);
#1301=CIRCLE('',#6316,2.);
#1302=CIRCLE('',#6317,2.);
#1303=CIRCLE('',#6318,1.5);
#1304=CIRCLE('',#6321,2.);
#1305=CIRCLE('',#6322,2.);
#1306=CIRCLE('',#6323,1.5);
#1307=CIRCLE('',#6329,2.);
#1308=CIRCLE('',#6330,2.);
#1309=CIRCLE('',#6332,2.);
#1310=CIRCLE('',#6333,2.);
#1311=CIRCLE('',#6336,2.);
#1312=CIRCLE('',#6337,2.);
#1313=CIRCLE('',#6338,1.5);
#1314=CIRCLE('',#6341,2.);
#1315=CIRCLE('',#6342,2.);
#1316=CIRCLE('',#6343,1.5);
#1317=CIRCLE('',#6350,1.5);
#1318=CIRCLE('',#6351,1.5);
#1319=CIRCLE('',#6353,14.);
#1320=CIRCLE('',#6354,15.);
#1321=CIRCLE('',#6356,5.69783353784797);
#1322=CIRCLE('',#6357,1.5);
#1323=CIRCLE('',#6358,1.5);
#1324=CIRCLE('',#6359,1.5);
#1325=CIRCLE('',#6361,15.);
#1326=CIRCLE('',#6363,4.69783353784797);
#1327=CIRCLE('',#6366,4.69783353784797);
#1328=CIRCLE('',#6368,3.03764671911521);
#1329=CIRCLE('',#6369,3.03764671911521);
#1330=CIRCLE('',#6374,1.5);
#1331=CIRCLE('',#6376,1.5);
#1332=CIRCLE('',#6378,1.5);
#1333=CIRCLE('',#6383,2.5);
#1334=CIRCLE('',#6384,0.2);
#1335=CIRCLE('',#6385,2.3);
#1336=CIRCLE('',#6386,2.5);
#1337=CIRCLE('',#6388,2.5);
#1338=CIRCLE('',#6389,2.5);
#1339=CIRCLE('',#6391,1.5);
#1340=CIRCLE('',#6393,2.3);
#1341=CIRCLE('',#6394,0.2);
#1342=CIRCLE('',#6404,1.5);
#1343=CIRCLE('',#6408,1.5);
#1344=CIRCLE('',#6410,2.5);
#1345=CIRCLE('',#6411,0.2);
#1346=CIRCLE('',#6412,2.3);
#1347=CIRCLE('',#6413,2.5);
#1348=CIRCLE('',#6415,2.5);
#1349=CIRCLE('',#6416,2.5);
#1350=CIRCLE('',#6418,1.5);
#1351=CIRCLE('',#6420,2.3);
#1352=CIRCLE('',#6421,0.2);
#1353=LINE('',#8206,#1758);
#1354=LINE('',#8209,#1759);
#1355=LINE('',#8216,#1760);
#1356=LINE('',#8220,#1761);
#1357=LINE('',#8227,#1762);
#1358=LINE('',#8230,#1763);
#1359=LINE('',#8233,#1764);
#1360=LINE('',#8239,#1765);
#1361=LINE('',#8242,#1766);
#1362=LINE('',#8245,#1767);
#1363=LINE('',#8253,#1768);
#1364=LINE('',#8257,#1769);
#1365=LINE('',#8259,#1770);
#1366=LINE('',#8260,#1771);
#1367=LINE('',#8273,#1772);
#1368=LINE('',#8277,#1773);
#1369=LINE('',#8280,#1774);
#1370=LINE('',#8286,#1775);
#1371=LINE('',#8302,#1776);
#1372=LINE('',#8306,#1777);
#1373=LINE('',#8310,#1778);
#1374=LINE('',#8313,#1779);
#1375=LINE('',#8319,#1780);
#1376=LINE('',#8323,#1781);
#1377=LINE('',#8327,#1782);
#1378=LINE('',#8338,#1783);
#1379=LINE('',#8342,#1784);
#1380=LINE('',#8345,#1785);
#1381=LINE('',#8351,#1786);
#1382=LINE('',#8359,#1787);
#1383=LINE('',#8363,#1788);
#1384=LINE('',#8367,#1789);
#1385=LINE('',#8373,#1790);
#1386=LINE('',#8377,#1791);
#1387=LINE('',#8381,#1792);
#1388=LINE('',#8389,#1793);
#1389=LINE('',#8393,#1794);
#1390=LINE('',#8397,#1795);
#1391=LINE('',#8406,#1796);
#1392=LINE('',#8409,#1797);
#1393=LINE('',#8416,#1798);
#1394=LINE('',#8420,#1799);
#1395=LINE('',#8422,#1800);
#1396=LINE('',#8439,#1801);
#1397=LINE('',#8450,#1802);
#1398=LINE('',#8454,#1803);
#1399=LINE('',#8458,#1804);
#1400=LINE('',#8459,#1805);
#1401=LINE('',#8464,#1806);
#1402=LINE('',#8466,#1807);
#1403=LINE('',#8470,#1808);
#1404=LINE('',#8473,#1809);
#1405=LINE('',#8475,#1810);
#1406=LINE('',#8480,#1811);
#1407=LINE('',#8486,#1812);
#1408=LINE('',#8489,#1813);
#1409=LINE('',#8491,#1814);
#1410=LINE('',#8494,#1815);
#1411=LINE('',#8495,#1816);
#1412=LINE('',#8497,#1817);
#1413=LINE('',#8499,#1818);
#1414=LINE('',#8504,#1819);
#1415=LINE('',#8505,#1820);
#1416=LINE('',#8507,#1821);
#1417=LINE('',#8509,#1822);
#1418=LINE('',#8512,#1823);
#1419=LINE('',#8513,#1824);
#1420=LINE('',#8516,#1825);
#1421=LINE('',#8518,#1826);
#1422=LINE('',#8520,#1827);
#1423=LINE('',#8521,#1828);
#1424=LINE('',#8524,#1829);
#1425=LINE('',#8527,#1830);
#1426=LINE('',#8529,#1831);
#1427=LINE('',#8531,#1832);
#1428=LINE('',#8532,#1833);
#1429=LINE('',#8535,#1834);
#1430=LINE('',#8538,#1835);
#1431=LINE('',#8540,#1836);
#1432=LINE('',#8542,#1837);
#1433=LINE('',#8543,#1838);
#1434=LINE('',#8546,#1839);
#1435=LINE('',#8551,#1840);
#1436=LINE('',#8554,#1841);
#1437=LINE('',#8555,#1842);
#1438=LINE('',#8560,#1843);
#1439=LINE('',#8561,#1844);
#1440=LINE('',#8564,#1845);
#1441=LINE('',#8565,#1846);
#1442=LINE('',#8568,#1847);
#1443=LINE('',#8573,#1848);
#1444=LINE('',#8575,#1849);
#1445=LINE('',#8583,#1850);
#1446=LINE('',#8586,#1851);
#1447=LINE('',#8589,#1852);
#1448=LINE('',#8591,#1853);
#1449=LINE('',#8605,#1854);
#1450=LINE('',#8608,#1855);
#1451=LINE('',#8613,#1856);
#1452=LINE('',#8614,#1857);
#1453=LINE('',#8619,#1858);
#1454=LINE('',#8620,#1859);
#1455=LINE('',#8623,#1860);
#1456=LINE('',#8624,#1861);
#1457=LINE('',#8627,#1862);
#1458=LINE('',#8628,#1863);
#1459=LINE('',#8631,#1864);
#1460=LINE('',#8635,#1865);
#1461=LINE('',#8640,#1866);
#1462=LINE('',#8645,#1867);
#1463=LINE('',#8656,#1868);
#1464=LINE('',#8657,#1869);
#1465=LINE('',#8659,#1870);
#1466=LINE('',#8665,#1871);
#1467=LINE('',#8670,#1872);
#1468=LINE('',#8700,#1873);
#1469=LINE('',#8704,#1874);
#1470=LINE('',#8708,#1875);
#1471=LINE('',#8712,#1876);
#1472=LINE('',#8716,#1877);
#1473=LINE('',#8720,#1878);
#1474=LINE('',#8725,#1879);
#1475=LINE('',#8740,#1880);
#1476=LINE('',#8753,#1881);
#1477=LINE('',#8756,#1882);
#1478=LINE('',#8773,#1883);
#1479=LINE('',#8787,#1884);
#1480=LINE('',#8805,#1885);
#1481=LINE('',#8847,#1886);
#1482=LINE('',#8865,#1887);
#1483=LINE('',#8928,#1888);
#1484=LINE('',#8931,#1889);
#1485=LINE('',#8948,#1890);
#1486=LINE('',#8961,#1891);
#1487=LINE('',#8964,#1892);
#1488=LINE('',#8985,#1893);
#1489=LINE('',#9019,#1894);
#1490=LINE('',#9022,#1895);
#1491=LINE('',#9052,#1896);
#1492=LINE('',#9098,#1897);
#1493=LINE('',#9111,#1898);
#1494=LINE('',#9114,#1899);
#1495=LINE('',#9132,#1900);
#1496=LINE('',#9145,#1901);
#1497=LINE('',#9148,#1902);
#1498=LINE('',#9175,#1903);
#1499=LINE('',#9193,#1904);
#1500=LINE('',#9253,#1905);
#1501=LINE('',#9271,#1906);
#1502=LINE('',#9297,#1907);
#1503=LINE('',#9315,#1908);
#1504=LINE('',#9380,#1909);
#1505=LINE('',#9435,#1910);
#1506=LINE('',#9835,#1911);
#1507=LINE('',#9846,#1912);
#1508=LINE('',#9849,#1913);
#1509=LINE('',#9854,#1914);
#1510=LINE('',#9858,#1915);
#1511=LINE('',#9862,#1916);
#1512=LINE('',#9866,#1917);
#1513=LINE('',#9870,#1918);
#1514=LINE('',#9874,#1919);
#1515=LINE('',#9878,#1920);
#1516=LINE('',#9882,#1921);
#1517=LINE('',#9886,#1922);
#1518=LINE('',#9892,#1923);
#1519=LINE('',#9897,#1924);
#1520=LINE('',#9901,#1925);
#1521=LINE('',#9903,#1926);
#1522=LINE('',#9904,#1927);
#1523=LINE('',#9907,#1928);
#1524=LINE('',#9911,#1929);
#1525=LINE('',#9917,#1930);
#1526=LINE('',#9918,#1931);
#1527=LINE('',#9923,#1932);
#1528=LINE('',#9928,#1933);
#1529=LINE('',#9930,#1934);
#1530=LINE('',#9932,#1935);
#1531=LINE('',#9937,#1936);
#1532=LINE('',#9945,#1937);
#1533=LINE('',#9949,#1938);
#1534=LINE('',#9957,#1939);
#1535=LINE('',#9961,#1940);
#1536=LINE('',#9969,#1941);
#1537=LINE('',#9973,#1942);
#1538=LINE('',#9981,#1943);
#1539=LINE('',#9985,#1944);
#1540=LINE('',#9993,#1945);
#1541=LINE('',#9997,#1946);
#1542=LINE('',#10005,#1947);
#1543=LINE('',#10009,#1948);
#1544=LINE('',#10017,#1949);
#1545=LINE('',#10021,#1950);
#1546=LINE('',#10029,#1951);
#1547=LINE('',#10033,#1952);
#1548=LINE('',#10041,#1953);
#1549=LINE('',#10045,#1954);
#1550=LINE('',#10053,#1955);
#1551=LINE('',#10057,#1956);
#1552=LINE('',#10065,#1957);
#1553=LINE('',#10069,#1958);
#1554=LINE('',#10077,#1959);
#1555=LINE('',#10083,#1960);
#1556=LINE('',#10084,#1961);
#1557=LINE('',#10088,#1962);
#1558=LINE('',#10092,#1963);
#1559=LINE('',#10095,#1964);
#1560=LINE('',#10096,#1965);
#1561=LINE('',#10099,#1966);
#1562=LINE('',#10100,#1967);
#1563=LINE('',#10104,#1968);
#1564=LINE('',#10107,#1969);
#1565=LINE('',#10111,#1970);
#1566=LINE('',#10113,#1971);
#1567=LINE('',#10114,#1972);
#1568=LINE('',#10117,#1973);
#1569=LINE('',#10125,#1974);
#1570=LINE('',#10129,#1975);
#1571=LINE('',#10137,#1976);
#1572=LINE('',#10141,#1977);
#1573=LINE('',#10150,#1978);
#1574=LINE('',#10158,#1979);
#1575=LINE('',#10162,#1980);
#1576=LINE('',#10170,#1981);
#1577=LINE('',#10174,#1982);
#1578=LINE('',#10182,#1983);
#1579=LINE('',#10186,#1984);
#1580=LINE('',#10194,#1985);
#1581=LINE('',#10198,#1986);
#1582=LINE('',#10206,#1987);
#1583=LINE('',#10210,#1988);
#1584=LINE('',#10218,#1989);
#1585=LINE('',#10222,#1990);
#1586=LINE('',#10230,#1991);
#1587=LINE('',#10234,#1992);
#1588=LINE('',#10241,#1993);
#1589=LINE('',#10243,#1994);
#1590=LINE('',#10244,#1995);
#1591=LINE('',#10246,#1996);
#1592=LINE('',#10248,#1997);
#1593=LINE('',#10250,#1998);
#1594=LINE('',#10253,#1999);
#1595=LINE('',#10255,#2000);
#1596=LINE('',#10256,#2001);
#1597=LINE('',#10258,#2002);
#1598=LINE('',#10259,#2003);
#1599=LINE('',#10261,#2004);
#1600=LINE('',#10263,#2005);
#1601=LINE('',#10265,#2006);
#1602=LINE('',#10268,#2007);
#1603=LINE('',#10270,#2008);
#1604=LINE('',#10271,#2009);
#1605=LINE('',#10273,#2010);
#1606=LINE('',#10275,#2011);
#1607=LINE('',#10277,#2012);
#1608=LINE('',#10280,#2013);
#1609=LINE('',#10282,#2014);
#1610=LINE('',#10283,#2015);
#1611=LINE('',#10285,#2016);
#1612=LINE('',#10287,#2017);
#1613=LINE('',#10289,#2018);
#1614=LINE('',#10292,#2019);
#1615=LINE('',#10294,#2020);
#1616=LINE('',#10295,#2021);
#1617=LINE('',#10297,#2022);
#1618=LINE('',#10299,#2023);
#1619=LINE('',#10301,#2024);
#1620=LINE('',#10304,#2025);
#1621=LINE('',#10306,#2026);
#1622=LINE('',#10307,#2027);
#1623=LINE('',#10309,#2028);
#1624=LINE('',#10311,#2029);
#1625=LINE('',#10313,#2030);
#1626=LINE('',#10316,#2031);
#1627=LINE('',#10318,#2032);
#1628=LINE('',#10319,#2033);
#1629=LINE('',#10321,#2034);
#1630=LINE('',#10323,#2035);
#1631=LINE('',#10325,#2036);
#1632=LINE('',#10328,#2037);
#1633=LINE('',#10330,#2038);
#1634=LINE('',#10331,#2039);
#1635=LINE('',#10333,#2040);
#1636=LINE('',#10335,#2041);
#1637=LINE('',#10337,#2042);
#1638=LINE('',#10340,#2043);
#1639=LINE('',#10342,#2044);
#1640=LINE('',#10344,#2045);
#1641=LINE('',#10346,#2046);
#1642=LINE('',#10348,#2047);
#1643=LINE('',#10351,#2048);
#1644=LINE('',#10353,#2049);
#1645=LINE('',#10355,#2050);
#1646=LINE('',#10357,#2051);
#1647=LINE('',#10359,#2052);
#1648=LINE('',#10362,#2053);
#1649=LINE('',#10364,#2054);
#1650=LINE('',#10366,#2055);
#1651=LINE('',#10373,#2056);
#1652=LINE('',#10378,#2057);
#1653=LINE('',#10382,#2058);
#1654=LINE('',#10384,#2059);
#1655=LINE('',#10385,#2060);
#1656=LINE('',#10388,#2061);
#1657=LINE('',#10392,#2062);
#1658=LINE('',#10398,#2063);
#1659=LINE('',#10399,#2064);
#1660=LINE('',#10404,#2065);
#1661=LINE('',#10409,#2066);
#1662=LINE('',#10411,#2067);
#1663=LINE('',#10413,#2068);
#1664=LINE('',#10420,#2069);
#1665=LINE('',#10425,#2070);
#1666=LINE('',#10429,#2071);
#1667=LINE('',#10431,#2072);
#1668=LINE('',#10432,#2073);
#1669=LINE('',#10435,#2074);
#1670=LINE('',#10439,#2075);
#1671=LINE('',#10445,#2076);
#1672=LINE('',#10446,#2077);
#1673=LINE('',#10451,#2078);
#1674=LINE('',#10456,#2079);
#1675=LINE('',#10458,#2080);
#1676=LINE('',#10460,#2081);
#1677=LINE('',#10467,#2082);
#1678=LINE('',#10472,#2083);
#1679=LINE('',#10476,#2084);
#1680=LINE('',#10478,#2085);
#1681=LINE('',#10479,#2086);
#1682=LINE('',#10482,#2087);
#1683=LINE('',#10486,#2088);
#1684=LINE('',#10492,#2089);
#1685=LINE('',#10493,#2090);
#1686=LINE('',#10498,#2091);
#1687=LINE('',#10503,#2092);
#1688=LINE('',#10505,#2093);
#1689=LINE('',#10507,#2094);
#1690=LINE('',#10514,#2095);
#1691=LINE('',#10519,#2096);
#1692=LINE('',#10523,#2097);
#1693=LINE('',#10525,#2098);
#1694=LINE('',#10526,#2099);
#1695=LINE('',#10529,#2100);
#1696=LINE('',#10533,#2101);
#1697=LINE('',#10539,#2102);
#1698=LINE('',#10540,#2103);
#1699=LINE('',#10545,#2104);
#1700=LINE('',#10550,#2105);
#1701=LINE('',#10552,#2106);
#1702=LINE('',#10554,#2107);
#1703=LINE('',#10561,#2108);
#1704=LINE('',#10567,#2109);
#1705=LINE('',#10573,#2110);
#1706=LINE('',#10582,#2111);
#1707=LINE('',#10597,#2112);
#1708=LINE('',#10600,#2113);
#1709=LINE('',#10603,#2114);
#1710=LINE('',#10609,#2115);
#1711=LINE('',#10612,#2116);
#1712=LINE('',#10614,#2117);
#1713=LINE('',#10615,#2118);
#1714=LINE('',#10617,#2119);
#1715=LINE('',#10621,#2120);
#1716=LINE('',#10625,#2121);
#1717=LINE('',#10629,#2122);
#1718=LINE('',#10646,#2123);
#1719=LINE('',#10658,#2124);
#1720=LINE('',#10660,#2125);
#1721=LINE('',#10662,#2126);
#1722=LINE('',#10664,#2127);
#1723=LINE('',#10666,#2128);
#1724=LINE('',#10667,#2129);
#1725=LINE('',#10670,#2130);
#1726=LINE('',#10672,#2131);
#1727=LINE('',#10673,#2132);
#1728=LINE('',#10676,#2133);
#1729=LINE('',#10677,#2134);
#1730=LINE('',#10680,#2135);
#1731=LINE('',#10681,#2136);
#1732=LINE('',#10684,#2137);
#1733=LINE('',#10685,#2138);
#1734=LINE('',#10688,#2139);
#1735=LINE('',#10689,#2140);
#1736=LINE('',#10691,#2141);
#1737=LINE('',#10696,#2142);
#1738=LINE('',#10714,#2143);
#1739=LINE('',#10726,#2144);
#1740=LINE('',#10728,#2145);
#1741=LINE('',#10730,#2146);
#1742=LINE('',#10732,#2147);
#1743=LINE('',#10734,#2148);
#1744=LINE('',#10735,#2149);
#1745=LINE('',#10738,#2150);
#1746=LINE('',#10740,#2151);
#1747=LINE('',#10741,#2152);
#1748=LINE('',#10744,#2153);
#1749=LINE('',#10745,#2154);
#1750=LINE('',#10748,#2155);
#1751=LINE('',#10749,#2156);
#1752=LINE('',#10752,#2157);
#1753=LINE('',#10753,#2158);
#1754=LINE('',#10756,#2159);
#1755=LINE('',#10757,#2160);
#1756=LINE('',#10759,#2161);
#1757=LINE('',#10762,#2162);
#1758=VECTOR('',#6450,2.);
#1759=VECTOR('',#6453,2.);
#1760=VECTOR('',#6460,3.);
#1761=VECTOR('',#6465,10.);
#1762=VECTOR('',#6472,10.);
#1763=VECTOR('',#6475,10.);
#1764=VECTOR('',#6478,10.);
#1765=VECTOR('',#6483,2.);
#1766=VECTOR('',#6486,2.);
#1767=VECTOR('',#6489,10.);
#1768=VECTOR('',#6496,10.);
#1769=VECTOR('',#6501,10.);
#1770=VECTOR('',#6502,10.);
#1771=VECTOR('',#6503,10.);
#1772=VECTOR('',#6516,10.);
#1773=VECTOR('',#6519,10.);
#1774=VECTOR('',#6522,10.);
#1775=VECTOR('',#6529,10.);
#1776=VECTOR('',#6544,10.);
#1777=VECTOR('',#6547,10.);
#1778=VECTOR('',#6550,10.);
#1779=VECTOR('',#6553,10.);
#1780=VECTOR('',#6560,1.5);
#1781=VECTOR('',#6565,1.5);
#1782=VECTOR('',#6570,10.);
#1783=VECTOR('',#6581,10.);
#1784=VECTOR('',#6584,10.);
#1785=VECTOR('',#6587,10.);
#1786=VECTOR('',#6594,1.5);
#1787=VECTOR('',#6601,10.);
#1788=VECTOR('',#6604,10.);
#1789=VECTOR('',#6607,10.);
#1790=VECTOR('',#6614,10.);
#1791=VECTOR('',#6617,10.);
#1792=VECTOR('',#6620,10.);
#1793=VECTOR('',#6629,10.);
#1794=VECTOR('',#6632,10.);
#1795=VECTOR('',#6635,10.);
#1796=VECTOR('',#6644,10.);
#1797=VECTOR('',#6647,10.);
#1798=VECTOR('',#6654,3.);
#1799=VECTOR('',#6659,10.);
#1800=VECTOR('',#6660,10.);
#1801=VECTOR('',#6669,10.);
#1802=VECTOR('',#6680,10.);
#1803=VECTOR('',#6683,10.);
#1804=VECTOR('',#6686,10.);
#1805=VECTOR('',#6687,10.);
#1806=VECTOR('',#6692,10.);
#1807=VECTOR('',#6693,10.);
#1808=VECTOR('',#6698,10.);
#1809=VECTOR('',#6701,10.);
#1810=VECTOR('',#6704,10.);
#1811=VECTOR('',#6709,10.);
#1812=VECTOR('',#6714,10.);
#1813=VECTOR('',#6719,10.);
#1814=VECTOR('',#6720,10.);
#1815=VECTOR('',#6725,10.);
#1816=VECTOR('',#6726,10.);
#1817=VECTOR('',#6729,10.);
#1818=VECTOR('',#6730,10.);
#1819=VECTOR('',#6737,10.);
#1820=VECTOR('',#6738,10.);
#1821=VECTOR('',#6741,10.);
#1822=VECTOR('',#6742,10.);
#1823=VECTOR('',#6747,10.);
#1824=VECTOR('',#6748,10.);
#1825=VECTOR('',#6753,10.);
#1826=VECTOR('',#6756,10.);
#1827=VECTOR('',#6759,10.);
#1828=VECTOR('',#6760,10.);
#1829=VECTOR('',#6765,10.);
#1830=VECTOR('',#6770,10.);
#1831=VECTOR('',#6773,10.);
#1832=VECTOR('',#6776,10.);
#1833=VECTOR('',#6777,10.);
#1834=VECTOR('',#6782,10.);
#1835=VECTOR('',#6787,10.);
#1836=VECTOR('',#6790,10.);
#1837=VECTOR('',#6793,10.);
#1838=VECTOR('',#6794,10.);
#1839=VECTOR('',#6799,10.);
#1840=VECTOR('',#6806,10.);
#1841=VECTOR('',#6809,10.);
#1842=VECTOR('',#6810,10.);
#1843=VECTOR('',#6815,10.);
#1844=VECTOR('',#6816,10.);
#1845=VECTOR('',#6819,10.);
#1846=VECTOR('',#6820,10.);
#1847=VECTOR('',#6825,10.);
#1848=VECTOR('',#6832,1.5);
#1849=VECTOR('',#6835,10.);
#1850=VECTOR('',#6844,10.);
#1851=VECTOR('',#6847,10.);
#1852=VECTOR('',#6850,10.);
#1853=VECTOR('',#6851,10.);
#1854=VECTOR('',#6864,10.);
#1855=VECTOR('',#6867,10.);
#1856=VECTOR('',#6872,10.);
#1857=VECTOR('',#6873,10.);
#1858=VECTOR('',#6878,10.);
#1859=VECTOR('',#6879,10.);
#1860=VECTOR('',#6882,10.);
#1861=VECTOR('',#6883,10.);
#1862=VECTOR('',#6886,10.);
#1863=VECTOR('',#6887,10.);
#1864=VECTOR('',#6890,10.);
#1865=VECTOR('',#6893,10.);
#1866=VECTOR('',#6900,1.5);
#1867=VECTOR('',#6905,10.);
#1868=VECTOR('',#6922,10.);
#1869=VECTOR('',#6923,10.);
#1870=VECTOR('',#6926,10.);
#1871=VECTOR('',#6933,5.5);
#1872=VECTOR('',#6940,5.);
#1873=VECTOR('',#6971,1.6);
#1874=VECTOR('',#6976,1.5);
#1875=VECTOR('',#6981,1.6);
#1876=VECTOR('',#6986,1.5);
#1877=VECTOR('',#6991,1.6);
#1878=VECTOR('',#6996,1.5);
#1879=VECTOR('',#7003,10.);
#1880=VECTOR('',#7006,10.);
#1881=VECTOR('',#7007,10.);
#1882=VECTOR('',#7010,10.);
#1883=VECTOR('',#7015,10.);
#1884=VECTOR('',#7016,10.);
#1885=VECTOR('',#7019,10.);
#1886=VECTOR('',#7022,10.);
#1887=VECTOR('',#7025,10.);
#1888=VECTOR('',#7030,3.);
#1889=VECTOR('',#7033,10.);
#1890=VECTOR('',#7040,10.);
#1891=VECTOR('',#7041,10.);
#1892=VECTOR('',#7044,10.);
#1893=VECTOR('',#7049,10.);
#1894=VECTOR('',#7052,3.);
#1895=VECTOR('',#7055,10.);
#1896=VECTOR('',#7062,10.);
#1897=VECTOR('',#7067,10.);
#1898=VECTOR('',#7068,10.);
#1899=VECTOR('',#7071,10.);
#1900=VECTOR('',#7076,10.);
#1901=VECTOR('',#7077,10.);
#1902=VECTOR('',#7080,10.);
#1903=VECTOR('',#7085,10.);
#1904=VECTOR('',#7088,10.);
#1905=VECTOR('',#7095,10.);
#1906=VECTOR('',#7098,10.);
#1907=VECTOR('',#7103,10.);
#1908=VECTOR('',#7106,10.);
#1909=VECTOR('',#7119,10.);
#1910=VECTOR('',#7128,10.);
#1911=VECTOR('',#7183,10.);
#1912=VECTOR('',#7198,10.);
#1913=VECTOR('',#7201,10.);
#1914=VECTOR('',#7206,45.25);
#1915=VECTOR('',#7209,10.);
#1916=VECTOR('',#7212,10.);
#1917=VECTOR('',#7215,10.);
#1918=VECTOR('',#7218,10.);
#1919=VECTOR('',#7221,10.);
#1920=VECTOR('',#7224,10.);
#1921=VECTOR('',#7227,10.);
#1922=VECTOR('',#7230,10.);
#1923=VECTOR('',#7237,10.);
#1924=VECTOR('',#7242,10.);
#1925=VECTOR('',#7247,10.);
#1926=VECTOR('',#7248,10.);
#1927=VECTOR('',#7249,10.);
#1928=VECTOR('',#7252,10.);
#1929=VECTOR('',#7255,10.);
#1930=VECTOR('',#7262,10.);
#1931=VECTOR('',#7263,10.);
#1932=VECTOR('',#7268,10.);
#1933=VECTOR('',#7275,10.);
#1934=VECTOR('',#7278,10.);
#1935=VECTOR('',#7281,1.5);
#1936=VECTOR('',#7286,10.);
#1937=VECTOR('',#7293,10.);
#1938=VECTOR('',#7296,10.);
#1939=VECTOR('',#7303,10.);
#1940=VECTOR('',#7306,10.);
#1941=VECTOR('',#7313,10.);
#1942=VECTOR('',#7316,10.);
#1943=VECTOR('',#7323,10.);
#1944=VECTOR('',#7326,10.);
#1945=VECTOR('',#7333,10.);
#1946=VECTOR('',#7336,10.);
#1947=VECTOR('',#7343,10.);
#1948=VECTOR('',#7346,10.);
#1949=VECTOR('',#7353,10.);
#1950=VECTOR('',#7356,10.);
#1951=VECTOR('',#7363,10.);
#1952=VECTOR('',#7366,10.);
#1953=VECTOR('',#7373,10.);
#1954=VECTOR('',#7376,10.);
#1955=VECTOR('',#7383,10.);
#1956=VECTOR('',#7386,10.);
#1957=VECTOR('',#7393,10.);
#1958=VECTOR('',#7396,10.);
#1959=VECTOR('',#7403,10.);
#1960=VECTOR('',#7410,0.5);
#1961=VECTOR('',#7411,10.);
#1962=VECTOR('',#7416,0.5);
#1963=VECTOR('',#7421,10.);
#1964=VECTOR('',#7424,10.);
#1965=VECTOR('',#7425,10.);
#1966=VECTOR('',#7428,10.);
#1967=VECTOR('',#7429,10.);
#1968=VECTOR('',#7434,10.);
#1969=VECTOR('',#7437,10.);
#1970=VECTOR('',#7442,10.);
#1971=VECTOR('',#7443,10.);
#1972=VECTOR('',#7444,10.);
#1973=VECTOR('',#7447,10.);
#1974=VECTOR('',#7454,10.);
#1975=VECTOR('',#7457,10.);
#1976=VECTOR('',#7464,10.);
#1977=VECTOR('',#7467,10.);
#1978=VECTOR('',#7476,10.);
#1979=VECTOR('',#7483,10.);
#1980=VECTOR('',#7486,10.);
#1981=VECTOR('',#7493,10.);
#1982=VECTOR('',#7496,10.);
#1983=VECTOR('',#7503,10.);
#1984=VECTOR('',#7506,10.);
#1985=VECTOR('',#7513,10.);
#1986=VECTOR('',#7516,10.);
#1987=VECTOR('',#7523,10.);
#1988=VECTOR('',#7526,10.);
#1989=VECTOR('',#7533,10.);
#1990=VECTOR('',#7536,10.);
#1991=VECTOR('',#7543,10.);
#1992=VECTOR('',#7546,10.);
#1993=VECTOR('',#7553,10.);
#1994=VECTOR('',#7556,0.5);
#1995=VECTOR('',#7557,10.);
#1996=VECTOR('',#7560,0.5);
#1997=VECTOR('',#7563,10.);
#1998=VECTOR('',#7566,10.);
#1999=VECTOR('',#7571,10.);
#2000=VECTOR('',#7574,10.);
#2001=VECTOR('',#7575,10.);
#2002=VECTOR('',#7578,0.5);
#2003=VECTOR('',#7579,10.);
#2004=VECTOR('',#7582,0.5);
#2005=VECTOR('',#7585,10.);
#2006=VECTOR('',#7588,10.);
#2007=VECTOR('',#7593,10.);
#2008=VECTOR('',#7596,10.);
#2009=VECTOR('',#7597,10.);
#2010=VECTOR('',#7600,0.5);
#2011=VECTOR('',#7603,0.5);
#2012=VECTOR('',#7606,10.);
#2013=VECTOR('',#7611,10.);
#2014=VECTOR('',#7614,10.);
#2015=VECTOR('',#7615,10.);
#2016=VECTOR('',#7618,0.5);
#2017=VECTOR('',#7621,0.5);
#2018=VECTOR('',#7624,10.);
#2019=VECTOR('',#7629,10.);
#2020=VECTOR('',#7632,10.);
#2021=VECTOR('',#7633,10.);
#2022=VECTOR('',#7636,0.5);
#2023=VECTOR('',#7639,0.5);
#2024=VECTOR('',#7642,10.);
#2025=VECTOR('',#7647,10.);
#2026=VECTOR('',#7650,10.);
#2027=VECTOR('',#7651,10.);
#2028=VECTOR('',#7654,0.5);
#2029=VECTOR('',#7657,0.5);
#2030=VECTOR('',#7660,10.);
#2031=VECTOR('',#7665,10.);
#2032=VECTOR('',#7668,10.);
#2033=VECTOR('',#7669,10.);
#2034=VECTOR('',#7672,0.5);
#2035=VECTOR('',#7675,0.5);
#2036=VECTOR('',#7678,10.);
#2037=VECTOR('',#7683,10.);
#2038=VECTOR('',#7686,10.);
#2039=VECTOR('',#7687,10.);
#2040=VECTOR('',#7690,0.5);
#2041=VECTOR('',#7693,0.5);
#2042=VECTOR('',#7696,10.);
#2043=VECTOR('',#7701,10.);
#2044=VECTOR('',#7704,10.);
#2045=VECTOR('',#7707,0.5);
#2046=VECTOR('',#7710,0.5);
#2047=VECTOR('',#7713,10.);
#2048=VECTOR('',#7718,0.5);
#2049=VECTOR('',#7721,0.5);
#2050=VECTOR('',#7724,10.);
#2051=VECTOR('',#7727,10.);
#2052=VECTOR('',#7730,10.);
#2053=VECTOR('',#7735,0.5);
#2054=VECTOR('',#7738,0.5);
#2055=VECTOR('',#7741,10.);
#2056=VECTOR('',#7750,10.);
#2057=VECTOR('',#7755,10.);
#2058=VECTOR('',#7760,10.);
#2059=VECTOR('',#7761,10.);
#2060=VECTOR('',#7762,10.);
#2061=VECTOR('',#7765,10.);
#2062=VECTOR('',#7768,10.);
#2063=VECTOR('',#7775,10.);
#2064=VECTOR('',#7776,10.);
#2065=VECTOR('',#7781,10.);
#2066=VECTOR('',#7788,10.);
#2067=VECTOR('',#7791,10.);
#2068=VECTOR('',#7794,1.5);
#2069=VECTOR('',#7803,10.);
#2070=VECTOR('',#7808,10.);
#2071=VECTOR('',#7813,10.);
#2072=VECTOR('',#7814,10.);
#2073=VECTOR('',#7815,10.);
#2074=VECTOR('',#7818,10.);
#2075=VECTOR('',#7821,10.);
#2076=VECTOR('',#7828,10.);
#2077=VECTOR('',#7829,10.);
#2078=VECTOR('',#7834,10.);
#2079=VECTOR('',#7841,10.);
#2080=VECTOR('',#7844,10.);
#2081=VECTOR('',#7847,1.5);
#2082=VECTOR('',#7856,10.);
#2083=VECTOR('',#7861,10.);
#2084=VECTOR('',#7866,10.);
#2085=VECTOR('',#7867,10.);
#2086=VECTOR('',#7868,10.);
#2087=VECTOR('',#7871,10.);
#2088=VECTOR('',#7874,10.);
#2089=VECTOR('',#7881,10.);
#2090=VECTOR('',#7882,10.);
#2091=VECTOR('',#7887,10.);
#2092=VECTOR('',#7894,10.);
#2093=VECTOR('',#7897,10.);
#2094=VECTOR('',#7900,1.5);
#2095=VECTOR('',#7909,10.);
#2096=VECTOR('',#7914,10.);
#2097=VECTOR('',#7919,10.);
#2098=VECTOR('',#7920,10.);
#2099=VECTOR('',#7921,10.);
#2100=VECTOR('',#7924,10.);
#2101=VECTOR('',#7927,10.);
#2102=VECTOR('',#7934,10.);
#2103=VECTOR('',#7935,10.);
#2104=VECTOR('',#7940,10.);
#2105=VECTOR('',#7947,10.);
#2106=VECTOR('',#7950,10.);
#2107=VECTOR('',#7953,1.5);
#2108=VECTOR('',#7962,1.5);
#2109=VECTOR('',#7969,14.5);
#2110=VECTOR('',#7976,10.);
#2111=VECTOR('',#7985,15.);
#2112=VECTOR('',#7994,10.);
#2113=VECTOR('',#7997,10.);
#2114=VECTOR('',#8000,10.);
#2115=VECTOR('',#8005,10.);
#2116=VECTOR('',#8008,10.);
#2117=VECTOR('',#8011,10.);
#2118=VECTOR('',#8012,10.);
#2119=VECTOR('',#8015,10.);
#2120=VECTOR('',#8020,1.5);
#2121=VECTOR('',#8025,1.5);
#2122=VECTOR('',#8030,1.5);
#2123=VECTOR('',#8053,2.5);
#2124=VECTOR('',#8068,10.);
#2125=VECTOR('',#8069,10.);
#2126=VECTOR('',#8070,10.);
#2127=VECTOR('',#8071,10.);
#2128=VECTOR('',#8072,10.);
#2129=VECTOR('',#8073,10.);
#2130=VECTOR('',#8076,10.);
#2131=VECTOR('',#8077,10.);
#2132=VECTOR('',#8078,10.);
#2133=VECTOR('',#8081,10.);
#2134=VECTOR('',#8082,10.);
#2135=VECTOR('',#8085,10.);
#2136=VECTOR('',#8086,10.);
#2137=VECTOR('',#8089,10.);
#2138=VECTOR('',#8090,10.);
#2139=VECTOR('',#8093,10.);
#2140=VECTOR('',#8094,10.);
#2141=VECTOR('',#8097,10.);
#2142=VECTOR('',#8104,1.5);
#2143=VECTOR('',#8127,2.5);
#2144=VECTOR('',#8142,10.);
#2145=VECTOR('',#8143,10.);
#2146=VECTOR('',#8144,10.);
#2147=VECTOR('',#8145,10.);
#2148=VECTOR('',#8146,10.);
#2149=VECTOR('',#8147,10.);
#2150=VECTOR('',#8150,10.);
#2151=VECTOR('',#8151,10.);
#2152=VECTOR('',#8152,10.);
#2153=VECTOR('',#8155,10.);
#2154=VECTOR('',#8156,10.);
#2155=VECTOR('',#8159,10.);
#2156=VECTOR('',#8160,10.);
#2157=VECTOR('',#8163,10.);
#2158=VECTOR('',#8164,10.);
#2159=VECTOR('',#8167,10.);
#2160=VECTOR('',#8168,10.);
#2161=VECTOR('',#8171,10.);
#2162=VECTOR('',#8176,1.5);
#2163=ELLIPSE('',#5769,2.00308404192444,2.);
#2164=ELLIPSE('',#5772,45.0693909432999,45.);
#2165=ELLIPSE('',#5776,42.5655358908943,42.5);
#2166=ELLIPSE('',#5777,2.50385505240554,2.5);
#2167=ELLIPSE('',#5778,42.5655358908943,42.5);
#2168=ELLIPSE('',#5782,2.00308404192444,2.);
#2169=ELLIPSE('',#5785,42.5655358908943,42.5);
#2170=ELLIPSE('',#5786,2.50385505240554,2.5);
#2171=ELLIPSE('',#5787,42.5655358908943,42.5);
#2172=ELLIPSE('',#5788,45.0693909432999,45.);
#2173=ELLIPSE('',#5847,2.0032626449095,2.);
#2174=ELLIPSE('',#5850,45.0734095104637,45.);
#2175=ELLIPSE('',#5854,42.5693312043268,42.5);
#2176=ELLIPSE('',#5855,2.50407830613687,2.5);
#2177=ELLIPSE('',#5856,42.5693312043268,42.5);
#2178=ELLIPSE('',#5857,3.00489396736425,3.);
#2179=ELLIPSE('',#5867,2.50385505240554,2.5);
#2180=ELLIPSE('',#5872,42.5655358908943,42.5);
#2181=ELLIPSE('',#5873,45.0693909432999,45.);
#2182=ELLIPSE('',#5874,2.00308404192444,2.);
#2183=ELLIPSE('',#5875,42.5655358908943,42.5);
#2184=ELLIPSE('',#5937,42.5655358908943,42.5);
#2185=ELLIPSE('',#5942,2.50385505240555,2.5);
#2186=ELLIPSE('',#5945,42.5655358908943,42.5);
#2187=ELLIPSE('',#5950,2.00308404192444,2.);
#2188=ELLIPSE('',#6020,3.00462606288666,3.);
#2189=ELLIPSE('',#6024,45.0693909432999,45.);
#2190=VERTEX_POINT('',#8202);
#2191=VERTEX_POINT('',#8203);
#2192=VERTEX_POINT('',#8205);
#2193=VERTEX_POINT('',#8207);
#2194=VERTEX_POINT('',#8211);
#2195=VERTEX_POINT('',#8213);
#2196=VERTEX_POINT('',#8215);
#2197=VERTEX_POINT('',#8219);
#2198=VERTEX_POINT('',#8221);
#2199=VERTEX_POINT('',#8223);
#2200=VERTEX_POINT('',#8225);
#2201=VERTEX_POINT('',#8229);
#2202=VERTEX_POINT('',#8231);
#2203=VERTEX_POINT('',#8235);
#2204=VERTEX_POINT('',#8236);
#2205=VERTEX_POINT('',#8238);
#2206=VERTEX_POINT('',#8240);
#2207=VERTEX_POINT('',#8244);
#2208=VERTEX_POINT('',#8246);
#2209=VERTEX_POINT('',#8248);
#2210=VERTEX_POINT('',#8250);
#2211=VERTEX_POINT('',#8252);
#2212=VERTEX_POINT('',#8256);
#2213=VERTEX_POINT('',#8258);
#2214=VERTEX_POINT('',#8262);
#2215=VERTEX_POINT('',#8264);
#2216=VERTEX_POINT('',#8266);
#2217=VERTEX_POINT('',#8268);
#2218=VERTEX_POINT('',#8270);
#2219=VERTEX_POINT('',#8272);
#2220=VERTEX_POINT('',#8274);
#2221=VERTEX_POINT('',#8276);
#2222=VERTEX_POINT('',#8278);
#2223=VERTEX_POINT('',#8281);
#2224=VERTEX_POINT('',#8284);
#2225=VERTEX_POINT('',#8288);
#2226=VERTEX_POINT('',#8289);
#2227=VERTEX_POINT('',#8291);
#2228=VERTEX_POINT('',#8293);
#2229=VERTEX_POINT('',#8295);
#2230=VERTEX_POINT('',#8297);
#2231=VERTEX_POINT('',#8299);
#2232=VERTEX_POINT('',#8301);
#2233=VERTEX_POINT('',#8303);
#2234=VERTEX_POINT('',#8305);
#2235=VERTEX_POINT('',#8307);
#2236=VERTEX_POINT('',#8309);
#2237=VERTEX_POINT('',#8311);
#2238=VERTEX_POINT('',#8314);
#2239=VERTEX_POINT('',#8317);
#2240=VERTEX_POINT('',#8321);
#2241=VERTEX_POINT('',#8325);
#2242=VERTEX_POINT('',#8329);
#2243=VERTEX_POINT('',#8331);
#2244=VERTEX_POINT('',#8333);
#2245=VERTEX_POINT('',#8335);
#2246=VERTEX_POINT('',#8337);
#2247=VERTEX_POINT('',#8339);
#2248=VERTEX_POINT('',#8341);
#2249=VERTEX_POINT('',#8343);
#2250=VERTEX_POINT('',#8346);
#2251=VERTEX_POINT('',#8349);
#2252=VERTEX_POINT('',#8353);
#2253=VERTEX_POINT('',#8354);
#2254=VERTEX_POINT('',#8356);
#2255=VERTEX_POINT('',#8358);
#2256=VERTEX_POINT('',#8360);
#2257=VERTEX_POINT('',#8362);
#2258=VERTEX_POINT('',#8364);
#2259=VERTEX_POINT('',#8366);
#2260=VERTEX_POINT('',#8368);
#2261=VERTEX_POINT('',#8372);
#2262=VERTEX_POINT('',#8374);
#2263=VERTEX_POINT('',#8376);
#2264=VERTEX_POINT('',#8378);
#2265=VERTEX_POINT('',#8380);
#2266=VERTEX_POINT('',#8382);
#2267=VERTEX_POINT('',#8386);
#2268=VERTEX_POINT('',#8388);
#2269=VERTEX_POINT('',#8390);
#2270=VERTEX_POINT('',#8392);
#2271=VERTEX_POINT('',#8394);
#2272=VERTEX_POINT('',#8396);
#2273=VERTEX_POINT('',#8398);
#2274=VERTEX_POINT('',#8402);
#2275=VERTEX_POINT('',#8403);
#2276=VERTEX_POINT('',#8405);
#2277=VERTEX_POINT('',#8407);
#2278=VERTEX_POINT('',#8411);
#2279=VERTEX_POINT('',#8413);
#2280=VERTEX_POINT('',#8415);
#2281=VERTEX_POINT('',#8419);
#2282=VERTEX_POINT('',#8421);
#2283=VERTEX_POINT('',#8423);
#2284=VERTEX_POINT('',#8425);
#2285=VERTEX_POINT('',#8427);
#2286=VERTEX_POINT('',#8429);
#2287=VERTEX_POINT('',#8431);
#2288=VERTEX_POINT('',#8441);
#2289=VERTEX_POINT('',#8443);
#2290=VERTEX_POINT('',#8445);
#2291=VERTEX_POINT('',#8447);
#2292=VERTEX_POINT('',#8449);
#2293=VERTEX_POINT('',#8451);
#2294=VERTEX_POINT('',#8453);
#2295=VERTEX_POINT('',#8455);
#2296=VERTEX_POINT('',#8457);
#2297=VERTEX_POINT('',#8460);
#2298=VERTEX_POINT('',#8463);
#2299=VERTEX_POINT('',#8465);
#2300=VERTEX_POINT('',#8469);
#2301=VERTEX_POINT('',#8471);
#2302=VERTEX_POINT('',#8477);
#2303=VERTEX_POINT('',#8479);
#2304=VERTEX_POINT('',#8481);
#2305=VERTEX_POINT('',#8483);
#2306=VERTEX_POINT('',#8485);
#2307=VERTEX_POINT('',#8490);
#2308=VERTEX_POINT('',#8498);
#2309=VERTEX_POINT('',#8502);
#2310=VERTEX_POINT('',#8508);
#2311=VERTEX_POINT('',#8549);
#2312=VERTEX_POINT('',#8553);
#2313=VERTEX_POINT('',#8557);
#2314=VERTEX_POINT('',#8558);
#2315=VERTEX_POINT('',#8563);
#2316=VERTEX_POINT('',#8570);
#2317=VERTEX_POINT('',#8579);
#2318=VERTEX_POINT('',#8580);
#2319=VERTEX_POINT('',#8582);
#2320=VERTEX_POINT('',#8584);
#2321=VERTEX_POINT('',#8588);
#2322=VERTEX_POINT('',#8590);
#2323=VERTEX_POINT('',#8592);
#2324=VERTEX_POINT('',#8594);
#2325=VERTEX_POINT('',#8596);
#2326=VERTEX_POINT('',#8598);
#2327=VERTEX_POINT('',#8600);
#2328=VERTEX_POINT('',#8602);
#2329=VERTEX_POINT('',#8604);
#2330=VERTEX_POINT('',#8606);
#2331=VERTEX_POINT('',#8609);
#2332=VERTEX_POINT('',#8612);
#2333=VERTEX_POINT('',#8616);
#2334=VERTEX_POINT('',#8617);
#2335=VERTEX_POINT('',#8622);
#2336=VERTEX_POINT('',#8626);
#2337=VERTEX_POINT('',#8630);
#2338=VERTEX_POINT('',#8632);
#2339=VERTEX_POINT('',#8634);
#2340=VERTEX_POINT('',#8638);
#2341=VERTEX_POINT('',#8642);
#2342=VERTEX_POINT('',#8644);
#2343=VERTEX_POINT('',#8653);
#2344=VERTEX_POINT('',#8654);
#2345=VERTEX_POINT('',#8662);
#2346=VERTEX_POINT('',#8664);
#2347=VERTEX_POINT('',#8668);
#2348=VERTEX_POINT('',#8672);
#2349=VERTEX_POINT('',#8673);
#2350=VERTEX_POINT('',#8675);
#2351=VERTEX_POINT('',#8677);
#2352=VERTEX_POINT('',#8679);
#2353=VERTEX_POINT('',#8681);
#2354=VERTEX_POINT('',#8683);
#2355=VERTEX_POINT('',#8685);
#2356=VERTEX_POINT('',#8687);
#2357=VERTEX_POINT('',#8689);
#2358=VERTEX_POINT('',#8692);
#2359=VERTEX_POINT('',#8694);
#2360=VERTEX_POINT('',#8696);
#2361=VERTEX_POINT('',#8699);
#2362=VERTEX_POINT('',#8703);
#2363=VERTEX_POINT('',#8707);
#2364=VERTEX_POINT('',#8711);
#2365=VERTEX_POINT('',#8715);
#2366=VERTEX_POINT('',#8719);
#2367=VERTEX_POINT('',#8723);
#2368=VERTEX_POINT('',#8727);
#2369=VERTEX_POINT('',#8728);
#2370=VERTEX_POINT('',#8739);
#2371=VERTEX_POINT('',#8755);
#2372=VERTEX_POINT('',#8759);
#2373=VERTEX_POINT('',#8760);
#2374=VERTEX_POINT('',#8774);
#2375=VERTEX_POINT('',#8789);
#2376=VERTEX_POINT('',#8804);
#2377=VERTEX_POINT('',#8821);
#2378=VERTEX_POINT('',#8834);
#2379=VERTEX_POINT('',#8849);
#2380=VERTEX_POINT('',#8864);
#2381=VERTEX_POINT('',#8895);
#2382=VERTEX_POINT('',#8927);
#2383=VERTEX_POINT('',#8929);
#2384=VERTEX_POINT('',#8935);
#2385=VERTEX_POINT('',#8936);
#2386=VERTEX_POINT('',#8947);
#2387=VERTEX_POINT('',#8963);
#2388=VERTEX_POINT('',#8967);
#2389=VERTEX_POINT('',#8984);
#2390=VERTEX_POINT('',#8986);
#2391=VERTEX_POINT('',#9018);
#2392=VERTEX_POINT('',#9020);
#2393=VERTEX_POINT('',#9026);
#2394=VERTEX_POINT('',#9039);
#2395=VERTEX_POINT('',#9083);
#2396=VERTEX_POINT('',#9084);
#2397=VERTEX_POINT('',#9097);
#2398=VERTEX_POINT('',#9113);
#2399=VERTEX_POINT('',#9117);
#2400=VERTEX_POINT('',#9118);
#2401=VERTEX_POINT('',#9131);
#2402=VERTEX_POINT('',#9147);
#2403=VERTEX_POINT('',#9151);
#2404=VERTEX_POINT('',#9164);
#2405=VERTEX_POINT('',#9177);
#2406=VERTEX_POINT('',#9192);
#2407=VERTEX_POINT('',#9223);
#2408=VERTEX_POINT('',#9251);
#2409=VERTEX_POINT('',#9255);
#2410=VERTEX_POINT('',#9270);
#2411=VERTEX_POINT('',#9272);
#2412=VERTEX_POINT('',#9283);
#2413=VERTEX_POINT('',#9296);
#2414=VERTEX_POINT('',#9298);
#2415=VERTEX_POINT('',#9300);
#2416=VERTEX_POINT('',#9314);
#2417=VERTEX_POINT('',#9321);
#2418=VERTEX_POINT('',#9325);
#2419=VERTEX_POINT('',#9341);
#2420=VERTEX_POINT('',#9369);
#2421=VERTEX_POINT('',#9409);
#2422=VERTEX_POINT('',#9430);
#2423=VERTEX_POINT('',#9462);
#2424=VERTEX_POINT('',#9485);
#2425=VERTEX_POINT('',#9525);
#2426=VERTEX_POINT('',#9548);
#2427=VERTEX_POINT('',#9588);
#2428=VERTEX_POINT('',#9611);
#2429=VERTEX_POINT('',#9616);
#2430=VERTEX_POINT('',#9656);
#2431=VERTEX_POINT('',#9661);
#2432=VERTEX_POINT('',#9666);
#2433=VERTEX_POINT('',#9724);
#2434=VERTEX_POINT('',#9729);
#2435=VERTEX_POINT('',#9734);
#2436=VERTEX_POINT('',#9842);
#2437=VERTEX_POINT('',#9843);
#2438=VERTEX_POINT('',#9845);
#2439=VERTEX_POINT('',#9847);
#2440=VERTEX_POINT('',#9851);
#2441=VERTEX_POINT('',#9853);
#2442=VERTEX_POINT('',#9856);
#2443=VERTEX_POINT('',#9857);
#2444=VERTEX_POINT('',#9859);
#2445=VERTEX_POINT('',#9861);
#2446=VERTEX_POINT('',#9864);
#2447=VERTEX_POINT('',#9865);
#2448=VERTEX_POINT('',#9867);
#2449=VERTEX_POINT('',#9869);
#2450=VERTEX_POINT('',#9872);
#2451=VERTEX_POINT('',#9873);
#2452=VERTEX_POINT('',#9875);
#2453=VERTEX_POINT('',#9877);
#2454=VERTEX_POINT('',#9880);
#2455=VERTEX_POINT('',#9881);
#2456=VERTEX_POINT('',#9883);
#2457=VERTEX_POINT('',#9885);
#2458=VERTEX_POINT('',#9888);
#2459=VERTEX_POINT('',#9890);
#2460=VERTEX_POINT('',#9894);
#2461=VERTEX_POINT('',#9896);
#2462=VERTEX_POINT('',#9900);
#2463=VERTEX_POINT('',#9902);
#2464=VERTEX_POINT('',#9906);
#2465=VERTEX_POINT('',#9908);
#2466=VERTEX_POINT('',#9910);
#2467=VERTEX_POINT('',#9913);
#2468=VERTEX_POINT('',#9916);
#2469=VERTEX_POINT('',#9920);
#2470=VERTEX_POINT('',#9922);
#2471=VERTEX_POINT('',#9925);
#2472=VERTEX_POINT('',#9935);
#2473=VERTEX_POINT('',#9936);
#2474=VERTEX_POINT('',#9938);
#2475=VERTEX_POINT('',#9940);
#2476=VERTEX_POINT('',#9942);
#2477=VERTEX_POINT('',#9944);
#2478=VERTEX_POINT('',#9946);
#2479=VERTEX_POINT('',#9948);
#2480=VERTEX_POINT('',#9950);
#2481=VERTEX_POINT('',#9952);
#2482=VERTEX_POINT('',#9954);
#2483=VERTEX_POINT('',#9956);
#2484=VERTEX_POINT('',#9958);
#2485=VERTEX_POINT('',#9960);
#2486=VERTEX_POINT('',#9962);
#2487=VERTEX_POINT('',#9964);
#2488=VERTEX_POINT('',#9966);
#2489=VERTEX_POINT('',#9968);
#2490=VERTEX_POINT('',#9970);
#2491=VERTEX_POINT('',#9972);
#2492=VERTEX_POINT('',#9974);
#2493=VERTEX_POINT('',#9976);
#2494=VERTEX_POINT('',#9978);
#2495=VERTEX_POINT('',#9980);
#2496=VERTEX_POINT('',#9982);
#2497=VERTEX_POINT('',#9984);
#2498=VERTEX_POINT('',#9986);
#2499=VERTEX_POINT('',#9988);
#2500=VERTEX_POINT('',#9990);
#2501=VERTEX_POINT('',#9992);
#2502=VERTEX_POINT('',#9994);
#2503=VERTEX_POINT('',#9996);
#2504=VERTEX_POINT('',#9998);
#2505=VERTEX_POINT('',#10000);
#2506=VERTEX_POINT('',#10002);
#2507=VERTEX_POINT('',#10004);
#2508=VERTEX_POINT('',#10006);
#2509=VERTEX_POINT('',#10008);
#2510=VERTEX_POINT('',#10010);
#2511=VERTEX_POINT('',#10012);
#2512=VERTEX_POINT('',#10014);
#2513=VERTEX_POINT('',#10016);
#2514=VERTEX_POINT('',#10018);
#2515=VERTEX_POINT('',#10020);
#2516=VERTEX_POINT('',#10022);
#2517=VERTEX_POINT('',#10024);
#2518=VERTEX_POINT('',#10026);
#2519=VERTEX_POINT('',#10028);
#2520=VERTEX_POINT('',#10030);
#2521=VERTEX_POINT('',#10032);
#2522=VERTEX_POINT('',#10034);
#2523=VERTEX_POINT('',#10036);
#2524=VERTEX_POINT('',#10038);
#2525=VERTEX_POINT('',#10040);
#2526=VERTEX_POINT('',#10042);
#2527=VERTEX_POINT('',#10044);
#2528=VERTEX_POINT('',#10046);
#2529=VERTEX_POINT('',#10048);
#2530=VERTEX_POINT('',#10050);
#2531=VERTEX_POINT('',#10052);
#2532=VERTEX_POINT('',#10054);
#2533=VERTEX_POINT('',#10056);
#2534=VERTEX_POINT('',#10058);
#2535=VERTEX_POINT('',#10060);
#2536=VERTEX_POINT('',#10062);
#2537=VERTEX_POINT('',#10064);
#2538=VERTEX_POINT('',#10066);
#2539=VERTEX_POINT('',#10068);
#2540=VERTEX_POINT('',#10070);
#2541=VERTEX_POINT('',#10072);
#2542=VERTEX_POINT('',#10074);
#2543=VERTEX_POINT('',#10076);
#2544=VERTEX_POINT('',#10080);
#2545=VERTEX_POINT('',#10081);
#2546=VERTEX_POINT('',#10086);
#2547=VERTEX_POINT('',#10090);
#2548=VERTEX_POINT('',#10094);
#2549=VERTEX_POINT('',#10098);
#2550=VERTEX_POINT('',#10102);
#2551=VERTEX_POINT('',#10106);
#2552=VERTEX_POINT('',#10110);
#2553=VERTEX_POINT('',#10112);
#2554=VERTEX_POINT('',#10116);
#2555=VERTEX_POINT('',#10118);
#2556=VERTEX_POINT('',#10120);
#2557=VERTEX_POINT('',#10122);
#2558=VERTEX_POINT('',#10124);
#2559=VERTEX_POINT('',#10126);
#2560=VERTEX_POINT('',#10128);
#2561=VERTEX_POINT('',#10130);
#2562=VERTEX_POINT('',#10132);
#2563=VERTEX_POINT('',#10134);
#2564=VERTEX_POINT('',#10136);
#2565=VERTEX_POINT('',#10138);
#2566=VERTEX_POINT('',#10140);
#2567=VERTEX_POINT('',#10142);
#2568=VERTEX_POINT('',#10144);
#2569=VERTEX_POINT('',#10147);
#2570=VERTEX_POINT('',#10149);
#2571=VERTEX_POINT('',#10151);
#2572=VERTEX_POINT('',#10153);
#2573=VERTEX_POINT('',#10155);
#2574=VERTEX_POINT('',#10157);
#2575=VERTEX_POINT('',#10159);
#2576=VERTEX_POINT('',#10161);
#2577=VERTEX_POINT('',#10163);
#2578=VERTEX_POINT('',#10165);
#2579=VERTEX_POINT('',#10167);
#2580=VERTEX_POINT('',#10169);
#2581=VERTEX_POINT('',#10171);
#2582=VERTEX_POINT('',#10173);
#2583=VERTEX_POINT('',#10175);
#2584=VERTEX_POINT('',#10177);
#2585=VERTEX_POINT('',#10179);
#2586=VERTEX_POINT('',#10181);
#2587=VERTEX_POINT('',#10183);
#2588=VERTEX_POINT('',#10185);
#2589=VERTEX_POINT('',#10187);
#2590=VERTEX_POINT('',#10189);
#2591=VERTEX_POINT('',#10191);
#2592=VERTEX_POINT('',#10193);
#2593=VERTEX_POINT('',#10195);
#2594=VERTEX_POINT('',#10197);
#2595=VERTEX_POINT('',#10199);
#2596=VERTEX_POINT('',#10201);
#2597=VERTEX_POINT('',#10203);
#2598=VERTEX_POINT('',#10205);
#2599=VERTEX_POINT('',#10207);
#2600=VERTEX_POINT('',#10209);
#2601=VERTEX_POINT('',#10211);
#2602=VERTEX_POINT('',#10213);
#2603=VERTEX_POINT('',#10215);
#2604=VERTEX_POINT('',#10217);
#2605=VERTEX_POINT('',#10219);
#2606=VERTEX_POINT('',#10221);
#2607=VERTEX_POINT('',#10223);
#2608=VERTEX_POINT('',#10225);
#2609=VERTEX_POINT('',#10227);
#2610=VERTEX_POINT('',#10229);
#2611=VERTEX_POINT('',#10231);
#2612=VERTEX_POINT('',#10233);
#2613=VERTEX_POINT('',#10235);
#2614=VERTEX_POINT('',#10237);
#2615=VERTEX_POINT('',#10239);
#2616=VERTEX_POINT('',#10369);
#2617=VERTEX_POINT('',#10371);
#2618=VERTEX_POINT('',#10375);
#2619=VERTEX_POINT('',#10377);
#2620=VERTEX_POINT('',#10381);
#2621=VERTEX_POINT('',#10383);
#2622=VERTEX_POINT('',#10387);
#2623=VERTEX_POINT('',#10389);
#2624=VERTEX_POINT('',#10391);
#2625=VERTEX_POINT('',#10394);
#2626=VERTEX_POINT('',#10397);
#2627=VERTEX_POINT('',#10401);
#2628=VERTEX_POINT('',#10403);
#2629=VERTEX_POINT('',#10406);
#2630=VERTEX_POINT('',#10416);
#2631=VERTEX_POINT('',#10418);
#2632=VERTEX_POINT('',#10422);
#2633=VERTEX_POINT('',#10424);
#2634=VERTEX_POINT('',#10428);
#2635=VERTEX_POINT('',#10430);
#2636=VERTEX_POINT('',#10434);
#2637=VERTEX_POINT('',#10436);
#2638=VERTEX_POINT('',#10438);
#2639=VERTEX_POINT('',#10441);
#2640=VERTEX_POINT('',#10444);
#2641=VERTEX_POINT('',#10448);
#2642=VERTEX_POINT('',#10450);
#2643=VERTEX_POINT('',#10453);
#2644=VERTEX_POINT('',#10463);
#2645=VERTEX_POINT('',#10465);
#2646=VERTEX_POINT('',#10469);
#2647=VERTEX_POINT('',#10471);
#2648=VERTEX_POINT('',#10475);
#2649=VERTEX_POINT('',#10477);
#2650=VERTEX_POINT('',#10481);
#2651=VERTEX_POINT('',#10483);
#2652=VERTEX_POINT('',#10485);
#2653=VERTEX_POINT('',#10488);
#2654=VERTEX_POINT('',#10491);
#2655=VERTEX_POINT('',#10495);
#2656=VERTEX_POINT('',#10497);
#2657=VERTEX_POINT('',#10500);
#2658=VERTEX_POINT('',#10510);
#2659=VERTEX_POINT('',#10512);
#2660=VERTEX_POINT('',#10516);
#2661=VERTEX_POINT('',#10518);
#2662=VERTEX_POINT('',#10522);
#2663=VERTEX_POINT('',#10524);
#2664=VERTEX_POINT('',#10528);
#2665=VERTEX_POINT('',#10530);
#2666=VERTEX_POINT('',#10532);
#2667=VERTEX_POINT('',#10535);
#2668=VERTEX_POINT('',#10538);
#2669=VERTEX_POINT('',#10542);
#2670=VERTEX_POINT('',#10544);
#2671=VERTEX_POINT('',#10547);
#2672=VERTEX_POINT('',#10558);
#2673=VERTEX_POINT('',#10560);
#2674=VERTEX_POINT('',#10564);
#2675=VERTEX_POINT('',#10566);
#2676=VERTEX_POINT('',#10570);
#2677=VERTEX_POINT('',#10571);
#2678=VERTEX_POINT('',#10574);
#2679=VERTEX_POINT('',#10576);
#2680=VERTEX_POINT('',#10578);
#2681=VERTEX_POINT('',#10581);
#2682=VERTEX_POINT('',#10585);
#2683=VERTEX_POINT('',#10586);
#2684=VERTEX_POINT('',#10599);
#2685=VERTEX_POINT('',#10601);
#2686=VERTEX_POINT('',#10605);
#2687=VERTEX_POINT('',#10606);
#2688=VERTEX_POINT('',#10608);
#2689=VERTEX_POINT('',#10610);
#2690=VERTEX_POINT('',#10620);
#2691=VERTEX_POINT('',#10624);
#2692=VERTEX_POINT('',#10628);
#2693=VERTEX_POINT('',#10635);
#2694=VERTEX_POINT('',#10636);
#2695=VERTEX_POINT('',#10638);
#2696=VERTEX_POINT('',#10643);
#2697=VERTEX_POINT('',#10644);
#2698=VERTEX_POINT('',#10649);
#2699=VERTEX_POINT('',#10652);
#2700=VERTEX_POINT('',#10656);
#2701=VERTEX_POINT('',#10657);
#2702=VERTEX_POINT('',#10659);
#2703=VERTEX_POINT('',#10661);
#2704=VERTEX_POINT('',#10663);
#2705=VERTEX_POINT('',#10665);
#2706=VERTEX_POINT('',#10669);
#2707=VERTEX_POINT('',#10671);
#2708=VERTEX_POINT('',#10675);
#2709=VERTEX_POINT('',#10679);
#2710=VERTEX_POINT('',#10683);
#2711=VERTEX_POINT('',#10687);
#2712=VERTEX_POINT('',#10694);
#2713=VERTEX_POINT('',#10700);
#2714=VERTEX_POINT('',#10703);
#2715=VERTEX_POINT('',#10704);
#2716=VERTEX_POINT('',#10706);
#2717=VERTEX_POINT('',#10711);
#2718=VERTEX_POINT('',#10712);
#2719=VERTEX_POINT('',#10717);
#2720=VERTEX_POINT('',#10720);
#2721=VERTEX_POINT('',#10724);
#2722=VERTEX_POINT('',#10725);
#2723=VERTEX_POINT('',#10727);
#2724=VERTEX_POINT('',#10729);
#2725=VERTEX_POINT('',#10731);
#2726=VERTEX_POINT('',#10733);
#2727=VERTEX_POINT('',#10737);
#2728=VERTEX_POINT('',#10739);
#2729=VERTEX_POINT('',#10743);
#2730=VERTEX_POINT('',#10747);
#2731=VERTEX_POINT('',#10751);
#2732=VERTEX_POINT('',#10755);
#2733=EDGE_CURVE('',#2190,#2191,#2163,.T.);
#2734=EDGE_CURVE('',#2191,#2192,#1353,.T.);
#2735=EDGE_CURVE('',#2192,#2193,#1028,.T.);
#2736=EDGE_CURVE('',#2193,#2190,#1354,.T.);
#2737=EDGE_CURVE('',#2194,#2191,#2164,.T.);
#2738=EDGE_CURVE('',#2194,#2195,#1029,.T.);
#2739=EDGE_CURVE('',#2196,#2195,#1355,.T.);
#2740=EDGE_CURVE('',#2192,#2196,#1030,.T.);
#2741=EDGE_CURVE('',#2190,#2197,#1356,.T.);
#2742=EDGE_CURVE('',#2197,#2198,#2165,.T.);
#2743=EDGE_CURVE('',#2198,#2199,#2166,.T.);
#2744=EDGE_CURVE('',#2199,#2200,#2167,.T.);
#2745=EDGE_CURVE('',#2200,#2194,#1357,.T.);
#2746=EDGE_CURVE('',#2197,#2201,#1358,.T.);
#2747=EDGE_CURVE('',#2201,#2202,#1031,.T.);
#2748=EDGE_CURVE('',#2202,#2198,#1359,.T.);
#2749=EDGE_CURVE('',#2203,#2204,#2168,.T.);
#2750=EDGE_CURVE('',#2204,#2205,#1360,.T.);
#2751=EDGE_CURVE('',#2205,#2206,#1032,.T.);
#2752=EDGE_CURVE('',#2206,#2203,#1361,.T.);
#2753=EDGE_CURVE('',#2203,#2207,#1362,.T.);
#2754=EDGE_CURVE('',#2207,#2208,#2169,.T.);
#2755=EDGE_CURVE('',#2208,#2209,#2170,.T.);
#2756=EDGE_CURVE('',#2209,#2210,#2171,.T.);
#2757=EDGE_CURVE('',#2210,#2211,#1363,.T.);
#2758=EDGE_CURVE('',#2211,#2204,#2172,.T.);
#2759=EDGE_CURVE('',#2212,#2206,#1364,.T.);
#2760=EDGE_CURVE('',#2212,#2213,#1365,.T.);
#2761=EDGE_CURVE('',#2207,#2213,#1366,.T.);
#2762=EDGE_CURVE('',#2205,#2214,#1033,.T.);
#2763=EDGE_CURVE('',#2215,#2214,#1034,.T.);
#2764=EDGE_CURVE('',#2215,#2216,#1035,.T.);
#2765=EDGE_CURVE('',#2216,#2217,#1036,.T.);
#2766=EDGE_CURVE('',#2218,#2217,#1037,.T.);
#2767=EDGE_CURVE('',#2219,#2218,#1367,.T.);
#2768=EDGE_CURVE('',#2220,#2219,#1038,.T.);
#2769=EDGE_CURVE('',#2221,#2220,#1368,.T.);
#2770=EDGE_CURVE('',#2222,#2221,#1039,.T.);
#2771=EDGE_CURVE('',#2212,#2222,#1369,.T.);
#2772=EDGE_CURVE('',#2223,#2223,#1040,.T.);
#2773=EDGE_CURVE('',#2213,#2224,#1041,.T.);
#2774=EDGE_CURVE('',#2224,#2208,#1370,.T.);
#2775=EDGE_CURVE('',#2225,#2226,#1042,.T.);
#2776=EDGE_CURVE('',#2225,#2227,#1043,.T.);
#2777=EDGE_CURVE('',#2228,#2227,#1044,.T.);
#2778=EDGE_CURVE('',#2228,#2229,#1045,.T.);
#2779=EDGE_CURVE('',#2229,#2230,#1046,.T.);
#2780=EDGE_CURVE('',#2231,#2230,#1047,.T.);
#2781=EDGE_CURVE('',#2232,#2231,#1371,.T.);
#2782=EDGE_CURVE('',#2233,#2232,#1048,.T.);
#2783=EDGE_CURVE('',#2234,#2233,#1372,.T.);
#2784=EDGE_CURVE('',#2235,#2234,#1049,.T.);
#2785=EDGE_CURVE('',#2236,#2235,#1373,.T.);
#2786=EDGE_CURVE('',#2236,#2237,#1050,.T.);
#2787=EDGE_CURVE('',#2237,#2226,#1374,.T.);
#2788=EDGE_CURVE('',#2238,#2238,#1051,.T.);
#2789=EDGE_CURVE('',#2239,#2239,#1052,.T.);
#2790=EDGE_CURVE('',#2239,#2238,#1375,.T.);
#2791=EDGE_CURVE('',#2240,#2240,#1053,.T.);
#2792=EDGE_CURVE('',#2240,#2223,#1376,.T.);
#2793=EDGE_CURVE('',#2241,#2224,#1054,.T.);
#2794=EDGE_CURVE('',#2209,#2241,#1377,.T.);
#2795=EDGE_CURVE('',#2242,#2196,#1055,.T.);
#2796=EDGE_CURVE('',#2242,#2243,#1056,.T.);
#2797=EDGE_CURVE('',#2243,#2244,#1057,.T.);
#2798=EDGE_CURVE('',#2245,#2244,#1058,.T.);
#2799=EDGE_CURVE('',#2246,#2245,#1378,.T.);
#2800=EDGE_CURVE('',#2247,#2246,#1059,.T.);
#2801=EDGE_CURVE('',#2248,#2247,#1379,.T.);
#2802=EDGE_CURVE('',#2249,#2248,#1060,.T.);
#2803=EDGE_CURVE('',#2249,#2193,#1380,.T.);
#2804=EDGE_CURVE('',#2250,#2250,#1061,.T.);
#2805=EDGE_CURVE('',#2251,#2251,#1062,.T.);
#2806=EDGE_CURVE('',#2251,#2250,#1381,.T.);
#2807=EDGE_CURVE('',#2252,#2253,#1063,.T.);
#2808=EDGE_CURVE('',#2254,#2253,#1064,.T.);
#2809=EDGE_CURVE('',#2254,#2255,#1382,.T.);
#2810=EDGE_CURVE('',#2256,#2255,#1065,.T.);
#2811=EDGE_CURVE('',#2256,#2257,#1383,.T.);
#2812=EDGE_CURVE('',#2258,#2257,#1066,.T.);
#2813=EDGE_CURVE('',#2258,#2259,#1384,.T.);
#2814=EDGE_CURVE('',#2260,#2259,#1067,.T.);
#2815=EDGE_CURVE('',#2252,#2260,#1068,.T.);
#2816=EDGE_CURVE('',#2213,#2261,#1385,.T.);
#2817=EDGE_CURVE('',#2262,#2261,#1069,.T.);
#2818=EDGE_CURVE('',#2262,#2263,#1386,.T.);
#2819=EDGE_CURVE('',#2264,#2263,#1070,.T.);
#2820=EDGE_CURVE('',#2264,#2265,#1387,.T.);
#2821=EDGE_CURVE('',#2266,#2265,#1071,.T.);
#2822=EDGE_CURVE('',#2241,#2266,#1072,.T.);
#2823=EDGE_CURVE('',#2267,#2202,#1073,.T.);
#2824=EDGE_CURVE('',#2201,#2268,#1388,.T.);
#2825=EDGE_CURVE('',#2269,#2268,#1074,.T.);
#2826=EDGE_CURVE('',#2269,#2270,#1389,.T.);
#2827=EDGE_CURVE('',#2271,#2270,#1075,.T.);
#2828=EDGE_CURVE('',#2271,#2272,#1390,.T.);
#2829=EDGE_CURVE('',#2273,#2272,#1076,.T.);
#2830=EDGE_CURVE('',#2267,#2273,#1077,.T.);
#2831=EDGE_CURVE('',#2274,#2275,#2173,.T.);
#2832=EDGE_CURVE('',#2275,#2276,#1391,.T.);
#2833=EDGE_CURVE('',#2276,#2277,#1078,.T.);
#2834=EDGE_CURVE('',#2277,#2274,#1392,.T.);
#2835=EDGE_CURVE('',#2278,#2275,#2174,.T.);
#2836=EDGE_CURVE('',#2278,#2279,#1079,.T.);
#2837=EDGE_CURVE('',#2280,#2279,#1393,.T.);
#2838=EDGE_CURVE('',#2276,#2280,#1080,.T.);
#2839=EDGE_CURVE('',#2274,#2281,#1394,.T.);
#2840=EDGE_CURVE('',#2281,#2282,#1395,.T.);
#2841=EDGE_CURVE('',#2282,#2283,#2175,.T.);
#2842=EDGE_CURVE('',#2283,#2284,#2176,.T.);
#2843=EDGE_CURVE('',#2284,#2285,#2177,.T.);
#2844=EDGE_CURVE('',#2285,#2286,#2178,.F.);
#2845=EDGE_CURVE('',#2286,#2287,#100,.T.);
#2846=EDGE_CURVE('',#2287,#2278,#1396,.T.);
#2847=EDGE_CURVE('',#2288,#2280,#1081,.T.);
#2848=EDGE_CURVE('',#2288,#2289,#1082,.T.);
#2849=EDGE_CURVE('',#2289,#2290,#1083,.T.);
#2850=EDGE_CURVE('',#2291,#2290,#1084,.T.);
#2851=EDGE_CURVE('',#2292,#2291,#1397,.T.);
#2852=EDGE_CURVE('',#2293,#2292,#1085,.T.);
#2853=EDGE_CURVE('',#2294,#2293,#1398,.T.);
#2854=EDGE_CURVE('',#2295,#2294,#1086,.T.);
#2855=EDGE_CURVE('',#2296,#2295,#1399,.T.);
#2856=EDGE_CURVE('',#2296,#2277,#1400,.T.);
#2857=EDGE_CURVE('',#2297,#2297,#1087,.T.);
#2858=EDGE_CURVE('',#2253,#2298,#1401,.T.);
#2859=EDGE_CURVE('',#2299,#2252,#1402,.T.);
#2860=EDGE_CURVE('',#2298,#2299,#2179,.T.);
#2861=EDGE_CURVE('',#2300,#2283,#1403,.T.);
#2862=EDGE_CURVE('',#2301,#2300,#1088,.T.);
#2863=EDGE_CURVE('',#2284,#2301,#1404,.T.);
#2864=EDGE_CURVE('',#2199,#2267,#1405,.T.);
#2865=EDGE_CURVE('',#2299,#2302,#2180,.T.);
#2866=EDGE_CURVE('',#2302,#2303,#1406,.T.);
#2867=EDGE_CURVE('',#2303,#2304,#2181,.T.);
#2868=EDGE_CURVE('',#2305,#2304,#2182,.T.);
#2869=EDGE_CURVE('',#2305,#2306,#1407,.T.);
#2870=EDGE_CURVE('',#2306,#2298,#2183,.T.);
#2871=EDGE_CURVE('',#2230,#2260,#1408,.T.);
#2872=EDGE_CURVE('',#2307,#2229,#1409,.T.);
#2873=EDGE_CURVE('',#2307,#2302,#1089,.T.);
#2874=EDGE_CURVE('',#2306,#2237,#1410,.T.);
#2875=EDGE_CURVE('',#2236,#2254,#1411,.T.);
#2876=EDGE_CURVE('',#2217,#2266,#1412,.T.);
#2877=EDGE_CURVE('',#2308,#2216,#1413,.T.);
#2878=EDGE_CURVE('',#2308,#2210,#1090,.T.);
#2879=EDGE_CURVE('',#2301,#2309,#1091,.T.);
#2880=EDGE_CURVE('',#2290,#2309,#1414,.T.);
#2881=EDGE_CURVE('',#2285,#2289,#1415,.T.);
#2882=EDGE_CURVE('',#2244,#2273,#1416,.T.);
#2883=EDGE_CURVE('',#2310,#2243,#1417,.T.);
#2884=EDGE_CURVE('',#2310,#2200,#1092,.T.);
#2885=EDGE_CURVE('',#2225,#2304,#1418,.T.);
#2886=EDGE_CURVE('',#2226,#2305,#1419,.T.);
#2887=EDGE_CURVE('',#2272,#2245,#1420,.T.);
#2888=EDGE_CURVE('',#2246,#2271,#1421,.T.);
#2889=EDGE_CURVE('',#2268,#2249,#1422,.T.);
#2890=EDGE_CURVE('',#2248,#2269,#1423,.T.);
#2891=EDGE_CURVE('',#2270,#2247,#1424,.T.);
#2892=EDGE_CURVE('',#2265,#2218,#1425,.T.);
#2893=EDGE_CURVE('',#2219,#2264,#1426,.T.);
#2894=EDGE_CURVE('',#2261,#2222,#1427,.T.);
#2895=EDGE_CURVE('',#2221,#2262,#1428,.T.);
#2896=EDGE_CURVE('',#2263,#2220,#1429,.T.);
#2897=EDGE_CURVE('',#2259,#2231,#1430,.T.);
#2898=EDGE_CURVE('',#2232,#2258,#1431,.T.);
#2899=EDGE_CURVE('',#2255,#2235,#1432,.T.);
#2900=EDGE_CURVE('',#2234,#2256,#1433,.T.);
#2901=EDGE_CURVE('',#2257,#2233,#1434,.T.);
#2902=EDGE_CURVE('',#2309,#2311,#1093,.T.);
#2903=EDGE_CURVE('',#2311,#2291,#1435,.T.);
#2904=EDGE_CURVE('',#2312,#2311,#1436,.T.);
#2905=EDGE_CURVE('',#2292,#2312,#1437,.T.);
#2906=EDGE_CURVE('',#2313,#2314,#1094,.T.);
#2907=EDGE_CURVE('',#2314,#2295,#1438,.T.);
#2908=EDGE_CURVE('',#2294,#2313,#1439,.T.);
#2909=EDGE_CURVE('',#2315,#2293,#1440,.T.);
#2910=EDGE_CURVE('',#2313,#2315,#1441,.T.);
#2911=EDGE_CURVE('',#2282,#2300,#1095,.T.);
#2912=EDGE_CURVE('',#2281,#2314,#1442,.T.);
#2913=EDGE_CURVE('',#2312,#2315,#1096,.T.);
#2914=EDGE_CURVE('',#2316,#2316,#1097,.T.);
#2915=EDGE_CURVE('',#2316,#2297,#1443,.T.);
#2916=EDGE_CURVE('',#2296,#2281,#1444,.T.);
#2917=EDGE_CURVE('',#2317,#2318,#1098,.T.);
#2918=EDGE_CURVE('',#2318,#2319,#1445,.T.);
#2919=EDGE_CURVE('',#2319,#2320,#1099,.T.);
#2920=EDGE_CURVE('',#2320,#2317,#1446,.T.);
#2921=EDGE_CURVE('',#2321,#2319,#1447,.T.);
#2922=EDGE_CURVE('',#2321,#2322,#1448,.T.);
#2923=EDGE_CURVE('',#2323,#2322,#1100,.T.);
#2924=EDGE_CURVE('',#2323,#2324,#1101,.T.);
#2925=EDGE_CURVE('',#2325,#2324,#1102,.T.);
#2926=EDGE_CURVE('',#2325,#2326,#1103,.T.);
#2927=EDGE_CURVE('',#2326,#2327,#1104,.T.);
#2928=EDGE_CURVE('',#2328,#2327,#1105,.T.);
#2929=EDGE_CURVE('',#2329,#2328,#1449,.T.);
#2930=EDGE_CURVE('',#2330,#2329,#1106,.T.);
#2931=EDGE_CURVE('',#2320,#2330,#1450,.T.);
#2932=EDGE_CURVE('',#2331,#2331,#1107,.T.);
#2933=EDGE_CURVE('',#2332,#2318,#1451,.T.);
#2934=EDGE_CURVE('',#2332,#2321,#1452,.T.);
#2935=EDGE_CURVE('',#2333,#2334,#1108,.T.);
#2936=EDGE_CURVE('',#2334,#2328,#1453,.T.);
#2937=EDGE_CURVE('',#2327,#2333,#1454,.T.);
#2938=EDGE_CURVE('',#2335,#2334,#1455,.T.);
#2939=EDGE_CURVE('',#2329,#2335,#1456,.T.);
#2940=EDGE_CURVE('',#2336,#2330,#1457,.T.);
#2941=EDGE_CURVE('',#2317,#2336,#1458,.T.);
#2942=EDGE_CURVE('',#2337,#2326,#1459,.T.);
#2943=EDGE_CURVE('',#2338,#2337,#2184,.T.);
#2944=EDGE_CURVE('',#2338,#2339,#1460,.T.);
#2945=EDGE_CURVE('',#2339,#2333,#1109,.T.);
#2946=EDGE_CURVE('',#2340,#2340,#1110,.T.);
#2947=EDGE_CURVE('',#2340,#2331,#1461,.T.);
#2948=EDGE_CURVE('',#2341,#2338,#2185,.T.);
#2949=EDGE_CURVE('',#2342,#2341,#1462,.T.);
#2950=EDGE_CURVE('',#2339,#2342,#1111,.T.);
#2951=EDGE_CURVE('',#2332,#2341,#2186,.T.);
#2952=EDGE_CURVE('',#2332,#2342,#1112,.T.);
#2953=EDGE_CURVE('',#2335,#2336,#1113,.T.);
#2954=EDGE_CURVE('',#2343,#2344,#2187,.T.);
#2955=EDGE_CURVE('',#2344,#2323,#1463,.T.);
#2956=EDGE_CURVE('',#2322,#2343,#1464,.T.);
#2957=EDGE_CURVE('',#2343,#2332,#1465,.T.);
#2958=EDGE_CURVE('',#2345,#2345,#1114,.T.);
#2959=EDGE_CURVE('',#2345,#2346,#1466,.T.);
#2960=EDGE_CURVE('',#2346,#2346,#1115,.T.);
#2961=EDGE_CURVE('',#2347,#2347,#1116,.T.);
#2962=EDGE_CURVE('',#2347,#2346,#1467,.T.);
#2963=EDGE_CURVE('',#2348,#2349,#1117,.T.);
#2964=EDGE_CURVE('',#2350,#2348,#1118,.T.);
#2965=EDGE_CURVE('',#2351,#2350,#1119,.T.);
#2966=EDGE_CURVE('',#2352,#2351,#1120,.T.);
#2967=EDGE_CURVE('',#2353,#2352,#1121,.T.);
#2968=EDGE_CURVE('',#2354,#2353,#1122,.T.);
#2969=EDGE_CURVE('',#2355,#2354,#1123,.T.);
#2970=EDGE_CURVE('',#2356,#2355,#1124,.T.);
#2971=EDGE_CURVE('',#2357,#2356,#1125,.T.);
#2972=EDGE_CURVE('',#2349,#2357,#1126,.T.);
#2973=EDGE_CURVE('',#2358,#2358,#1127,.T.);
#2974=EDGE_CURVE('',#2359,#2359,#1128,.T.);
#2975=EDGE_CURVE('',#2360,#2360,#1129,.T.);
#2976=EDGE_CURVE('',#2358,#2361,#1468,.T.);
#2977=EDGE_CURVE('',#2361,#2361,#1130,.T.);
#2978=EDGE_CURVE('',#2361,#2362,#1469,.T.);
#2979=EDGE_CURVE('',#2362,#2362,#1131,.T.);
#2980=EDGE_CURVE('',#2360,#2363,#1470,.T.);
#2981=EDGE_CURVE('',#2363,#2363,#1132,.T.);
#2982=EDGE_CURVE('',#2363,#2364,#1471,.T.);
#2983=EDGE_CURVE('',#2364,#2364,#1133,.T.);
#2984=EDGE_CURVE('',#2359,#2365,#1472,.T.);
#2985=EDGE_CURVE('',#2365,#2365,#1134,.T.);
#2986=EDGE_CURVE('',#2365,#2366,#1473,.T.);
#2987=EDGE_CURVE('',#2366,#2366,#1135,.T.);
#2988=EDGE_CURVE('',#2279,#2367,#1136,.T.);
#2989=EDGE_CURVE('',#2367,#2288,#1474,.T.);
#2990=EDGE_CURVE('',#2368,#2369,#101,.T.);
#2991=EDGE_CURVE('',#2369,#2370,#1475,.T.);
#2992=EDGE_CURVE('',#2370,#2352,#102,.T.);
#2993=EDGE_CURVE('',#2352,#2368,#1476,.T.);
#2994=EDGE_CURVE('',#2371,#2351,#1477,.T.);
#2995=EDGE_CURVE('',#2368,#2371,#1137,.T.);
#2996=EDGE_CURVE('',#2372,#2373,#103,.F.);
#2997=EDGE_CURVE('',#2372,#2353,#1478,.T.);
#2998=EDGE_CURVE('',#2374,#2353,#104,.F.);
#2999=EDGE_CURVE('',#2374,#2373,#1479,.T.);
#3000=EDGE_CURVE('',#2374,#2375,#105,.T.);
#3001=EDGE_CURVE('',#2376,#2375,#1480,.T.);
#3002=EDGE_CURVE('',#2376,#2373,#106,.T.);
#3003=EDGE_CURVE('',#2371,#2377,#107,.F.);
#3004=EDGE_CURVE('',#2378,#2351,#108,.F.);
#3005=EDGE_CURVE('',#2378,#2377,#1481,.T.);
#3006=EDGE_CURVE('',#2378,#2379,#109,.T.);
#3007=EDGE_CURVE('',#2380,#2379,#1482,.T.);
#3008=EDGE_CURVE('',#2380,#2377,#110,.T.);
#3009=EDGE_CURVE('',#2229,#2380,#111,.T.);
#3010=EDGE_CURVE('',#2379,#2381,#112,.T.);
#3011=EDGE_CURVE('',#2307,#2381,#113,.F.);
#3012=EDGE_CURVE('',#2227,#2382,#1483,.T.);
#3013=EDGE_CURVE('',#2382,#2383,#1138,.T.);
#3014=EDGE_CURVE('',#2383,#2228,#1484,.T.);
#3015=EDGE_CURVE('',#2303,#2382,#1139,.T.);
#3016=EDGE_CURVE('',#2384,#2385,#114,.T.);
#3017=EDGE_CURVE('',#2385,#2386,#1485,.T.);
#3018=EDGE_CURVE('',#2386,#2350,#115,.T.);
#3019=EDGE_CURVE('',#2350,#2384,#1486,.T.);
#3020=EDGE_CURVE('',#2387,#2348,#1487,.T.);
#3021=EDGE_CURVE('',#2384,#2387,#1140,.T.);
#3022=EDGE_CURVE('',#2216,#2388,#116,.T.);
#3023=EDGE_CURVE('',#2388,#2389,#1488,.T.);
#3024=EDGE_CURVE('',#2389,#2390,#117,.T.);
#3025=EDGE_CURVE('',#2308,#2390,#118,.F.);
#3026=EDGE_CURVE('',#2214,#2391,#1489,.T.);
#3027=EDGE_CURVE('',#2391,#2392,#1141,.T.);
#3028=EDGE_CURVE('',#2392,#2215,#1490,.T.);
#3029=EDGE_CURVE('',#2211,#2391,#1142,.T.);
#3030=EDGE_CURVE('',#2387,#2393,#119,.F.);
#3031=EDGE_CURVE('',#2394,#2348,#120,.F.);
#3032=EDGE_CURVE('',#2394,#2393,#1491,.T.);
#3033=EDGE_CURVE('',#2388,#2393,#121,.T.);
#3034=EDGE_CURVE('',#2394,#2389,#122,.T.);
#3035=EDGE_CURVE('',#2395,#2396,#123,.T.);
#3036=EDGE_CURVE('',#2396,#2397,#1492,.T.);
#3037=EDGE_CURVE('',#2397,#2349,#124,.T.);
#3038=EDGE_CURVE('',#2349,#2395,#1493,.T.);
#3039=EDGE_CURVE('',#2398,#2357,#1494,.T.);
#3040=EDGE_CURVE('',#2395,#2398,#1143,.T.);
#3041=EDGE_CURVE('',#2399,#2400,#125,.T.);
#3042=EDGE_CURVE('',#2400,#2401,#1495,.T.);
#3043=EDGE_CURVE('',#2401,#2356,#126,.T.);
#3044=EDGE_CURVE('',#2356,#2399,#1496,.T.);
#3045=EDGE_CURVE('',#2402,#2355,#1497,.T.);
#3046=EDGE_CURVE('',#2399,#2402,#1144,.T.);
#3047=EDGE_CURVE('',#2398,#2403,#127,.F.);
#3048=EDGE_CURVE('',#2404,#2357,#128,.F.);
#3049=EDGE_CURVE('',#2404,#2403,#1498,.T.);
#3050=EDGE_CURVE('',#2404,#2405,#129,.T.);
#3051=EDGE_CURVE('',#2406,#2405,#1499,.T.);
#3052=EDGE_CURVE('',#2406,#2403,#130,.T.);
#3053=EDGE_CURVE('',#2243,#2406,#131,.T.);
#3054=EDGE_CURVE('',#2405,#2407,#132,.T.);
#3055=EDGE_CURVE('',#2310,#2407,#133,.F.);
#3056=EDGE_CURVE('',#2195,#2408,#1145,.T.);
#3057=EDGE_CURVE('',#2408,#2242,#1500,.T.);
#3058=EDGE_CURVE('',#2326,#2409,#134,.T.);
#3059=EDGE_CURVE('',#2409,#2410,#1501,.T.);
#3060=EDGE_CURVE('',#2410,#2411,#135,.T.);
#3061=EDGE_CURVE('',#2412,#2411,#136,.F.);
#3062=EDGE_CURVE('',#2337,#2412,#2188,.F.);
#3063=EDGE_CURVE('',#2324,#2413,#1502,.T.);
#3064=EDGE_CURVE('',#2413,#2414,#1146,.T.);
#3065=EDGE_CURVE('',#2414,#2415,#137,.T.);
#3066=EDGE_CURVE('',#2415,#2416,#1503,.T.);
#3067=EDGE_CURVE('',#2416,#2325,#138,.T.);
#3068=EDGE_CURVE('',#2417,#2344,#2189,.T.);
#3069=EDGE_CURVE('',#2417,#2413,#1147,.T.);
#3070=EDGE_CURVE('',#2418,#2416,#139,.T.);
#3071=EDGE_CURVE('',#2402,#2418,#1148,.T.);
#3072=EDGE_CURVE('',#2402,#2419,#140,.F.);
#3073=EDGE_CURVE('',#2409,#2419,#141,.T.);
#3074=EDGE_CURVE('',#2420,#2355,#142,.F.);
#3075=EDGE_CURVE('',#2420,#2419,#1504,.T.);
#3076=EDGE_CURVE('',#2420,#2410,#143,.T.);
#3077=EDGE_CURVE('',#2289,#2376,#144,.T.);
#3078=EDGE_CURVE('',#2375,#2421,#145,.T.);
#3079=EDGE_CURVE('',#2286,#2421,#146,.F.);
#3080=EDGE_CURVE('',#2412,#2422,#147,.T.);
#3081=EDGE_CURVE('',#2422,#2417,#1505,.T.);
#3082=EDGE_CURVE('',#2367,#2287,#1149,.T.);
#3083=EDGE_CURVE('',#2383,#2307,#1150,.T.);
#3084=EDGE_CURVE('',#2392,#2308,#1151,.T.);
#3085=EDGE_CURVE('',#2414,#2422,#1152,.T.);
#3086=EDGE_CURVE('',#2408,#2310,#1153,.T.);
#3087=EDGE_CURVE('',#2408,#2423,#148,.F.);
#3088=EDGE_CURVE('',#2407,#2424,#149,.T.);
#3089=EDGE_CURVE('',#2424,#2423,#150,.T.);
#3090=EDGE_CURVE('',#2423,#2401,#151,.T.);
#3091=EDGE_CURVE('',#2392,#2425,#152,.F.);
#3092=EDGE_CURVE('',#2390,#2426,#153,.T.);
#3093=EDGE_CURVE('',#2426,#2425,#154,.T.);
#3094=EDGE_CURVE('',#2425,#2397,#155,.T.);
#3095=EDGE_CURVE('',#2383,#2427,#156,.F.);
#3096=EDGE_CURVE('',#2381,#2428,#157,.T.);
#3097=EDGE_CURVE('',#2428,#2429,#158,.T.);
#3098=EDGE_CURVE('',#2429,#2427,#159,.T.);
#3099=EDGE_CURVE('',#2427,#2386,#160,.T.);
#3100=EDGE_CURVE('',#2421,#2430,#161,.T.);
#3101=EDGE_CURVE('',#2430,#2431,#162,.T.);
#3102=EDGE_CURVE('',#2431,#2432,#163,.T.);
#3103=EDGE_CURVE('',#2367,#2432,#164,.F.);
#3104=EDGE_CURVE('',#2432,#2370,#165,.T.);
#3105=EDGE_CURVE('',#2411,#2433,#166,.T.);
#3106=EDGE_CURVE('',#2433,#2434,#167,.T.);
#3107=EDGE_CURVE('',#2434,#2435,#168,.T.);
#3108=EDGE_CURVE('',#2415,#2435,#169,.F.);
#3109=EDGE_CURVE('',#2435,#2354,#170,.T.);
#3110=EDGE_CURVE('',#2400,#2242,#171,.T.);
#3111=EDGE_CURVE('',#2398,#2399,#1154,.T.);
#3112=EDGE_CURVE('',#2396,#2215,#172,.T.);
#3113=EDGE_CURVE('',#2387,#2395,#1155,.T.);
#3114=EDGE_CURVE('',#2385,#2228,#173,.T.);
#3115=EDGE_CURVE('',#2371,#2384,#1156,.T.);
#3116=EDGE_CURVE('',#2372,#2368,#1157,.T.);
#3117=EDGE_CURVE('',#2369,#2288,#174,.T.);
#3118=EDGE_CURVE('',#2354,#2418,#1506,.T.);
#3119=EDGE_CURVE('',#2418,#2372,#1158,.T.);
#3120=EDGE_CURVE('',#2436,#2437,#1159,.T.);
#3121=EDGE_CURVE('',#2437,#2438,#1507,.T.);
#3122=EDGE_CURVE('',#2438,#2439,#1160,.T.);
#3123=EDGE_CURVE('',#2439,#2436,#1508,.T.);
#3124=EDGE_CURVE('',#2440,#2440,#1161,.T.);
#3125=EDGE_CURVE('',#2440,#2441,#1509,.T.);
#3126=EDGE_CURVE('',#2441,#2441,#1162,.T.);
#3127=EDGE_CURVE('',#2442,#2443,#1510,.T.);
#3128=EDGE_CURVE('',#2442,#2444,#1163,.T.);
#3129=EDGE_CURVE('',#2445,#2444,#1511,.T.);
#3130=EDGE_CURVE('',#2445,#2443,#1164,.T.);
#3131=EDGE_CURVE('',#2446,#2447,#1512,.T.);
#3132=EDGE_CURVE('',#2446,#2448,#1165,.T.);
#3133=EDGE_CURVE('',#2449,#2448,#1513,.T.);
#3134=EDGE_CURVE('',#2449,#2447,#1166,.T.);
#3135=EDGE_CURVE('',#2450,#2451,#1514,.T.);
#3136=EDGE_CURVE('',#2450,#2452,#1167,.T.);
#3137=EDGE_CURVE('',#2453,#2452,#1515,.T.);
#3138=EDGE_CURVE('',#2453,#2451,#1168,.T.);
#3139=EDGE_CURVE('',#2454,#2455,#1516,.T.);
#3140=EDGE_CURVE('',#2454,#2456,#1169,.T.);
#3141=EDGE_CURVE('',#2457,#2456,#1517,.T.);
#3142=EDGE_CURVE('',#2457,#2455,#1170,.T.);
#3143=EDGE_CURVE('',#2458,#2438,#1171,.T.);
#3144=EDGE_CURVE('',#2437,#2459,#1172,.T.);
#3145=EDGE_CURVE('',#2458,#2459,#1518,.T.);
#3146=EDGE_CURVE('',#2459,#2460,#1173,.T.);
#3147=EDGE_CURVE('',#2460,#2461,#1519,.T.);
#3148=EDGE_CURVE('',#2461,#2458,#1174,.T.);
#3149=EDGE_CURVE('',#2462,#2460,#1520,.T.);
#3150=EDGE_CURVE('',#2463,#2462,#1521,.T.);
#3151=EDGE_CURVE('',#2461,#2463,#1522,.T.);
#3152=EDGE_CURVE('',#2464,#2439,#1523,.T.);
#3153=EDGE_CURVE('',#2465,#2463,#1175,.T.);
#3154=EDGE_CURVE('',#2465,#2466,#1524,.T.);
#3155=EDGE_CURVE('',#2464,#2466,#1176,.T.);
#3156=EDGE_CURVE('',#2467,#2467,#1177,.T.);
#3157=EDGE_CURVE('',#2468,#2464,#1525,.T.);
#3158=EDGE_CURVE('',#2468,#2436,#1526,.T.);
#3159=EDGE_CURVE('',#2469,#2468,#1178,.T.);
#3160=EDGE_CURVE('',#2469,#2470,#1527,.T.);
#3161=EDGE_CURVE('',#2462,#2470,#1179,.T.);
#3162=EDGE_CURVE('',#2471,#2471,#1180,.T.);
#3163=EDGE_CURVE('',#2466,#2469,#1528,.T.);
#3164=EDGE_CURVE('',#2470,#2465,#1529,.T.);
#3165=EDGE_CURVE('',#2467,#2471,#1530,.T.);
#3166=EDGE_CURVE('',#2472,#2473,#1531,.T.);
#3167=EDGE_CURVE('',#2474,#2472,#1181,.T.);
#3168=EDGE_CURVE('',#2474,#2475,#1182,.T.);
#3169=EDGE_CURVE('',#2476,#2475,#1183,.T.);
#3170=EDGE_CURVE('',#2477,#2476,#1532,.T.);
#3171=EDGE_CURVE('',#2477,#2478,#1184,.T.);
#3172=EDGE_CURVE('',#2479,#2478,#1533,.T.);
#3173=EDGE_CURVE('',#2480,#2479,#1185,.T.);
#3174=EDGE_CURVE('',#2480,#2481,#1186,.T.);
#3175=EDGE_CURVE('',#2482,#2481,#1187,.T.);
#3176=EDGE_CURVE('',#2483,#2482,#1534,.T.);
#3177=EDGE_CURVE('',#2483,#2484,#1188,.T.);
#3178=EDGE_CURVE('',#2485,#2484,#1535,.T.);
#3179=EDGE_CURVE('',#2486,#2485,#1189,.T.);
#3180=EDGE_CURVE('',#2486,#2487,#1190,.T.);
#3181=EDGE_CURVE('',#2488,#2487,#1191,.T.);
#3182=EDGE_CURVE('',#2489,#2488,#1536,.T.);
#3183=EDGE_CURVE('',#2489,#2490,#1192,.T.);
#3184=EDGE_CURVE('',#2491,#2490,#1537,.T.);
#3185=EDGE_CURVE('',#2492,#2491,#1193,.T.);
#3186=EDGE_CURVE('',#2492,#2493,#1194,.T.);
#3187=EDGE_CURVE('',#2494,#2493,#1195,.T.);
#3188=EDGE_CURVE('',#2495,#2494,#1538,.T.);
#3189=EDGE_CURVE('',#2495,#2496,#1196,.T.);
#3190=EDGE_CURVE('',#2497,#2496,#1539,.T.);
#3191=EDGE_CURVE('',#2498,#2497,#1197,.T.);
#3192=EDGE_CURVE('',#2498,#2499,#1198,.T.);
#3193=EDGE_CURVE('',#2500,#2499,#1199,.T.);
#3194=EDGE_CURVE('',#2501,#2500,#1540,.T.);
#3195=EDGE_CURVE('',#2501,#2502,#1200,.T.);
#3196=EDGE_CURVE('',#2503,#2502,#1541,.T.);
#3197=EDGE_CURVE('',#2504,#2503,#1201,.T.);
#3198=EDGE_CURVE('',#2504,#2505,#1202,.T.);
#3199=EDGE_CURVE('',#2506,#2505,#1203,.T.);
#3200=EDGE_CURVE('',#2507,#2506,#1542,.T.);
#3201=EDGE_CURVE('',#2507,#2508,#1204,.T.);
#3202=EDGE_CURVE('',#2509,#2508,#1543,.T.);
#3203=EDGE_CURVE('',#2510,#2509,#1205,.T.);
#3204=EDGE_CURVE('',#2510,#2511,#1206,.T.);
#3205=EDGE_CURVE('',#2512,#2511,#1207,.T.);
#3206=EDGE_CURVE('',#2513,#2512,#1544,.T.);
#3207=EDGE_CURVE('',#2513,#2514,#1208,.T.);
#3208=EDGE_CURVE('',#2515,#2514,#1545,.T.);
#3209=EDGE_CURVE('',#2516,#2515,#1209,.T.);
#3210=EDGE_CURVE('',#2516,#2517,#1210,.T.);
#3211=EDGE_CURVE('',#2518,#2517,#1211,.T.);
#3212=EDGE_CURVE('',#2519,#2518,#1546,.T.);
#3213=EDGE_CURVE('',#2519,#2520,#1212,.T.);
#3214=EDGE_CURVE('',#2521,#2520,#1547,.T.);
#3215=EDGE_CURVE('',#2522,#2521,#1213,.T.);
#3216=EDGE_CURVE('',#2522,#2523,#1214,.T.);
#3217=EDGE_CURVE('',#2524,#2523,#1215,.T.);
#3218=EDGE_CURVE('',#2525,#2524,#1548,.T.);
#3219=EDGE_CURVE('',#2525,#2526,#1216,.T.);
#3220=EDGE_CURVE('',#2527,#2526,#1549,.T.);
#3221=EDGE_CURVE('',#2528,#2527,#1217,.T.);
#3222=EDGE_CURVE('',#2528,#2529,#1218,.T.);
#3223=EDGE_CURVE('',#2530,#2529,#1219,.T.);
#3224=EDGE_CURVE('',#2531,#2530,#1550,.T.);
#3225=EDGE_CURVE('',#2531,#2532,#1220,.T.);
#3226=EDGE_CURVE('',#2533,#2532,#1551,.T.);
#3227=EDGE_CURVE('',#2534,#2533,#1221,.T.);
#3228=EDGE_CURVE('',#2534,#2535,#1222,.T.);
#3229=EDGE_CURVE('',#2536,#2535,#1223,.T.);
#3230=EDGE_CURVE('',#2537,#2536,#1552,.T.);
#3231=EDGE_CURVE('',#2537,#2538,#1224,.T.);
#3232=EDGE_CURVE('',#2539,#2538,#1553,.T.);
#3233=EDGE_CURVE('',#2540,#2539,#1225,.T.);
#3234=EDGE_CURVE('',#2540,#2541,#1226,.T.);
#3235=EDGE_CURVE('',#2542,#2541,#1227,.T.);
#3236=EDGE_CURVE('',#2543,#2542,#1554,.T.);
#3237=EDGE_CURVE('',#2543,#2473,#1228,.T.);
#3238=EDGE_CURVE('',#2544,#2545,#1229,.T.);
#3239=EDGE_CURVE('',#2545,#2474,#1555,.T.);
#3240=EDGE_CURVE('',#2544,#2472,#1556,.T.);
#3241=EDGE_CURVE('',#2546,#2545,#1230,.T.);
#3242=EDGE_CURVE('',#2475,#2546,#1557,.T.);
#3243=EDGE_CURVE('',#2546,#2547,#1231,.T.);
#3244=EDGE_CURVE('',#2476,#2547,#1558,.T.);
#3245=EDGE_CURVE('',#2548,#2544,#1559,.T.);
#3246=EDGE_CURVE('',#2548,#2473,#1560,.T.);
#3247=EDGE_CURVE('',#2547,#2549,#1561,.T.);
#3248=EDGE_CURVE('',#2477,#2549,#1562,.T.);
#3249=EDGE_CURVE('',#2549,#2550,#1232,.T.);
#3250=EDGE_CURVE('',#2478,#2550,#1563,.T.);
#3251=EDGE_CURVE('',#2543,#2551,#1564,.T.);
#3252=EDGE_CURVE('',#2551,#2548,#1233,.T.);
#3253=EDGE_CURVE('',#2552,#2526,#1565,.T.);
#3254=EDGE_CURVE('',#2552,#2553,#1566,.T.);
#3255=EDGE_CURVE('',#2553,#2527,#1567,.T.);
#3256=EDGE_CURVE('',#2554,#2551,#1568,.T.);
#3257=EDGE_CURVE('',#2555,#2554,#1234,.T.);
#3258=EDGE_CURVE('',#2555,#2556,#1235,.T.);
#3259=EDGE_CURVE('',#2557,#2556,#1236,.T.);
#3260=EDGE_CURVE('',#2558,#2557,#1569,.T.);
#3261=EDGE_CURVE('',#2559,#2558,#1237,.T.);
#3262=EDGE_CURVE('',#2560,#2559,#1570,.T.);
#3263=EDGE_CURVE('',#2561,#2560,#1238,.T.);
#3264=EDGE_CURVE('',#2561,#2562,#1239,.T.);
#3265=EDGE_CURVE('',#2563,#2562,#1240,.T.);
#3266=EDGE_CURVE('',#2564,#2563,#1571,.T.);
#3267=EDGE_CURVE('',#2565,#2564,#1241,.T.);
#3268=EDGE_CURVE('',#2566,#2565,#1572,.T.);
#3269=EDGE_CURVE('',#2567,#2566,#1242,.T.);
#3270=EDGE_CURVE('',#2567,#2568,#1243,.T.);
#3271=EDGE_CURVE('',#2553,#2568,#1244,.T.);
#3272=EDGE_CURVE('',#2569,#2552,#1245,.T.);
#3273=EDGE_CURVE('',#2570,#2569,#1573,.T.);
#3274=EDGE_CURVE('',#2571,#2570,#1246,.T.);
#3275=EDGE_CURVE('',#2571,#2572,#1247,.T.);
#3276=EDGE_CURVE('',#2573,#2572,#1248,.T.);
#3277=EDGE_CURVE('',#2574,#2573,#1574,.T.);
#3278=EDGE_CURVE('',#2575,#2574,#1249,.T.);
#3279=EDGE_CURVE('',#2576,#2575,#1575,.T.);
#3280=EDGE_CURVE('',#2577,#2576,#1250,.T.);
#3281=EDGE_CURVE('',#2577,#2578,#1251,.T.);
#3282=EDGE_CURVE('',#2579,#2578,#1252,.T.);
#3283=EDGE_CURVE('',#2580,#2579,#1576,.T.);
#3284=EDGE_CURVE('',#2581,#2580,#1253,.T.);
#3285=EDGE_CURVE('',#2582,#2581,#1577,.T.);
#3286=EDGE_CURVE('',#2583,#2582,#1254,.T.);
#3287=EDGE_CURVE('',#2583,#2584,#1255,.T.);
#3288=EDGE_CURVE('',#2585,#2584,#1256,.T.);
#3289=EDGE_CURVE('',#2586,#2585,#1578,.T.);
#3290=EDGE_CURVE('',#2587,#2586,#1257,.T.);
#3291=EDGE_CURVE('',#2588,#2587,#1579,.T.);
#3292=EDGE_CURVE('',#2589,#2588,#1258,.T.);
#3293=EDGE_CURVE('',#2589,#2590,#1259,.T.);
#3294=EDGE_CURVE('',#2591,#2590,#1260,.T.);
#3295=EDGE_CURVE('',#2592,#2591,#1580,.T.);
#3296=EDGE_CURVE('',#2593,#2592,#1261,.T.);
#3297=EDGE_CURVE('',#2594,#2593,#1581,.T.);
#3298=EDGE_CURVE('',#2595,#2594,#1262,.T.);
#3299=EDGE_CURVE('',#2595,#2596,#1263,.T.);
#3300=EDGE_CURVE('',#2597,#2596,#1264,.T.);
#3301=EDGE_CURVE('',#2598,#2597,#1582,.T.);
#3302=EDGE_CURVE('',#2599,#2598,#1265,.T.);
#3303=EDGE_CURVE('',#2600,#2599,#1583,.T.);
#3304=EDGE_CURVE('',#2601,#2600,#1266,.T.);
#3305=EDGE_CURVE('',#2601,#2602,#1267,.T.);
#3306=EDGE_CURVE('',#2603,#2602,#1268,.T.);
#3307=EDGE_CURVE('',#2604,#2603,#1584,.T.);
#3308=EDGE_CURVE('',#2605,#2604,#1269,.T.);
#3309=EDGE_CURVE('',#2606,#2605,#1585,.T.);
#3310=EDGE_CURVE('',#2607,#2606,#1270,.T.);
#3311=EDGE_CURVE('',#2607,#2608,#1271,.T.);
#3312=EDGE_CURVE('',#2609,#2608,#1272,.T.);
#3313=EDGE_CURVE('',#2610,#2609,#1586,.T.);
#3314=EDGE_CURVE('',#2611,#2610,#1273,.T.);
#3315=EDGE_CURVE('',#2612,#2611,#1587,.T.);
#3316=EDGE_CURVE('',#2613,#2612,#1274,.T.);
#3317=EDGE_CURVE('',#2613,#2614,#1275,.T.);
#3318=EDGE_CURVE('',#2615,#2614,#1276,.T.);
#3319=EDGE_CURVE('',#2550,#2615,#1588,.T.);
#3320=EDGE_CURVE('',#2556,#2540,#1589,.T.);
#3321=EDGE_CURVE('',#2557,#2539,#1590,.T.);
#3322=EDGE_CURVE('',#2541,#2555,#1591,.T.);
#3323=EDGE_CURVE('',#2542,#2554,#1592,.T.);
#3324=EDGE_CURVE('',#2558,#2538,#1593,.T.);
#3325=EDGE_CURVE('',#2537,#2559,#1594,.T.);
#3326=EDGE_CURVE('',#2574,#2520,#1595,.T.);
#3327=EDGE_CURVE('',#2573,#2521,#1596,.T.);
#3328=EDGE_CURVE('',#2562,#2534,#1597,.T.);
#3329=EDGE_CURVE('',#2563,#2533,#1598,.T.);
#3330=EDGE_CURVE('',#2535,#2561,#1599,.T.);
#3331=EDGE_CURVE('',#2536,#2560,#1600,.T.);
#3332=EDGE_CURVE('',#2564,#2532,#1601,.T.);
#3333=EDGE_CURVE('',#2531,#2565,#1602,.T.);
#3334=EDGE_CURVE('',#2580,#2514,#1603,.T.);
#3335=EDGE_CURVE('',#2579,#2515,#1604,.T.);
#3336=EDGE_CURVE('',#2568,#2528,#1605,.T.);
#3337=EDGE_CURVE('',#2529,#2567,#1606,.T.);
#3338=EDGE_CURVE('',#2530,#2566,#1607,.T.);
#3339=EDGE_CURVE('',#2525,#2569,#1608,.T.);
#3340=EDGE_CURVE('',#2586,#2508,#1609,.T.);
#3341=EDGE_CURVE('',#2585,#2509,#1610,.T.);
#3342=EDGE_CURVE('',#2572,#2522,#1611,.T.);
#3343=EDGE_CURVE('',#2523,#2571,#1612,.T.);
#3344=EDGE_CURVE('',#2524,#2570,#1613,.T.);
#3345=EDGE_CURVE('',#2519,#2575,#1614,.T.);
#3346=EDGE_CURVE('',#2592,#2502,#1615,.T.);
#3347=EDGE_CURVE('',#2591,#2503,#1616,.T.);
#3348=EDGE_CURVE('',#2578,#2516,#1617,.T.);
#3349=EDGE_CURVE('',#2517,#2577,#1618,.T.);
#3350=EDGE_CURVE('',#2518,#2576,#1619,.T.);
#3351=EDGE_CURVE('',#2513,#2581,#1620,.T.);
#3352=EDGE_CURVE('',#2598,#2496,#1621,.T.);
#3353=EDGE_CURVE('',#2597,#2497,#1622,.T.);
#3354=EDGE_CURVE('',#2584,#2510,#1623,.T.);
#3355=EDGE_CURVE('',#2511,#2583,#1624,.T.);
#3356=EDGE_CURVE('',#2512,#2582,#1625,.T.);
#3357=EDGE_CURVE('',#2507,#2587,#1626,.T.);
#3358=EDGE_CURVE('',#2604,#2490,#1627,.T.);
#3359=EDGE_CURVE('',#2603,#2491,#1628,.T.);
#3360=EDGE_CURVE('',#2590,#2504,#1629,.T.);
#3361=EDGE_CURVE('',#2505,#2589,#1630,.T.);
#3362=EDGE_CURVE('',#2506,#2588,#1631,.T.);
#3363=EDGE_CURVE('',#2501,#2593,#1632,.T.);
#3364=EDGE_CURVE('',#2610,#2484,#1633,.T.);
#3365=EDGE_CURVE('',#2609,#2485,#1634,.T.);
#3366=EDGE_CURVE('',#2596,#2498,#1635,.T.);
#3367=EDGE_CURVE('',#2499,#2595,#1636,.T.);
#3368=EDGE_CURVE('',#2500,#2594,#1637,.T.);
#3369=EDGE_CURVE('',#2615,#2479,#1638,.T.);
#3370=EDGE_CURVE('',#2495,#2599,#1639,.T.);
#3371=EDGE_CURVE('',#2602,#2492,#1640,.T.);
#3372=EDGE_CURVE('',#2493,#2601,#1641,.T.);
#3373=EDGE_CURVE('',#2494,#2600,#1642,.T.);
#3374=EDGE_CURVE('',#2608,#2486,#1643,.T.);
#3375=EDGE_CURVE('',#2487,#2607,#1644,.T.);
#3376=EDGE_CURVE('',#2488,#2606,#1645,.T.);
#3377=EDGE_CURVE('',#2489,#2605,#1646,.T.);
#3378=EDGE_CURVE('',#2611,#2483,#1647,.T.);
#3379=EDGE_CURVE('',#2614,#2480,#1648,.T.);
#3380=EDGE_CURVE('',#2481,#2613,#1649,.T.);
#3381=EDGE_CURVE('',#2482,#2612,#1650,.T.);
#3382=EDGE_CURVE('',#2616,#2454,#1277,.T.);
#3383=EDGE_CURVE('',#2455,#2617,#1278,.T.);
#3384=EDGE_CURVE('',#2617,#2616,#1651,.T.);
#3385=EDGE_CURVE('',#2456,#2618,#1279,.T.);
#3386=EDGE_CURVE('',#2618,#2619,#1652,.T.);
#3387=EDGE_CURVE('',#2619,#2457,#1280,.T.);
#3388=EDGE_CURVE('',#2620,#2618,#1653,.T.);
#3389=EDGE_CURVE('',#2621,#2620,#1654,.T.);
#3390=EDGE_CURVE('',#2619,#2621,#1655,.T.);
#3391=EDGE_CURVE('',#2622,#2617,#1656,.T.);
#3392=EDGE_CURVE('',#2623,#2621,#1281,.T.);
#3393=EDGE_CURVE('',#2623,#2624,#1657,.T.);
#3394=EDGE_CURVE('',#2622,#2624,#1282,.T.);
#3395=EDGE_CURVE('',#2625,#2625,#1283,.T.);
#3396=EDGE_CURVE('',#2626,#2622,#1658,.T.);
#3397=EDGE_CURVE('',#2626,#2616,#1659,.T.);
#3398=EDGE_CURVE('',#2627,#2626,#1284,.T.);
#3399=EDGE_CURVE('',#2627,#2628,#1660,.T.);
#3400=EDGE_CURVE('',#2620,#2628,#1285,.T.);
#3401=EDGE_CURVE('',#2629,#2629,#1286,.T.);
#3402=EDGE_CURVE('',#2624,#2627,#1661,.T.);
#3403=EDGE_CURVE('',#2628,#2623,#1662,.T.);
#3404=EDGE_CURVE('',#2625,#2629,#1663,.T.);
#3405=EDGE_CURVE('',#2630,#2450,#1287,.T.);
#3406=EDGE_CURVE('',#2451,#2631,#1288,.T.);
#3407=EDGE_CURVE('',#2631,#2630,#1664,.T.);
#3408=EDGE_CURVE('',#2452,#2632,#1289,.T.);
#3409=EDGE_CURVE('',#2632,#2633,#1665,.T.);
#3410=EDGE_CURVE('',#2633,#2453,#1290,.T.);
#3411=EDGE_CURVE('',#2634,#2632,#1666,.T.);
#3412=EDGE_CURVE('',#2635,#2634,#1667,.T.);
#3413=EDGE_CURVE('',#2633,#2635,#1668,.T.);
#3414=EDGE_CURVE('',#2636,#2631,#1669,.T.);
#3415=EDGE_CURVE('',#2637,#2635,#1291,.T.);
#3416=EDGE_CURVE('',#2637,#2638,#1670,.T.);
#3417=EDGE_CURVE('',#2636,#2638,#1292,.T.);
#3418=EDGE_CURVE('',#2639,#2639,#1293,.T.);
#3419=EDGE_CURVE('',#2640,#2636,#1671,.T.);
#3420=EDGE_CURVE('',#2640,#2630,#1672,.T.);
#3421=EDGE_CURVE('',#2641,#2640,#1294,.T.);
#3422=EDGE_CURVE('',#2641,#2642,#1673,.T.);
#3423=EDGE_CURVE('',#2634,#2642,#1295,.T.);
#3424=EDGE_CURVE('',#2643,#2643,#1296,.T.);
#3425=EDGE_CURVE('',#2638,#2641,#1674,.T.);
#3426=EDGE_CURVE('',#2642,#2637,#1675,.T.);
#3427=EDGE_CURVE('',#2639,#2643,#1676,.T.);
#3428=EDGE_CURVE('',#2644,#2446,#1297,.T.);
#3429=EDGE_CURVE('',#2447,#2645,#1298,.T.);
#3430=EDGE_CURVE('',#2645,#2644,#1677,.T.);
#3431=EDGE_CURVE('',#2448,#2646,#1299,.T.);
#3432=EDGE_CURVE('',#2646,#2647,#1678,.T.);
#3433=EDGE_CURVE('',#2647,#2449,#1300,.T.);
#3434=EDGE_CURVE('',#2648,#2646,#1679,.T.);
#3435=EDGE_CURVE('',#2649,#2648,#1680,.T.);
#3436=EDGE_CURVE('',#2647,#2649,#1681,.T.);
#3437=EDGE_CURVE('',#2650,#2645,#1682,.T.);
#3438=EDGE_CURVE('',#2651,#2649,#1301,.T.);
#3439=EDGE_CURVE('',#2651,#2652,#1683,.T.);
#3440=EDGE_CURVE('',#2650,#2652,#1302,.T.);
#3441=EDGE_CURVE('',#2653,#2653,#1303,.T.);
#3442=EDGE_CURVE('',#2654,#2650,#1684,.T.);
#3443=EDGE_CURVE('',#2654,#2644,#1685,.T.);
#3444=EDGE_CURVE('',#2655,#2654,#1304,.T.);
#3445=EDGE_CURVE('',#2655,#2656,#1686,.T.);
#3446=EDGE_CURVE('',#2648,#2656,#1305,.T.);
#3447=EDGE_CURVE('',#2657,#2657,#1306,.T.);
#3448=EDGE_CURVE('',#2652,#2655,#1687,.T.);
#3449=EDGE_CURVE('',#2656,#2651,#1688,.T.);
#3450=EDGE_CURVE('',#2653,#2657,#1689,.T.);
#3451=EDGE_CURVE('',#2658,#2442,#1307,.T.);
#3452=EDGE_CURVE('',#2443,#2659,#1308,.T.);
#3453=EDGE_CURVE('',#2659,#2658,#1690,.T.);
#3454=EDGE_CURVE('',#2444,#2660,#1309,.T.);
#3455=EDGE_CURVE('',#2660,#2661,#1691,.T.);
#3456=EDGE_CURVE('',#2661,#2445,#1310,.T.);
#3457=EDGE_CURVE('',#2662,#2660,#1692,.T.);
#3458=EDGE_CURVE('',#2663,#2662,#1693,.T.);
#3459=EDGE_CURVE('',#2661,#2663,#1694,.T.);
#3460=EDGE_CURVE('',#2664,#2659,#1695,.T.);
#3461=EDGE_CURVE('',#2665,#2663,#1311,.T.);
#3462=EDGE_CURVE('',#2665,#2666,#1696,.T.);
#3463=EDGE_CURVE('',#2664,#2666,#1312,.T.);
#3464=EDGE_CURVE('',#2667,#2667,#1313,.T.);
#3465=EDGE_CURVE('',#2668,#2664,#1697,.T.);
#3466=EDGE_CURVE('',#2668,#2658,#1698,.T.);
#3467=EDGE_CURVE('',#2669,#2668,#1314,.T.);
#3468=EDGE_CURVE('',#2669,#2670,#1699,.T.);
#3469=EDGE_CURVE('',#2662,#2670,#1315,.T.);
#3470=EDGE_CURVE('',#2671,#2671,#1316,.T.);
#3471=EDGE_CURVE('',#2666,#2669,#1700,.T.);
#3472=EDGE_CURVE('',#2670,#2665,#1701,.T.);
#3473=EDGE_CURVE('',#2667,#2671,#1702,.T.);
#3474=EDGE_CURVE('',#2672,#2672,#1317,.T.);
#3475=EDGE_CURVE('',#2672,#2673,#1703,.T.);
#3476=EDGE_CURVE('',#2673,#2673,#1318,.T.);
#3477=EDGE_CURVE('',#2674,#2674,#1319,.T.);
#3478=EDGE_CURVE('',#2674,#2675,#1704,.T.);
#3479=EDGE_CURVE('',#2675,#2675,#1320,.T.);
#3480=EDGE_CURVE('',#2676,#2677,#1321,.T.);
#3481=EDGE_CURVE('',#2677,#2676,#1705,.T.);
#3482=EDGE_CURVE('',#2678,#2678,#1322,.T.);
#3483=EDGE_CURVE('',#2679,#2679,#1323,.T.);
#3484=EDGE_CURVE('',#2680,#2680,#1324,.T.);
#3485=EDGE_CURVE('',#2675,#2681,#1706,.T.);
#3486=EDGE_CURVE('',#2681,#2681,#1325,.T.);
#3487=EDGE_CURVE('',#2682,#2683,#1326,.T.);
#3488=EDGE_CURVE('',#2683,#2676,#175,.T.);
#3489=EDGE_CURVE('',#2677,#2682,#176,.T.);
#3490=EDGE_CURVE('',#2683,#2682,#1707,.T.);
#3491=EDGE_CURVE('',#2682,#2684,#1708,.T.);
#3492=EDGE_CURVE('',#2685,#2684,#1327,.T.);
#3493=EDGE_CURVE('',#2683,#2685,#1709,.T.);
#3494=EDGE_CURVE('',#2686,#2687,#1328,.T.);
#3495=EDGE_CURVE('',#2686,#2688,#1710,.T.);
#3496=EDGE_CURVE('',#2689,#2688,#1329,.T.);
#3497=EDGE_CURVE('',#2687,#2689,#1711,.T.);
#3498=EDGE_CURVE('',#2687,#2686,#1712,.T.);
#3499=EDGE_CURVE('',#2688,#2689,#1713,.T.);
#3500=EDGE_CURVE('',#2684,#2685,#1714,.T.);
#3501=EDGE_CURVE('',#2678,#2690,#1715,.T.);
#3502=EDGE_CURVE('',#2690,#2690,#1330,.T.);
#3503=EDGE_CURVE('',#2679,#2691,#1716,.T.);
#3504=EDGE_CURVE('',#2691,#2691,#1331,.T.);
#3505=EDGE_CURVE('',#2680,#2692,#1717,.T.);
#3506=EDGE_CURVE('',#2692,#2692,#1332,.T.);
#3507=EDGE_CURVE('',#2693,#2694,#1333,.T.);
#3508=EDGE_CURVE('',#2694,#2695,#1334,.T.);
#3509=EDGE_CURVE('',#2695,#2695,#1335,.T.);
#3510=EDGE_CURVE('',#2694,#2693,#1336,.T.);
#3511=EDGE_CURVE('',#2696,#2697,#1337,.T.);
#3512=EDGE_CURVE('',#2696,#2693,#1718,.T.);
#3513=EDGE_CURVE('',#2697,#2696,#1338,.T.);
#3514=EDGE_CURVE('',#2698,#2698,#1339,.T.);
#3515=EDGE_CURVE('',#2699,#2699,#1340,.T.);
#3516=EDGE_CURVE('',#2699,#2697,#1341,.T.);
#3517=EDGE_CURVE('',#2700,#2701,#1719,.T.);
#3518=EDGE_CURVE('',#2701,#2702,#1720,.T.);
#3519=EDGE_CURVE('',#2702,#2703,#1721,.T.);
#3520=EDGE_CURVE('',#2703,#2704,#1722,.T.);
#3521=EDGE_CURVE('',#2704,#2705,#1723,.T.);
#3522=EDGE_CURVE('',#2705,#2700,#1724,.T.);
#3523=EDGE_CURVE('',#2700,#2706,#1725,.T.);
#3524=EDGE_CURVE('',#2706,#2707,#1726,.T.);
#3525=EDGE_CURVE('',#2701,#2707,#1727,.T.);
#3526=EDGE_CURVE('',#2705,#2708,#1728,.T.);
#3527=EDGE_CURVE('',#2708,#2706,#1729,.T.);
#3528=EDGE_CURVE('',#2704,#2709,#1730,.T.);
#3529=EDGE_CURVE('',#2709,#2708,#1731,.T.);
#3530=EDGE_CURVE('',#2703,#2710,#1732,.T.);
#3531=EDGE_CURVE('',#2710,#2709,#1733,.T.);
#3532=EDGE_CURVE('',#2702,#2711,#1734,.T.);
#3533=EDGE_CURVE('',#2711,#2710,#1735,.T.);
#3534=EDGE_CURVE('',#2707,#2711,#1736,.T.);
#3535=EDGE_CURVE('',#2712,#2712,#1342,.T.);
#3536=EDGE_CURVE('',#2712,#2698,#1737,.T.);
#3537=EDGE_CURVE('',#2713,#2713,#1343,.T.);
#3538=EDGE_CURVE('',#2714,#2715,#1344,.T.);
#3539=EDGE_CURVE('',#2715,#2716,#1345,.T.);
#3540=EDGE_CURVE('',#2716,#2716,#1346,.T.);
#3541=EDGE_CURVE('',#2715,#2714,#1347,.T.);
#3542=EDGE_CURVE('',#2717,#2718,#1348,.T.);
#3543=EDGE_CURVE('',#2717,#2714,#1738,.T.);
#3544=EDGE_CURVE('',#2718,#2717,#1349,.T.);
#3545=EDGE_CURVE('',#2719,#2719,#1350,.T.);
#3546=EDGE_CURVE('',#2720,#2720,#1351,.T.);
#3547=EDGE_CURVE('',#2720,#2718,#1352,.T.);
#3548=EDGE_CURVE('',#2721,#2722,#1739,.T.);
#3549=EDGE_CURVE('',#2722,#2723,#1740,.T.);
#3550=EDGE_CURVE('',#2723,#2724,#1741,.T.);
#3551=EDGE_CURVE('',#2724,#2725,#1742,.T.);
#3552=EDGE_CURVE('',#2725,#2726,#1743,.T.);
#3553=EDGE_CURVE('',#2726,#2721,#1744,.T.);
#3554=EDGE_CURVE('',#2721,#2727,#1745,.T.);
#3555=EDGE_CURVE('',#2727,#2728,#1746,.T.);
#3556=EDGE_CURVE('',#2722,#2728,#1747,.T.);
#3557=EDGE_CURVE('',#2726,#2729,#1748,.T.);
#3558=EDGE_CURVE('',#2729,#2727,#1749,.T.);
#3559=EDGE_CURVE('',#2725,#2730,#1750,.T.);
#3560=EDGE_CURVE('',#2730,#2729,#1751,.T.);
#3561=EDGE_CURVE('',#2724,#2731,#1752,.T.);
#3562=EDGE_CURVE('',#2731,#2730,#1753,.T.);
#3563=EDGE_CURVE('',#2723,#2732,#1754,.T.);
#3564=EDGE_CURVE('',#2732,#2731,#1755,.T.);
#3565=EDGE_CURVE('',#2728,#2732,#1756,.T.);
#3566=EDGE_CURVE('',#2713,#2719,#1757,.T.);
#3567=ORIENTED_EDGE('',*,*,#2733,.T.);
#3568=ORIENTED_EDGE('',*,*,#2734,.T.);
#3569=ORIENTED_EDGE('',*,*,#2735,.T.);
#3570=ORIENTED_EDGE('',*,*,#2736,.T.);
#3571=ORIENTED_EDGE('',*,*,#2734,.F.);
#3572=ORIENTED_EDGE('',*,*,#2737,.F.);
#3573=ORIENTED_EDGE('',*,*,#2738,.T.);
#3574=ORIENTED_EDGE('',*,*,#2739,.F.);
#3575=ORIENTED_EDGE('',*,*,#2740,.F.);
#3576=ORIENTED_EDGE('',*,*,#2733,.F.);
#3577=ORIENTED_EDGE('',*,*,#2741,.T.);
#3578=ORIENTED_EDGE('',*,*,#2742,.T.);
#3579=ORIENTED_EDGE('',*,*,#2743,.T.);
#3580=ORIENTED_EDGE('',*,*,#2744,.T.);
#3581=ORIENTED_EDGE('',*,*,#2745,.T.);
#3582=ORIENTED_EDGE('',*,*,#2737,.T.);
#3583=ORIENTED_EDGE('',*,*,#2746,.T.);
#3584=ORIENTED_EDGE('',*,*,#2747,.T.);
#3585=ORIENTED_EDGE('',*,*,#2748,.T.);
#3586=ORIENTED_EDGE('',*,*,#2742,.F.);
#3587=ORIENTED_EDGE('',*,*,#2749,.T.);
#3588=ORIENTED_EDGE('',*,*,#2750,.T.);
#3589=ORIENTED_EDGE('',*,*,#2751,.T.);
#3590=ORIENTED_EDGE('',*,*,#2752,.T.);
#3591=ORIENTED_EDGE('',*,*,#2749,.F.);
#3592=ORIENTED_EDGE('',*,*,#2753,.T.);
#3593=ORIENTED_EDGE('',*,*,#2754,.T.);
#3594=ORIENTED_EDGE('',*,*,#2755,.T.);
#3595=ORIENTED_EDGE('',*,*,#2756,.T.);
#3596=ORIENTED_EDGE('',*,*,#2757,.T.);
#3597=ORIENTED_EDGE('',*,*,#2758,.T.);
#3598=ORIENTED_EDGE('',*,*,#2752,.F.);
#3599=ORIENTED_EDGE('',*,*,#2759,.F.);
#3600=ORIENTED_EDGE('',*,*,#2760,.T.);
#3601=ORIENTED_EDGE('',*,*,#2761,.F.);
#3602=ORIENTED_EDGE('',*,*,#2753,.F.);
#3603=ORIENTED_EDGE('',*,*,#2751,.F.);
#3604=ORIENTED_EDGE('',*,*,#2762,.T.);
#3605=ORIENTED_EDGE('',*,*,#2763,.F.);
#3606=ORIENTED_EDGE('',*,*,#2764,.T.);
#3607=ORIENTED_EDGE('',*,*,#2765,.T.);
#3608=ORIENTED_EDGE('',*,*,#2766,.F.);
#3609=ORIENTED_EDGE('',*,*,#2767,.F.);
#3610=ORIENTED_EDGE('',*,*,#2768,.F.);
#3611=ORIENTED_EDGE('',*,*,#2769,.F.);
#3612=ORIENTED_EDGE('',*,*,#2770,.F.);
#3613=ORIENTED_EDGE('',*,*,#2771,.F.);
#3614=ORIENTED_EDGE('',*,*,#2759,.T.);
#3615=ORIENTED_EDGE('',*,*,#2772,.T.);
#3616=ORIENTED_EDGE('',*,*,#2761,.T.);
#3617=ORIENTED_EDGE('',*,*,#2773,.T.);
#3618=ORIENTED_EDGE('',*,*,#2774,.T.);
#3619=ORIENTED_EDGE('',*,*,#2754,.F.);
#3620=ORIENTED_EDGE('',*,*,#2775,.F.);
#3621=ORIENTED_EDGE('',*,*,#2776,.T.);
#3622=ORIENTED_EDGE('',*,*,#2777,.F.);
#3623=ORIENTED_EDGE('',*,*,#2778,.T.);
#3624=ORIENTED_EDGE('',*,*,#2779,.T.);
#3625=ORIENTED_EDGE('',*,*,#2780,.F.);
#3626=ORIENTED_EDGE('',*,*,#2781,.F.);
#3627=ORIENTED_EDGE('',*,*,#2782,.F.);
#3628=ORIENTED_EDGE('',*,*,#2783,.F.);
#3629=ORIENTED_EDGE('',*,*,#2784,.F.);
#3630=ORIENTED_EDGE('',*,*,#2785,.F.);
#3631=ORIENTED_EDGE('',*,*,#2786,.T.);
#3632=ORIENTED_EDGE('',*,*,#2787,.T.);
#3633=ORIENTED_EDGE('',*,*,#2788,.F.);
#3634=ORIENTED_EDGE('',*,*,#2789,.F.);
#3635=ORIENTED_EDGE('',*,*,#2790,.T.);
#3636=ORIENTED_EDGE('',*,*,#2788,.T.);
#3637=ORIENTED_EDGE('',*,*,#2790,.F.);
#3638=ORIENTED_EDGE('',*,*,#2791,.F.);
#3639=ORIENTED_EDGE('',*,*,#2792,.T.);
#3640=ORIENTED_EDGE('',*,*,#2772,.F.);
#3641=ORIENTED_EDGE('',*,*,#2792,.F.);
#3642=ORIENTED_EDGE('',*,*,#2755,.F.);
#3643=ORIENTED_EDGE('',*,*,#2774,.F.);
#3644=ORIENTED_EDGE('',*,*,#2793,.F.);
#3645=ORIENTED_EDGE('',*,*,#2794,.F.);
#3646=ORIENTED_EDGE('',*,*,#2735,.F.);
#3647=ORIENTED_EDGE('',*,*,#2740,.T.);
#3648=ORIENTED_EDGE('',*,*,#2795,.F.);
#3649=ORIENTED_EDGE('',*,*,#2796,.T.);
#3650=ORIENTED_EDGE('',*,*,#2797,.T.);
#3651=ORIENTED_EDGE('',*,*,#2798,.F.);
#3652=ORIENTED_EDGE('',*,*,#2799,.F.);
#3653=ORIENTED_EDGE('',*,*,#2800,.F.);
#3654=ORIENTED_EDGE('',*,*,#2801,.F.);
#3655=ORIENTED_EDGE('',*,*,#2802,.F.);
#3656=ORIENTED_EDGE('',*,*,#2803,.T.);
#3657=ORIENTED_EDGE('',*,*,#2804,.T.);
#3658=ORIENTED_EDGE('',*,*,#2805,.F.);
#3659=ORIENTED_EDGE('',*,*,#2806,.T.);
#3660=ORIENTED_EDGE('',*,*,#2804,.F.);
#3661=ORIENTED_EDGE('',*,*,#2806,.F.);
#3662=ORIENTED_EDGE('',*,*,#2807,.T.);
#3663=ORIENTED_EDGE('',*,*,#2808,.F.);
#3664=ORIENTED_EDGE('',*,*,#2809,.T.);
#3665=ORIENTED_EDGE('',*,*,#2810,.F.);
#3666=ORIENTED_EDGE('',*,*,#2811,.T.);
#3667=ORIENTED_EDGE('',*,*,#2812,.F.);
#3668=ORIENTED_EDGE('',*,*,#2813,.T.);
#3669=ORIENTED_EDGE('',*,*,#2814,.F.);
#3670=ORIENTED_EDGE('',*,*,#2815,.F.);
#3671=ORIENTED_EDGE('',*,*,#2789,.T.);
#3672=ORIENTED_EDGE('',*,*,#2793,.T.);
#3673=ORIENTED_EDGE('',*,*,#2773,.F.);
#3674=ORIENTED_EDGE('',*,*,#2816,.T.);
#3675=ORIENTED_EDGE('',*,*,#2817,.F.);
#3676=ORIENTED_EDGE('',*,*,#2818,.T.);
#3677=ORIENTED_EDGE('',*,*,#2819,.F.);
#3678=ORIENTED_EDGE('',*,*,#2820,.T.);
#3679=ORIENTED_EDGE('',*,*,#2821,.F.);
#3680=ORIENTED_EDGE('',*,*,#2822,.F.);
#3681=ORIENTED_EDGE('',*,*,#2791,.T.);
#3682=ORIENTED_EDGE('',*,*,#2823,.T.);
#3683=ORIENTED_EDGE('',*,*,#2747,.F.);
#3684=ORIENTED_EDGE('',*,*,#2824,.T.);
#3685=ORIENTED_EDGE('',*,*,#2825,.F.);
#3686=ORIENTED_EDGE('',*,*,#2826,.T.);
#3687=ORIENTED_EDGE('',*,*,#2827,.F.);
#3688=ORIENTED_EDGE('',*,*,#2828,.T.);
#3689=ORIENTED_EDGE('',*,*,#2829,.F.);
#3690=ORIENTED_EDGE('',*,*,#2830,.F.);
#3691=ORIENTED_EDGE('',*,*,#2805,.T.);
#3692=ORIENTED_EDGE('',*,*,#2831,.T.);
#3693=ORIENTED_EDGE('',*,*,#2832,.T.);
#3694=ORIENTED_EDGE('',*,*,#2833,.T.);
#3695=ORIENTED_EDGE('',*,*,#2834,.T.);
#3696=ORIENTED_EDGE('',*,*,#2832,.F.);
#3697=ORIENTED_EDGE('',*,*,#2835,.F.);
#3698=ORIENTED_EDGE('',*,*,#2836,.T.);
#3699=ORIENTED_EDGE('',*,*,#2837,.F.);
#3700=ORIENTED_EDGE('',*,*,#2838,.F.);
#3701=ORIENTED_EDGE('',*,*,#2831,.F.);
#3702=ORIENTED_EDGE('',*,*,#2839,.T.);
#3703=ORIENTED_EDGE('',*,*,#2840,.T.);
#3704=ORIENTED_EDGE('',*,*,#2841,.T.);
#3705=ORIENTED_EDGE('',*,*,#2842,.T.);
#3706=ORIENTED_EDGE('',*,*,#2843,.T.);
#3707=ORIENTED_EDGE('',*,*,#2844,.T.);
#3708=ORIENTED_EDGE('',*,*,#2845,.T.);
#3709=ORIENTED_EDGE('',*,*,#2846,.T.);
#3710=ORIENTED_EDGE('',*,*,#2835,.T.);
#3711=ORIENTED_EDGE('',*,*,#2833,.F.);
#3712=ORIENTED_EDGE('',*,*,#2838,.T.);
#3713=ORIENTED_EDGE('',*,*,#2847,.F.);
#3714=ORIENTED_EDGE('',*,*,#2848,.T.);
#3715=ORIENTED_EDGE('',*,*,#2849,.T.);
#3716=ORIENTED_EDGE('',*,*,#2850,.F.);
#3717=ORIENTED_EDGE('',*,*,#2851,.F.);
#3718=ORIENTED_EDGE('',*,*,#2852,.F.);
#3719=ORIENTED_EDGE('',*,*,#2853,.F.);
#3720=ORIENTED_EDGE('',*,*,#2854,.F.);
#3721=ORIENTED_EDGE('',*,*,#2855,.F.);
#3722=ORIENTED_EDGE('',*,*,#2856,.T.);
#3723=ORIENTED_EDGE('',*,*,#2857,.T.);
#3724=ORIENTED_EDGE('',*,*,#2858,.F.);
#3725=ORIENTED_EDGE('',*,*,#2807,.F.);
#3726=ORIENTED_EDGE('',*,*,#2859,.F.);
#3727=ORIENTED_EDGE('',*,*,#2860,.F.);
#3728=ORIENTED_EDGE('',*,*,#2861,.F.);
#3729=ORIENTED_EDGE('',*,*,#2862,.F.);
#3730=ORIENTED_EDGE('',*,*,#2863,.F.);
#3731=ORIENTED_EDGE('',*,*,#2842,.F.);
#3732=ORIENTED_EDGE('',*,*,#2864,.F.);
#3733=ORIENTED_EDGE('',*,*,#2743,.F.);
#3734=ORIENTED_EDGE('',*,*,#2748,.F.);
#3735=ORIENTED_EDGE('',*,*,#2823,.F.);
#3736=ORIENTED_EDGE('',*,*,#2860,.T.);
#3737=ORIENTED_EDGE('',*,*,#2865,.T.);
#3738=ORIENTED_EDGE('',*,*,#2866,.T.);
#3739=ORIENTED_EDGE('',*,*,#2867,.T.);
#3740=ORIENTED_EDGE('',*,*,#2868,.F.);
#3741=ORIENTED_EDGE('',*,*,#2869,.T.);
#3742=ORIENTED_EDGE('',*,*,#2870,.T.);
#3743=ORIENTED_EDGE('',*,*,#2859,.T.);
#3744=ORIENTED_EDGE('',*,*,#2815,.T.);
#3745=ORIENTED_EDGE('',*,*,#2871,.F.);
#3746=ORIENTED_EDGE('',*,*,#2779,.F.);
#3747=ORIENTED_EDGE('',*,*,#2872,.F.);
#3748=ORIENTED_EDGE('',*,*,#2873,.T.);
#3749=ORIENTED_EDGE('',*,*,#2865,.F.);
#3750=ORIENTED_EDGE('',*,*,#2858,.T.);
#3751=ORIENTED_EDGE('',*,*,#2870,.F.);
#3752=ORIENTED_EDGE('',*,*,#2874,.T.);
#3753=ORIENTED_EDGE('',*,*,#2786,.F.);
#3754=ORIENTED_EDGE('',*,*,#2875,.T.);
#3755=ORIENTED_EDGE('',*,*,#2808,.T.);
#3756=ORIENTED_EDGE('',*,*,#2794,.T.);
#3757=ORIENTED_EDGE('',*,*,#2822,.T.);
#3758=ORIENTED_EDGE('',*,*,#2876,.F.);
#3759=ORIENTED_EDGE('',*,*,#2765,.F.);
#3760=ORIENTED_EDGE('',*,*,#2877,.F.);
#3761=ORIENTED_EDGE('',*,*,#2878,.T.);
#3762=ORIENTED_EDGE('',*,*,#2756,.F.);
#3763=ORIENTED_EDGE('',*,*,#2863,.T.);
#3764=ORIENTED_EDGE('',*,*,#2879,.T.);
#3765=ORIENTED_EDGE('',*,*,#2880,.F.);
#3766=ORIENTED_EDGE('',*,*,#2849,.F.);
#3767=ORIENTED_EDGE('',*,*,#2881,.F.);
#3768=ORIENTED_EDGE('',*,*,#2843,.F.);
#3769=ORIENTED_EDGE('',*,*,#2864,.T.);
#3770=ORIENTED_EDGE('',*,*,#2830,.T.);
#3771=ORIENTED_EDGE('',*,*,#2882,.F.);
#3772=ORIENTED_EDGE('',*,*,#2797,.F.);
#3773=ORIENTED_EDGE('',*,*,#2883,.F.);
#3774=ORIENTED_EDGE('',*,*,#2884,.T.);
#3775=ORIENTED_EDGE('',*,*,#2744,.F.);
#3776=ORIENTED_EDGE('',*,*,#2868,.T.);
#3777=ORIENTED_EDGE('',*,*,#2885,.F.);
#3778=ORIENTED_EDGE('',*,*,#2775,.T.);
#3779=ORIENTED_EDGE('',*,*,#2886,.T.);
#3780=ORIENTED_EDGE('',*,*,#2886,.F.);
#3781=ORIENTED_EDGE('',*,*,#2787,.F.);
#3782=ORIENTED_EDGE('',*,*,#2874,.F.);
#3783=ORIENTED_EDGE('',*,*,#2869,.F.);
#3784=ORIENTED_EDGE('',*,*,#2829,.T.);
#3785=ORIENTED_EDGE('',*,*,#2887,.T.);
#3786=ORIENTED_EDGE('',*,*,#2798,.T.);
#3787=ORIENTED_EDGE('',*,*,#2882,.T.);
#3788=ORIENTED_EDGE('',*,*,#2887,.F.);
#3789=ORIENTED_EDGE('',*,*,#2828,.F.);
#3790=ORIENTED_EDGE('',*,*,#2888,.F.);
#3791=ORIENTED_EDGE('',*,*,#2799,.T.);
#3792=ORIENTED_EDGE('',*,*,#2825,.T.);
#3793=ORIENTED_EDGE('',*,*,#2889,.T.);
#3794=ORIENTED_EDGE('',*,*,#2802,.T.);
#3795=ORIENTED_EDGE('',*,*,#2890,.T.);
#3796=ORIENTED_EDGE('',*,*,#2736,.F.);
#3797=ORIENTED_EDGE('',*,*,#2803,.F.);
#3798=ORIENTED_EDGE('',*,*,#2889,.F.);
#3799=ORIENTED_EDGE('',*,*,#2824,.F.);
#3800=ORIENTED_EDGE('',*,*,#2746,.F.);
#3801=ORIENTED_EDGE('',*,*,#2741,.F.);
#3802=ORIENTED_EDGE('',*,*,#2890,.F.);
#3803=ORIENTED_EDGE('',*,*,#2801,.T.);
#3804=ORIENTED_EDGE('',*,*,#2891,.F.);
#3805=ORIENTED_EDGE('',*,*,#2826,.F.);
#3806=ORIENTED_EDGE('',*,*,#2827,.T.);
#3807=ORIENTED_EDGE('',*,*,#2891,.T.);
#3808=ORIENTED_EDGE('',*,*,#2800,.T.);
#3809=ORIENTED_EDGE('',*,*,#2888,.T.);
#3810=ORIENTED_EDGE('',*,*,#2821,.T.);
#3811=ORIENTED_EDGE('',*,*,#2892,.T.);
#3812=ORIENTED_EDGE('',*,*,#2766,.T.);
#3813=ORIENTED_EDGE('',*,*,#2876,.T.);
#3814=ORIENTED_EDGE('',*,*,#2892,.F.);
#3815=ORIENTED_EDGE('',*,*,#2820,.F.);
#3816=ORIENTED_EDGE('',*,*,#2893,.F.);
#3817=ORIENTED_EDGE('',*,*,#2767,.T.);
#3818=ORIENTED_EDGE('',*,*,#2817,.T.);
#3819=ORIENTED_EDGE('',*,*,#2894,.T.);
#3820=ORIENTED_EDGE('',*,*,#2770,.T.);
#3821=ORIENTED_EDGE('',*,*,#2895,.T.);
#3822=ORIENTED_EDGE('',*,*,#2894,.F.);
#3823=ORIENTED_EDGE('',*,*,#2816,.F.);
#3824=ORIENTED_EDGE('',*,*,#2760,.F.);
#3825=ORIENTED_EDGE('',*,*,#2771,.T.);
#3826=ORIENTED_EDGE('',*,*,#2895,.F.);
#3827=ORIENTED_EDGE('',*,*,#2769,.T.);
#3828=ORIENTED_EDGE('',*,*,#2896,.F.);
#3829=ORIENTED_EDGE('',*,*,#2818,.F.);
#3830=ORIENTED_EDGE('',*,*,#2819,.T.);
#3831=ORIENTED_EDGE('',*,*,#2896,.T.);
#3832=ORIENTED_EDGE('',*,*,#2768,.T.);
#3833=ORIENTED_EDGE('',*,*,#2893,.T.);
#3834=ORIENTED_EDGE('',*,*,#2814,.T.);
#3835=ORIENTED_EDGE('',*,*,#2897,.T.);
#3836=ORIENTED_EDGE('',*,*,#2780,.T.);
#3837=ORIENTED_EDGE('',*,*,#2871,.T.);
#3838=ORIENTED_EDGE('',*,*,#2897,.F.);
#3839=ORIENTED_EDGE('',*,*,#2813,.F.);
#3840=ORIENTED_EDGE('',*,*,#2898,.F.);
#3841=ORIENTED_EDGE('',*,*,#2781,.T.);
#3842=ORIENTED_EDGE('',*,*,#2810,.T.);
#3843=ORIENTED_EDGE('',*,*,#2899,.T.);
#3844=ORIENTED_EDGE('',*,*,#2784,.T.);
#3845=ORIENTED_EDGE('',*,*,#2900,.T.);
#3846=ORIENTED_EDGE('',*,*,#2899,.F.);
#3847=ORIENTED_EDGE('',*,*,#2809,.F.);
#3848=ORIENTED_EDGE('',*,*,#2875,.F.);
#3849=ORIENTED_EDGE('',*,*,#2785,.T.);
#3850=ORIENTED_EDGE('',*,*,#2900,.F.);
#3851=ORIENTED_EDGE('',*,*,#2783,.T.);
#3852=ORIENTED_EDGE('',*,*,#2901,.F.);
#3853=ORIENTED_EDGE('',*,*,#2811,.F.);
#3854=ORIENTED_EDGE('',*,*,#2812,.T.);
#3855=ORIENTED_EDGE('',*,*,#2901,.T.);
#3856=ORIENTED_EDGE('',*,*,#2782,.T.);
#3857=ORIENTED_EDGE('',*,*,#2898,.T.);
#3858=ORIENTED_EDGE('',*,*,#2902,.T.);
#3859=ORIENTED_EDGE('',*,*,#2903,.T.);
#3860=ORIENTED_EDGE('',*,*,#2850,.T.);
#3861=ORIENTED_EDGE('',*,*,#2880,.T.);
#3862=ORIENTED_EDGE('',*,*,#2903,.F.);
#3863=ORIENTED_EDGE('',*,*,#2904,.F.);
#3864=ORIENTED_EDGE('',*,*,#2905,.F.);
#3865=ORIENTED_EDGE('',*,*,#2851,.T.);
#3866=ORIENTED_EDGE('',*,*,#2906,.T.);
#3867=ORIENTED_EDGE('',*,*,#2907,.T.);
#3868=ORIENTED_EDGE('',*,*,#2854,.T.);
#3869=ORIENTED_EDGE('',*,*,#2908,.T.);
#3870=ORIENTED_EDGE('',*,*,#2908,.F.);
#3871=ORIENTED_EDGE('',*,*,#2853,.T.);
#3872=ORIENTED_EDGE('',*,*,#2909,.F.);
#3873=ORIENTED_EDGE('',*,*,#2910,.F.);
#3874=ORIENTED_EDGE('',*,*,#2862,.T.);
#3875=ORIENTED_EDGE('',*,*,#2911,.F.);
#3876=ORIENTED_EDGE('',*,*,#2840,.F.);
#3877=ORIENTED_EDGE('',*,*,#2912,.T.);
#3878=ORIENTED_EDGE('',*,*,#2906,.F.);
#3879=ORIENTED_EDGE('',*,*,#2910,.T.);
#3880=ORIENTED_EDGE('',*,*,#2913,.F.);
#3881=ORIENTED_EDGE('',*,*,#2904,.T.);
#3882=ORIENTED_EDGE('',*,*,#2902,.F.);
#3883=ORIENTED_EDGE('',*,*,#2879,.F.);
#3884=ORIENTED_EDGE('',*,*,#2914,.T.);
#3885=ORIENTED_EDGE('',*,*,#2914,.F.);
#3886=ORIENTED_EDGE('',*,*,#2915,.T.);
#3887=ORIENTED_EDGE('',*,*,#2857,.F.);
#3888=ORIENTED_EDGE('',*,*,#2915,.F.);
#3889=ORIENTED_EDGE('',*,*,#2907,.F.);
#3890=ORIENTED_EDGE('',*,*,#2912,.F.);
#3891=ORIENTED_EDGE('',*,*,#2916,.F.);
#3892=ORIENTED_EDGE('',*,*,#2855,.T.);
#3893=ORIENTED_EDGE('',*,*,#2913,.T.);
#3894=ORIENTED_EDGE('',*,*,#2909,.T.);
#3895=ORIENTED_EDGE('',*,*,#2852,.T.);
#3896=ORIENTED_EDGE('',*,*,#2905,.T.);
#3897=ORIENTED_EDGE('',*,*,#2861,.T.);
#3898=ORIENTED_EDGE('',*,*,#2841,.F.);
#3899=ORIENTED_EDGE('',*,*,#2911,.T.);
#3900=ORIENTED_EDGE('',*,*,#2917,.T.);
#3901=ORIENTED_EDGE('',*,*,#2918,.T.);
#3902=ORIENTED_EDGE('',*,*,#2919,.T.);
#3903=ORIENTED_EDGE('',*,*,#2920,.T.);
#3904=ORIENTED_EDGE('',*,*,#2919,.F.);
#3905=ORIENTED_EDGE('',*,*,#2921,.F.);
#3906=ORIENTED_EDGE('',*,*,#2922,.T.);
#3907=ORIENTED_EDGE('',*,*,#2923,.F.);
#3908=ORIENTED_EDGE('',*,*,#2924,.T.);
#3909=ORIENTED_EDGE('',*,*,#2925,.F.);
#3910=ORIENTED_EDGE('',*,*,#2926,.T.);
#3911=ORIENTED_EDGE('',*,*,#2927,.T.);
#3912=ORIENTED_EDGE('',*,*,#2928,.F.);
#3913=ORIENTED_EDGE('',*,*,#2929,.F.);
#3914=ORIENTED_EDGE('',*,*,#2930,.F.);
#3915=ORIENTED_EDGE('',*,*,#2931,.F.);
#3916=ORIENTED_EDGE('',*,*,#2932,.T.);
#3917=ORIENTED_EDGE('',*,*,#2918,.F.);
#3918=ORIENTED_EDGE('',*,*,#2933,.F.);
#3919=ORIENTED_EDGE('',*,*,#2934,.T.);
#3920=ORIENTED_EDGE('',*,*,#2921,.T.);
#3921=ORIENTED_EDGE('',*,*,#2935,.T.);
#3922=ORIENTED_EDGE('',*,*,#2936,.T.);
#3923=ORIENTED_EDGE('',*,*,#2928,.T.);
#3924=ORIENTED_EDGE('',*,*,#2937,.T.);
#3925=ORIENTED_EDGE('',*,*,#2936,.F.);
#3926=ORIENTED_EDGE('',*,*,#2938,.F.);
#3927=ORIENTED_EDGE('',*,*,#2939,.F.);
#3928=ORIENTED_EDGE('',*,*,#2929,.T.);
#3929=ORIENTED_EDGE('',*,*,#2920,.F.);
#3930=ORIENTED_EDGE('',*,*,#2931,.T.);
#3931=ORIENTED_EDGE('',*,*,#2940,.F.);
#3932=ORIENTED_EDGE('',*,*,#2941,.F.);
#3933=ORIENTED_EDGE('',*,*,#2937,.F.);
#3934=ORIENTED_EDGE('',*,*,#2927,.F.);
#3935=ORIENTED_EDGE('',*,*,#2942,.F.);
#3936=ORIENTED_EDGE('',*,*,#2943,.F.);
#3937=ORIENTED_EDGE('',*,*,#2944,.T.);
#3938=ORIENTED_EDGE('',*,*,#2945,.T.);
#3939=ORIENTED_EDGE('',*,*,#2946,.F.);
#3940=ORIENTED_EDGE('',*,*,#2947,.T.);
#3941=ORIENTED_EDGE('',*,*,#2932,.F.);
#3942=ORIENTED_EDGE('',*,*,#2947,.F.);
#3943=ORIENTED_EDGE('',*,*,#2944,.F.);
#3944=ORIENTED_EDGE('',*,*,#2948,.F.);
#3945=ORIENTED_EDGE('',*,*,#2949,.F.);
#3946=ORIENTED_EDGE('',*,*,#2950,.F.);
#3947=ORIENTED_EDGE('',*,*,#2949,.T.);
#3948=ORIENTED_EDGE('',*,*,#2951,.F.);
#3949=ORIENTED_EDGE('',*,*,#2952,.T.);
#3950=ORIENTED_EDGE('',*,*,#2917,.F.);
#3951=ORIENTED_EDGE('',*,*,#2941,.T.);
#3952=ORIENTED_EDGE('',*,*,#2953,.F.);
#3953=ORIENTED_EDGE('',*,*,#2938,.T.);
#3954=ORIENTED_EDGE('',*,*,#2935,.F.);
#3955=ORIENTED_EDGE('',*,*,#2945,.F.);
#3956=ORIENTED_EDGE('',*,*,#2950,.T.);
#3957=ORIENTED_EDGE('',*,*,#2952,.F.);
#3958=ORIENTED_EDGE('',*,*,#2933,.T.);
#3959=ORIENTED_EDGE('',*,*,#2946,.T.);
#3960=ORIENTED_EDGE('',*,*,#2954,.T.);
#3961=ORIENTED_EDGE('',*,*,#2955,.T.);
#3962=ORIENTED_EDGE('',*,*,#2923,.T.);
#3963=ORIENTED_EDGE('',*,*,#2956,.T.);
#3964=ORIENTED_EDGE('',*,*,#2956,.F.);
#3965=ORIENTED_EDGE('',*,*,#2922,.F.);
#3966=ORIENTED_EDGE('',*,*,#2934,.F.);
#3967=ORIENTED_EDGE('',*,*,#2957,.F.);
#3968=ORIENTED_EDGE('',*,*,#2953,.T.);
#3969=ORIENTED_EDGE('',*,*,#2940,.T.);
#3970=ORIENTED_EDGE('',*,*,#2930,.T.);
#3971=ORIENTED_EDGE('',*,*,#2939,.T.);
#3972=ORIENTED_EDGE('',*,*,#2958,.T.);
#3973=ORIENTED_EDGE('',*,*,#2959,.T.);
#3974=ORIENTED_EDGE('',*,*,#2960,.T.);
#3975=ORIENTED_EDGE('',*,*,#2959,.F.);
#3976=ORIENTED_EDGE('',*,*,#2961,.F.);
#3977=ORIENTED_EDGE('',*,*,#2962,.T.);
#3978=ORIENTED_EDGE('',*,*,#2960,.F.);
#3979=ORIENTED_EDGE('',*,*,#2962,.F.);
#3980=ORIENTED_EDGE('',*,*,#2963,.F.);
#3981=ORIENTED_EDGE('',*,*,#2964,.F.);
#3982=ORIENTED_EDGE('',*,*,#2965,.F.);
#3983=ORIENTED_EDGE('',*,*,#2966,.F.);
#3984=ORIENTED_EDGE('',*,*,#2967,.F.);
#3985=ORIENTED_EDGE('',*,*,#2968,.F.);
#3986=ORIENTED_EDGE('',*,*,#2969,.F.);
#3987=ORIENTED_EDGE('',*,*,#2970,.F.);
#3988=ORIENTED_EDGE('',*,*,#2971,.F.);
#3989=ORIENTED_EDGE('',*,*,#2972,.F.);
#3990=ORIENTED_EDGE('',*,*,#2973,.F.);
#3991=ORIENTED_EDGE('',*,*,#2974,.F.);
#3992=ORIENTED_EDGE('',*,*,#2975,.F.);
#3993=ORIENTED_EDGE('',*,*,#2958,.F.);
#3994=ORIENTED_EDGE('',*,*,#2973,.T.);
#3995=ORIENTED_EDGE('',*,*,#2976,.T.);
#3996=ORIENTED_EDGE('',*,*,#2977,.T.);
#3997=ORIENTED_EDGE('',*,*,#2976,.F.);
#3998=ORIENTED_EDGE('',*,*,#2977,.F.);
#3999=ORIENTED_EDGE('',*,*,#2978,.T.);
#4000=ORIENTED_EDGE('',*,*,#2979,.F.);
#4001=ORIENTED_EDGE('',*,*,#2978,.F.);
#4002=ORIENTED_EDGE('',*,*,#2975,.T.);
#4003=ORIENTED_EDGE('',*,*,#2980,.T.);
#4004=ORIENTED_EDGE('',*,*,#2981,.T.);
#4005=ORIENTED_EDGE('',*,*,#2980,.F.);
#4006=ORIENTED_EDGE('',*,*,#2981,.F.);
#4007=ORIENTED_EDGE('',*,*,#2982,.T.);
#4008=ORIENTED_EDGE('',*,*,#2983,.F.);
#4009=ORIENTED_EDGE('',*,*,#2982,.F.);
#4010=ORIENTED_EDGE('',*,*,#2974,.T.);
#4011=ORIENTED_EDGE('',*,*,#2984,.T.);
#4012=ORIENTED_EDGE('',*,*,#2985,.T.);
#4013=ORIENTED_EDGE('',*,*,#2984,.F.);
#4014=ORIENTED_EDGE('',*,*,#2985,.F.);
#4015=ORIENTED_EDGE('',*,*,#2986,.T.);
#4016=ORIENTED_EDGE('',*,*,#2987,.F.);
#4017=ORIENTED_EDGE('',*,*,#2986,.F.);
#4018=ORIENTED_EDGE('',*,*,#2847,.T.);
#4019=ORIENTED_EDGE('',*,*,#2837,.T.);
#4020=ORIENTED_EDGE('',*,*,#2988,.T.);
#4021=ORIENTED_EDGE('',*,*,#2989,.T.);
#4022=ORIENTED_EDGE('',*,*,#2990,.T.);
#4023=ORIENTED_EDGE('',*,*,#2991,.T.);
#4024=ORIENTED_EDGE('',*,*,#2992,.T.);
#4025=ORIENTED_EDGE('',*,*,#2993,.T.);
#4026=ORIENTED_EDGE('',*,*,#2993,.F.);
#4027=ORIENTED_EDGE('',*,*,#2966,.T.);
#4028=ORIENTED_EDGE('',*,*,#2994,.F.);
#4029=ORIENTED_EDGE('',*,*,#2995,.F.);
#4030=ORIENTED_EDGE('',*,*,#2996,.F.);
#4031=ORIENTED_EDGE('',*,*,#2997,.T.);
#4032=ORIENTED_EDGE('',*,*,#2998,.F.);
#4033=ORIENTED_EDGE('',*,*,#2999,.T.);
#4034=ORIENTED_EDGE('',*,*,#2999,.F.);
#4035=ORIENTED_EDGE('',*,*,#3000,.T.);
#4036=ORIENTED_EDGE('',*,*,#3001,.F.);
#4037=ORIENTED_EDGE('',*,*,#3002,.T.);
#4038=ORIENTED_EDGE('',*,*,#3003,.F.);
#4039=ORIENTED_EDGE('',*,*,#2994,.T.);
#4040=ORIENTED_EDGE('',*,*,#3004,.F.);
#4041=ORIENTED_EDGE('',*,*,#3005,.T.);
#4042=ORIENTED_EDGE('',*,*,#3005,.F.);
#4043=ORIENTED_EDGE('',*,*,#3006,.T.);
#4044=ORIENTED_EDGE('',*,*,#3007,.F.);
#4045=ORIENTED_EDGE('',*,*,#3008,.T.);
#4046=ORIENTED_EDGE('',*,*,#3009,.T.);
#4047=ORIENTED_EDGE('',*,*,#3007,.T.);
#4048=ORIENTED_EDGE('',*,*,#3010,.T.);
#4049=ORIENTED_EDGE('',*,*,#3011,.F.);
#4050=ORIENTED_EDGE('',*,*,#2872,.T.);
#4051=ORIENTED_EDGE('',*,*,#2777,.T.);
#4052=ORIENTED_EDGE('',*,*,#3012,.T.);
#4053=ORIENTED_EDGE('',*,*,#3013,.T.);
#4054=ORIENTED_EDGE('',*,*,#3014,.T.);
#4055=ORIENTED_EDGE('',*,*,#2885,.T.);
#4056=ORIENTED_EDGE('',*,*,#2867,.F.);
#4057=ORIENTED_EDGE('',*,*,#3015,.T.);
#4058=ORIENTED_EDGE('',*,*,#3012,.F.);
#4059=ORIENTED_EDGE('',*,*,#2776,.F.);
#4060=ORIENTED_EDGE('',*,*,#3016,.T.);
#4061=ORIENTED_EDGE('',*,*,#3017,.T.);
#4062=ORIENTED_EDGE('',*,*,#3018,.T.);
#4063=ORIENTED_EDGE('',*,*,#3019,.T.);
#4064=ORIENTED_EDGE('',*,*,#3019,.F.);
#4065=ORIENTED_EDGE('',*,*,#2964,.T.);
#4066=ORIENTED_EDGE('',*,*,#3020,.F.);
#4067=ORIENTED_EDGE('',*,*,#3021,.F.);
#4068=ORIENTED_EDGE('',*,*,#3022,.T.);
#4069=ORIENTED_EDGE('',*,*,#3023,.T.);
#4070=ORIENTED_EDGE('',*,*,#3024,.T.);
#4071=ORIENTED_EDGE('',*,*,#3025,.F.);
#4072=ORIENTED_EDGE('',*,*,#2877,.T.);
#4073=ORIENTED_EDGE('',*,*,#2763,.T.);
#4074=ORIENTED_EDGE('',*,*,#3026,.T.);
#4075=ORIENTED_EDGE('',*,*,#3027,.T.);
#4076=ORIENTED_EDGE('',*,*,#3028,.T.);
#4077=ORIENTED_EDGE('',*,*,#2750,.F.);
#4078=ORIENTED_EDGE('',*,*,#2758,.F.);
#4079=ORIENTED_EDGE('',*,*,#3029,.T.);
#4080=ORIENTED_EDGE('',*,*,#3026,.F.);
#4081=ORIENTED_EDGE('',*,*,#2762,.F.);
#4082=ORIENTED_EDGE('',*,*,#3030,.F.);
#4083=ORIENTED_EDGE('',*,*,#3020,.T.);
#4084=ORIENTED_EDGE('',*,*,#3031,.F.);
#4085=ORIENTED_EDGE('',*,*,#3032,.T.);
#4086=ORIENTED_EDGE('',*,*,#3023,.F.);
#4087=ORIENTED_EDGE('',*,*,#3033,.T.);
#4088=ORIENTED_EDGE('',*,*,#3032,.F.);
#4089=ORIENTED_EDGE('',*,*,#3034,.T.);
#4090=ORIENTED_EDGE('',*,*,#3035,.T.);
#4091=ORIENTED_EDGE('',*,*,#3036,.T.);
#4092=ORIENTED_EDGE('',*,*,#3037,.T.);
#4093=ORIENTED_EDGE('',*,*,#3038,.T.);
#4094=ORIENTED_EDGE('',*,*,#3038,.F.);
#4095=ORIENTED_EDGE('',*,*,#2972,.T.);
#4096=ORIENTED_EDGE('',*,*,#3039,.F.);
#4097=ORIENTED_EDGE('',*,*,#3040,.F.);
#4098=ORIENTED_EDGE('',*,*,#3041,.T.);
#4099=ORIENTED_EDGE('',*,*,#3042,.T.);
#4100=ORIENTED_EDGE('',*,*,#3043,.T.);
#4101=ORIENTED_EDGE('',*,*,#3044,.T.);
#4102=ORIENTED_EDGE('',*,*,#3044,.F.);
#4103=ORIENTED_EDGE('',*,*,#2970,.T.);
#4104=ORIENTED_EDGE('',*,*,#3045,.F.);
#4105=ORIENTED_EDGE('',*,*,#3046,.F.);
#4106=ORIENTED_EDGE('',*,*,#3047,.F.);
#4107=ORIENTED_EDGE('',*,*,#3039,.T.);
#4108=ORIENTED_EDGE('',*,*,#3048,.F.);
#4109=ORIENTED_EDGE('',*,*,#3049,.T.);
#4110=ORIENTED_EDGE('',*,*,#3049,.F.);
#4111=ORIENTED_EDGE('',*,*,#3050,.T.);
#4112=ORIENTED_EDGE('',*,*,#3051,.F.);
#4113=ORIENTED_EDGE('',*,*,#3052,.T.);
#4114=ORIENTED_EDGE('',*,*,#3053,.T.);
#4115=ORIENTED_EDGE('',*,*,#3051,.T.);
#4116=ORIENTED_EDGE('',*,*,#3054,.T.);
#4117=ORIENTED_EDGE('',*,*,#3055,.F.);
#4118=ORIENTED_EDGE('',*,*,#2883,.T.);
#4119=ORIENTED_EDGE('',*,*,#2795,.T.);
#4120=ORIENTED_EDGE('',*,*,#2739,.T.);
#4121=ORIENTED_EDGE('',*,*,#3056,.T.);
#4122=ORIENTED_EDGE('',*,*,#3057,.T.);
#4123=ORIENTED_EDGE('',*,*,#3058,.T.);
#4124=ORIENTED_EDGE('',*,*,#3059,.T.);
#4125=ORIENTED_EDGE('',*,*,#3060,.T.);
#4126=ORIENTED_EDGE('',*,*,#3061,.F.);
#4127=ORIENTED_EDGE('',*,*,#3062,.F.);
#4128=ORIENTED_EDGE('',*,*,#2942,.T.);
#4129=ORIENTED_EDGE('',*,*,#2925,.T.);
#4130=ORIENTED_EDGE('',*,*,#3063,.T.);
#4131=ORIENTED_EDGE('',*,*,#3064,.T.);
#4132=ORIENTED_EDGE('',*,*,#3065,.T.);
#4133=ORIENTED_EDGE('',*,*,#3066,.T.);
#4134=ORIENTED_EDGE('',*,*,#3067,.T.);
#4135=ORIENTED_EDGE('',*,*,#2955,.F.);
#4136=ORIENTED_EDGE('',*,*,#3068,.F.);
#4137=ORIENTED_EDGE('',*,*,#3069,.T.);
#4138=ORIENTED_EDGE('',*,*,#3063,.F.);
#4139=ORIENTED_EDGE('',*,*,#2924,.F.);
#4140=ORIENTED_EDGE('',*,*,#3067,.F.);
#4141=ORIENTED_EDGE('',*,*,#3070,.F.);
#4142=ORIENTED_EDGE('',*,*,#3071,.F.);
#4143=ORIENTED_EDGE('',*,*,#3072,.T.);
#4144=ORIENTED_EDGE('',*,*,#3073,.F.);
#4145=ORIENTED_EDGE('',*,*,#3058,.F.);
#4146=ORIENTED_EDGE('',*,*,#2926,.F.);
#4147=ORIENTED_EDGE('',*,*,#3072,.F.);
#4148=ORIENTED_EDGE('',*,*,#3045,.T.);
#4149=ORIENTED_EDGE('',*,*,#3074,.F.);
#4150=ORIENTED_EDGE('',*,*,#3075,.T.);
#4151=ORIENTED_EDGE('',*,*,#3059,.F.);
#4152=ORIENTED_EDGE('',*,*,#3073,.T.);
#4153=ORIENTED_EDGE('',*,*,#3075,.F.);
#4154=ORIENTED_EDGE('',*,*,#3076,.T.);
#4155=ORIENTED_EDGE('',*,*,#3077,.T.);
#4156=ORIENTED_EDGE('',*,*,#3001,.T.);
#4157=ORIENTED_EDGE('',*,*,#3078,.T.);
#4158=ORIENTED_EDGE('',*,*,#3079,.F.);
#4159=ORIENTED_EDGE('',*,*,#2844,.F.);
#4160=ORIENTED_EDGE('',*,*,#2881,.T.);
#4161=ORIENTED_EDGE('',*,*,#2834,.F.);
#4162=ORIENTED_EDGE('',*,*,#2856,.F.);
#4163=ORIENTED_EDGE('',*,*,#2916,.T.);
#4164=ORIENTED_EDGE('',*,*,#2839,.F.);
#4165=ORIENTED_EDGE('',*,*,#2954,.F.);
#4166=ORIENTED_EDGE('',*,*,#2957,.T.);
#4167=ORIENTED_EDGE('',*,*,#2951,.T.);
#4168=ORIENTED_EDGE('',*,*,#2948,.T.);
#4169=ORIENTED_EDGE('',*,*,#2943,.T.);
#4170=ORIENTED_EDGE('',*,*,#3062,.T.);
#4171=ORIENTED_EDGE('',*,*,#3080,.T.);
#4172=ORIENTED_EDGE('',*,*,#3081,.T.);
#4173=ORIENTED_EDGE('',*,*,#3068,.T.);
#4174=ORIENTED_EDGE('',*,*,#2988,.F.);
#4175=ORIENTED_EDGE('',*,*,#2836,.F.);
#4176=ORIENTED_EDGE('',*,*,#2846,.F.);
#4177=ORIENTED_EDGE('',*,*,#3082,.F.);
#4178=ORIENTED_EDGE('',*,*,#3013,.F.);
#4179=ORIENTED_EDGE('',*,*,#3015,.F.);
#4180=ORIENTED_EDGE('',*,*,#2866,.F.);
#4181=ORIENTED_EDGE('',*,*,#2873,.F.);
#4182=ORIENTED_EDGE('',*,*,#3083,.F.);
#4183=ORIENTED_EDGE('',*,*,#3027,.F.);
#4184=ORIENTED_EDGE('',*,*,#3029,.F.);
#4185=ORIENTED_EDGE('',*,*,#2757,.F.);
#4186=ORIENTED_EDGE('',*,*,#2878,.F.);
#4187=ORIENTED_EDGE('',*,*,#3084,.F.);
#4188=ORIENTED_EDGE('',*,*,#3064,.F.);
#4189=ORIENTED_EDGE('',*,*,#3069,.F.);
#4190=ORIENTED_EDGE('',*,*,#3081,.F.);
#4191=ORIENTED_EDGE('',*,*,#3085,.F.);
#4192=ORIENTED_EDGE('',*,*,#3056,.F.);
#4193=ORIENTED_EDGE('',*,*,#2738,.F.);
#4194=ORIENTED_EDGE('',*,*,#2745,.F.);
#4195=ORIENTED_EDGE('',*,*,#2884,.F.);
#4196=ORIENTED_EDGE('',*,*,#3086,.F.);
#4197=ORIENTED_EDGE('',*,*,#3087,.F.);
#4198=ORIENTED_EDGE('',*,*,#3086,.T.);
#4199=ORIENTED_EDGE('',*,*,#3055,.T.);
#4200=ORIENTED_EDGE('',*,*,#3088,.T.);
#4201=ORIENTED_EDGE('',*,*,#3089,.T.);
#4202=ORIENTED_EDGE('',*,*,#3089,.F.);
#4203=ORIENTED_EDGE('',*,*,#3088,.F.);
#4204=ORIENTED_EDGE('',*,*,#3054,.F.);
#4205=ORIENTED_EDGE('',*,*,#3050,.F.);
#4206=ORIENTED_EDGE('',*,*,#3048,.T.);
#4207=ORIENTED_EDGE('',*,*,#2971,.T.);
#4208=ORIENTED_EDGE('',*,*,#3043,.F.);
#4209=ORIENTED_EDGE('',*,*,#3090,.F.);
#4210=ORIENTED_EDGE('',*,*,#3091,.F.);
#4211=ORIENTED_EDGE('',*,*,#3084,.T.);
#4212=ORIENTED_EDGE('',*,*,#3025,.T.);
#4213=ORIENTED_EDGE('',*,*,#3092,.T.);
#4214=ORIENTED_EDGE('',*,*,#3093,.T.);
#4215=ORIENTED_EDGE('',*,*,#3093,.F.);
#4216=ORIENTED_EDGE('',*,*,#3092,.F.);
#4217=ORIENTED_EDGE('',*,*,#3024,.F.);
#4218=ORIENTED_EDGE('',*,*,#3034,.F.);
#4219=ORIENTED_EDGE('',*,*,#3031,.T.);
#4220=ORIENTED_EDGE('',*,*,#2963,.T.);
#4221=ORIENTED_EDGE('',*,*,#3037,.F.);
#4222=ORIENTED_EDGE('',*,*,#3094,.F.);
#4223=ORIENTED_EDGE('',*,*,#3095,.F.);
#4224=ORIENTED_EDGE('',*,*,#3083,.T.);
#4225=ORIENTED_EDGE('',*,*,#3011,.T.);
#4226=ORIENTED_EDGE('',*,*,#3096,.T.);
#4227=ORIENTED_EDGE('',*,*,#3097,.T.);
#4228=ORIENTED_EDGE('',*,*,#3098,.T.);
#4229=ORIENTED_EDGE('',*,*,#3098,.F.);
#4230=ORIENTED_EDGE('',*,*,#3097,.F.);
#4231=ORIENTED_EDGE('',*,*,#3096,.F.);
#4232=ORIENTED_EDGE('',*,*,#3010,.F.);
#4233=ORIENTED_EDGE('',*,*,#3006,.F.);
#4234=ORIENTED_EDGE('',*,*,#3004,.T.);
#4235=ORIENTED_EDGE('',*,*,#2965,.T.);
#4236=ORIENTED_EDGE('',*,*,#3018,.F.);
#4237=ORIENTED_EDGE('',*,*,#3099,.F.);
#4238=ORIENTED_EDGE('',*,*,#3079,.T.);
#4239=ORIENTED_EDGE('',*,*,#3100,.T.);
#4240=ORIENTED_EDGE('',*,*,#3101,.T.);
#4241=ORIENTED_EDGE('',*,*,#3102,.T.);
#4242=ORIENTED_EDGE('',*,*,#3103,.F.);
#4243=ORIENTED_EDGE('',*,*,#3082,.T.);
#4244=ORIENTED_EDGE('',*,*,#2845,.F.);
#4245=ORIENTED_EDGE('',*,*,#3102,.F.);
#4246=ORIENTED_EDGE('',*,*,#3101,.F.);
#4247=ORIENTED_EDGE('',*,*,#3100,.F.);
#4248=ORIENTED_EDGE('',*,*,#3078,.F.);
#4249=ORIENTED_EDGE('',*,*,#3000,.F.);
#4250=ORIENTED_EDGE('',*,*,#2998,.T.);
#4251=ORIENTED_EDGE('',*,*,#2967,.T.);
#4252=ORIENTED_EDGE('',*,*,#2992,.F.);
#4253=ORIENTED_EDGE('',*,*,#3104,.F.);
#4254=ORIENTED_EDGE('',*,*,#3061,.T.);
#4255=ORIENTED_EDGE('',*,*,#3105,.T.);
#4256=ORIENTED_EDGE('',*,*,#3106,.T.);
#4257=ORIENTED_EDGE('',*,*,#3107,.T.);
#4258=ORIENTED_EDGE('',*,*,#3108,.F.);
#4259=ORIENTED_EDGE('',*,*,#3065,.F.);
#4260=ORIENTED_EDGE('',*,*,#3085,.T.);
#4261=ORIENTED_EDGE('',*,*,#3080,.F.);
#4262=ORIENTED_EDGE('',*,*,#3107,.F.);
#4263=ORIENTED_EDGE('',*,*,#3106,.F.);
#4264=ORIENTED_EDGE('',*,*,#3105,.F.);
#4265=ORIENTED_EDGE('',*,*,#3060,.F.);
#4266=ORIENTED_EDGE('',*,*,#3076,.F.);
#4267=ORIENTED_EDGE('',*,*,#3074,.T.);
#4268=ORIENTED_EDGE('',*,*,#2969,.T.);
#4269=ORIENTED_EDGE('',*,*,#3109,.F.);
#4270=ORIENTED_EDGE('',*,*,#2796,.F.);
#4271=ORIENTED_EDGE('',*,*,#3110,.F.);
#4272=ORIENTED_EDGE('',*,*,#3041,.F.);
#4273=ORIENTED_EDGE('',*,*,#3111,.F.);
#4274=ORIENTED_EDGE('',*,*,#3047,.T.);
#4275=ORIENTED_EDGE('',*,*,#3052,.F.);
#4276=ORIENTED_EDGE('',*,*,#3053,.F.);
#4277=ORIENTED_EDGE('',*,*,#2764,.F.);
#4278=ORIENTED_EDGE('',*,*,#3112,.F.);
#4279=ORIENTED_EDGE('',*,*,#3035,.F.);
#4280=ORIENTED_EDGE('',*,*,#3113,.F.);
#4281=ORIENTED_EDGE('',*,*,#3030,.T.);
#4282=ORIENTED_EDGE('',*,*,#3033,.F.);
#4283=ORIENTED_EDGE('',*,*,#3022,.F.);
#4284=ORIENTED_EDGE('',*,*,#2778,.F.);
#4285=ORIENTED_EDGE('',*,*,#3114,.F.);
#4286=ORIENTED_EDGE('',*,*,#3016,.F.);
#4287=ORIENTED_EDGE('',*,*,#3115,.F.);
#4288=ORIENTED_EDGE('',*,*,#3003,.T.);
#4289=ORIENTED_EDGE('',*,*,#3008,.F.);
#4290=ORIENTED_EDGE('',*,*,#3009,.F.);
#4291=ORIENTED_EDGE('',*,*,#3116,.F.);
#4292=ORIENTED_EDGE('',*,*,#2996,.T.);
#4293=ORIENTED_EDGE('',*,*,#3002,.F.);
#4294=ORIENTED_EDGE('',*,*,#3077,.F.);
#4295=ORIENTED_EDGE('',*,*,#2848,.F.);
#4296=ORIENTED_EDGE('',*,*,#3117,.F.);
#4297=ORIENTED_EDGE('',*,*,#2990,.F.);
#4298=ORIENTED_EDGE('',*,*,#3036,.F.);
#4299=ORIENTED_EDGE('',*,*,#3112,.T.);
#4300=ORIENTED_EDGE('',*,*,#3028,.F.);
#4301=ORIENTED_EDGE('',*,*,#3091,.T.);
#4302=ORIENTED_EDGE('',*,*,#3094,.T.);
#4303=ORIENTED_EDGE('',*,*,#3042,.F.);
#4304=ORIENTED_EDGE('',*,*,#3110,.T.);
#4305=ORIENTED_EDGE('',*,*,#3057,.F.);
#4306=ORIENTED_EDGE('',*,*,#3087,.T.);
#4307=ORIENTED_EDGE('',*,*,#3090,.T.);
#4308=ORIENTED_EDGE('',*,*,#3017,.F.);
#4309=ORIENTED_EDGE('',*,*,#3114,.T.);
#4310=ORIENTED_EDGE('',*,*,#3014,.F.);
#4311=ORIENTED_EDGE('',*,*,#3095,.T.);
#4312=ORIENTED_EDGE('',*,*,#3099,.T.);
#4313=ORIENTED_EDGE('',*,*,#3066,.F.);
#4314=ORIENTED_EDGE('',*,*,#3108,.T.);
#4315=ORIENTED_EDGE('',*,*,#3109,.T.);
#4316=ORIENTED_EDGE('',*,*,#3118,.T.);
#4317=ORIENTED_EDGE('',*,*,#3070,.T.);
#4318=ORIENTED_EDGE('',*,*,#2991,.F.);
#4319=ORIENTED_EDGE('',*,*,#3117,.T.);
#4320=ORIENTED_EDGE('',*,*,#2989,.F.);
#4321=ORIENTED_EDGE('',*,*,#3103,.T.);
#4322=ORIENTED_EDGE('',*,*,#3104,.T.);
#4323=ORIENTED_EDGE('',*,*,#2997,.F.);
#4324=ORIENTED_EDGE('',*,*,#3119,.F.);
#4325=ORIENTED_EDGE('',*,*,#3118,.F.);
#4326=ORIENTED_EDGE('',*,*,#2968,.T.);
#4327=ORIENTED_EDGE('',*,*,#3116,.T.);
#4328=ORIENTED_EDGE('',*,*,#2995,.T.);
#4329=ORIENTED_EDGE('',*,*,#3115,.T.);
#4330=ORIENTED_EDGE('',*,*,#3021,.T.);
#4331=ORIENTED_EDGE('',*,*,#3113,.T.);
#4332=ORIENTED_EDGE('',*,*,#3040,.T.);
#4333=ORIENTED_EDGE('',*,*,#3111,.T.);
#4334=ORIENTED_EDGE('',*,*,#3046,.T.);
#4335=ORIENTED_EDGE('',*,*,#3071,.T.);
#4336=ORIENTED_EDGE('',*,*,#3119,.T.);
#4337=ORIENTED_EDGE('',*,*,#2961,.T.);
#4338=ORIENTED_EDGE('',*,*,#2983,.T.);
#4339=ORIENTED_EDGE('',*,*,#2979,.T.);
#4340=ORIENTED_EDGE('',*,*,#2987,.T.);
#4341=ORIENTED_EDGE('',*,*,#3120,.T.);
#4342=ORIENTED_EDGE('',*,*,#3121,.T.);
#4343=ORIENTED_EDGE('',*,*,#3122,.T.);
#4344=ORIENTED_EDGE('',*,*,#3123,.T.);
#4345=ORIENTED_EDGE('',*,*,#3124,.F.);
#4346=ORIENTED_EDGE('',*,*,#3125,.T.);
#4347=ORIENTED_EDGE('',*,*,#3126,.T.);
#4348=ORIENTED_EDGE('',*,*,#3125,.F.);
#4349=ORIENTED_EDGE('',*,*,#3127,.F.);
#4350=ORIENTED_EDGE('',*,*,#3128,.T.);
#4351=ORIENTED_EDGE('',*,*,#3129,.F.);
#4352=ORIENTED_EDGE('',*,*,#3130,.T.);
#4353=ORIENTED_EDGE('',*,*,#3131,.F.);
#4354=ORIENTED_EDGE('',*,*,#3132,.T.);
#4355=ORIENTED_EDGE('',*,*,#3133,.F.);
#4356=ORIENTED_EDGE('',*,*,#3134,.T.);
#4357=ORIENTED_EDGE('',*,*,#3135,.F.);
#4358=ORIENTED_EDGE('',*,*,#3136,.T.);
#4359=ORIENTED_EDGE('',*,*,#3137,.F.);
#4360=ORIENTED_EDGE('',*,*,#3138,.T.);
#4361=ORIENTED_EDGE('',*,*,#3139,.F.);
#4362=ORIENTED_EDGE('',*,*,#3140,.T.);
#4363=ORIENTED_EDGE('',*,*,#3141,.F.);
#4364=ORIENTED_EDGE('',*,*,#3142,.T.);
#4365=ORIENTED_EDGE('',*,*,#3143,.T.);
#4366=ORIENTED_EDGE('',*,*,#3121,.F.);
#4367=ORIENTED_EDGE('',*,*,#3144,.T.);
#4368=ORIENTED_EDGE('',*,*,#3145,.F.);
#4369=ORIENTED_EDGE('',*,*,#3146,.T.);
#4370=ORIENTED_EDGE('',*,*,#3147,.T.);
#4371=ORIENTED_EDGE('',*,*,#3148,.T.);
#4372=ORIENTED_EDGE('',*,*,#3145,.T.);
#4373=ORIENTED_EDGE('',*,*,#3147,.F.);
#4374=ORIENTED_EDGE('',*,*,#3149,.F.);
#4375=ORIENTED_EDGE('',*,*,#3150,.F.);
#4376=ORIENTED_EDGE('',*,*,#3151,.F.);
#4377=ORIENTED_EDGE('',*,*,#3152,.T.);
#4378=ORIENTED_EDGE('',*,*,#3122,.F.);
#4379=ORIENTED_EDGE('',*,*,#3143,.F.);
#4380=ORIENTED_EDGE('',*,*,#3148,.F.);
#4381=ORIENTED_EDGE('',*,*,#3151,.T.);
#4382=ORIENTED_EDGE('',*,*,#3153,.F.);
#4383=ORIENTED_EDGE('',*,*,#3154,.T.);
#4384=ORIENTED_EDGE('',*,*,#3155,.F.);
#4385=ORIENTED_EDGE('',*,*,#3156,.T.);
#4386=ORIENTED_EDGE('',*,*,#3123,.F.);
#4387=ORIENTED_EDGE('',*,*,#3152,.F.);
#4388=ORIENTED_EDGE('',*,*,#3157,.F.);
#4389=ORIENTED_EDGE('',*,*,#3158,.T.);
#4390=ORIENTED_EDGE('',*,*,#3158,.F.);
#4391=ORIENTED_EDGE('',*,*,#3159,.F.);
#4392=ORIENTED_EDGE('',*,*,#3160,.T.);
#4393=ORIENTED_EDGE('',*,*,#3161,.F.);
#4394=ORIENTED_EDGE('',*,*,#3149,.T.);
#4395=ORIENTED_EDGE('',*,*,#3146,.F.);
#4396=ORIENTED_EDGE('',*,*,#3144,.F.);
#4397=ORIENTED_EDGE('',*,*,#3120,.F.);
#4398=ORIENTED_EDGE('',*,*,#3162,.F.);
#4399=ORIENTED_EDGE('',*,*,#3155,.T.);
#4400=ORIENTED_EDGE('',*,*,#3163,.T.);
#4401=ORIENTED_EDGE('',*,*,#3159,.T.);
#4402=ORIENTED_EDGE('',*,*,#3157,.T.);
#4403=ORIENTED_EDGE('',*,*,#3153,.T.);
#4404=ORIENTED_EDGE('',*,*,#3150,.T.);
#4405=ORIENTED_EDGE('',*,*,#3161,.T.);
#4406=ORIENTED_EDGE('',*,*,#3164,.T.);
#4407=ORIENTED_EDGE('',*,*,#3156,.F.);
#4408=ORIENTED_EDGE('',*,*,#3165,.T.);
#4409=ORIENTED_EDGE('',*,*,#3162,.T.);
#4410=ORIENTED_EDGE('',*,*,#3165,.F.);
#4411=ORIENTED_EDGE('',*,*,#3163,.F.);
#4412=ORIENTED_EDGE('',*,*,#3154,.F.);
#4413=ORIENTED_EDGE('',*,*,#3164,.F.);
#4414=ORIENTED_EDGE('',*,*,#3160,.F.);
#4415=ORIENTED_EDGE('',*,*,#3166,.F.);
#4416=ORIENTED_EDGE('',*,*,#3167,.F.);
#4417=ORIENTED_EDGE('',*,*,#3168,.T.);
#4418=ORIENTED_EDGE('',*,*,#3169,.F.);
#4419=ORIENTED_EDGE('',*,*,#3170,.F.);
#4420=ORIENTED_EDGE('',*,*,#3171,.T.);
#4421=ORIENTED_EDGE('',*,*,#3172,.F.);
#4422=ORIENTED_EDGE('',*,*,#3173,.F.);
#4423=ORIENTED_EDGE('',*,*,#3174,.T.);
#4424=ORIENTED_EDGE('',*,*,#3175,.F.);
#4425=ORIENTED_EDGE('',*,*,#3176,.F.);
#4426=ORIENTED_EDGE('',*,*,#3177,.T.);
#4427=ORIENTED_EDGE('',*,*,#3178,.F.);
#4428=ORIENTED_EDGE('',*,*,#3179,.F.);
#4429=ORIENTED_EDGE('',*,*,#3180,.T.);
#4430=ORIENTED_EDGE('',*,*,#3181,.F.);
#4431=ORIENTED_EDGE('',*,*,#3182,.F.);
#4432=ORIENTED_EDGE('',*,*,#3183,.T.);
#4433=ORIENTED_EDGE('',*,*,#3184,.F.);
#4434=ORIENTED_EDGE('',*,*,#3185,.F.);
#4435=ORIENTED_EDGE('',*,*,#3186,.T.);
#4436=ORIENTED_EDGE('',*,*,#3187,.F.);
#4437=ORIENTED_EDGE('',*,*,#3188,.F.);
#4438=ORIENTED_EDGE('',*,*,#3189,.T.);
#4439=ORIENTED_EDGE('',*,*,#3190,.F.);
#4440=ORIENTED_EDGE('',*,*,#3191,.F.);
#4441=ORIENTED_EDGE('',*,*,#3192,.T.);
#4442=ORIENTED_EDGE('',*,*,#3193,.F.);
#4443=ORIENTED_EDGE('',*,*,#3194,.F.);
#4444=ORIENTED_EDGE('',*,*,#3195,.T.);
#4445=ORIENTED_EDGE('',*,*,#3196,.F.);
#4446=ORIENTED_EDGE('',*,*,#3197,.F.);
#4447=ORIENTED_EDGE('',*,*,#3198,.T.);
#4448=ORIENTED_EDGE('',*,*,#3199,.F.);
#4449=ORIENTED_EDGE('',*,*,#3200,.F.);
#4450=ORIENTED_EDGE('',*,*,#3201,.T.);
#4451=ORIENTED_EDGE('',*,*,#3202,.F.);
#4452=ORIENTED_EDGE('',*,*,#3203,.F.);
#4453=ORIENTED_EDGE('',*,*,#3204,.T.);
#4454=ORIENTED_EDGE('',*,*,#3205,.F.);
#4455=ORIENTED_EDGE('',*,*,#3206,.F.);
#4456=ORIENTED_EDGE('',*,*,#3207,.T.);
#4457=ORIENTED_EDGE('',*,*,#3208,.F.);
#4458=ORIENTED_EDGE('',*,*,#3209,.F.);
#4459=ORIENTED_EDGE('',*,*,#3210,.T.);
#4460=ORIENTED_EDGE('',*,*,#3211,.F.);
#4461=ORIENTED_EDGE('',*,*,#3212,.F.);
#4462=ORIENTED_EDGE('',*,*,#3213,.T.);
#4463=ORIENTED_EDGE('',*,*,#3214,.F.);
#4464=ORIENTED_EDGE('',*,*,#3215,.F.);
#4465=ORIENTED_EDGE('',*,*,#3216,.T.);
#4466=ORIENTED_EDGE('',*,*,#3217,.F.);
#4467=ORIENTED_EDGE('',*,*,#3218,.F.);
#4468=ORIENTED_EDGE('',*,*,#3219,.T.);
#4469=ORIENTED_EDGE('',*,*,#3220,.F.);
#4470=ORIENTED_EDGE('',*,*,#3221,.F.);
#4471=ORIENTED_EDGE('',*,*,#3222,.T.);
#4472=ORIENTED_EDGE('',*,*,#3223,.F.);
#4473=ORIENTED_EDGE('',*,*,#3224,.F.);
#4474=ORIENTED_EDGE('',*,*,#3225,.T.);
#4475=ORIENTED_EDGE('',*,*,#3226,.F.);
#4476=ORIENTED_EDGE('',*,*,#3227,.F.);
#4477=ORIENTED_EDGE('',*,*,#3228,.T.);
#4478=ORIENTED_EDGE('',*,*,#3229,.F.);
#4479=ORIENTED_EDGE('',*,*,#3230,.F.);
#4480=ORIENTED_EDGE('',*,*,#3231,.T.);
#4481=ORIENTED_EDGE('',*,*,#3232,.F.);
#4482=ORIENTED_EDGE('',*,*,#3233,.F.);
#4483=ORIENTED_EDGE('',*,*,#3234,.T.);
#4484=ORIENTED_EDGE('',*,*,#3235,.F.);
#4485=ORIENTED_EDGE('',*,*,#3236,.F.);
#4486=ORIENTED_EDGE('',*,*,#3237,.T.);
#4487=ORIENTED_EDGE('',*,*,#3124,.T.);
#4488=ORIENTED_EDGE('',*,*,#3238,.T.);
#4489=ORIENTED_EDGE('',*,*,#3239,.T.);
#4490=ORIENTED_EDGE('',*,*,#3167,.T.);
#4491=ORIENTED_EDGE('',*,*,#3240,.F.);
#4492=ORIENTED_EDGE('',*,*,#3239,.F.);
#4493=ORIENTED_EDGE('',*,*,#3241,.F.);
#4494=ORIENTED_EDGE('',*,*,#3242,.F.);
#4495=ORIENTED_EDGE('',*,*,#3168,.F.);
#4496=ORIENTED_EDGE('',*,*,#3169,.T.);
#4497=ORIENTED_EDGE('',*,*,#3242,.T.);
#4498=ORIENTED_EDGE('',*,*,#3243,.T.);
#4499=ORIENTED_EDGE('',*,*,#3244,.F.);
#4500=ORIENTED_EDGE('',*,*,#3245,.T.);
#4501=ORIENTED_EDGE('',*,*,#3240,.T.);
#4502=ORIENTED_EDGE('',*,*,#3166,.T.);
#4503=ORIENTED_EDGE('',*,*,#3246,.F.);
#4504=ORIENTED_EDGE('',*,*,#3170,.T.);
#4505=ORIENTED_EDGE('',*,*,#3244,.T.);
#4506=ORIENTED_EDGE('',*,*,#3247,.T.);
#4507=ORIENTED_EDGE('',*,*,#3248,.F.);
#4508=ORIENTED_EDGE('',*,*,#3248,.T.);
#4509=ORIENTED_EDGE('',*,*,#3249,.T.);
#4510=ORIENTED_EDGE('',*,*,#3250,.F.);
#4511=ORIENTED_EDGE('',*,*,#3171,.F.);
#4512=ORIENTED_EDGE('',*,*,#3246,.T.);
#4513=ORIENTED_EDGE('',*,*,#3237,.F.);
#4514=ORIENTED_EDGE('',*,*,#3251,.T.);
#4515=ORIENTED_EDGE('',*,*,#3252,.T.);
#4516=ORIENTED_EDGE('',*,*,#3220,.T.);
#4517=ORIENTED_EDGE('',*,*,#3253,.F.);
#4518=ORIENTED_EDGE('',*,*,#3254,.T.);
#4519=ORIENTED_EDGE('',*,*,#3255,.T.);
#4520=ORIENTED_EDGE('',*,*,#3252,.F.);
#4521=ORIENTED_EDGE('',*,*,#3256,.F.);
#4522=ORIENTED_EDGE('',*,*,#3257,.F.);
#4523=ORIENTED_EDGE('',*,*,#3258,.T.);
#4524=ORIENTED_EDGE('',*,*,#3259,.F.);
#4525=ORIENTED_EDGE('',*,*,#3260,.F.);
#4526=ORIENTED_EDGE('',*,*,#3261,.F.);
#4527=ORIENTED_EDGE('',*,*,#3262,.F.);
#4528=ORIENTED_EDGE('',*,*,#3263,.F.);
#4529=ORIENTED_EDGE('',*,*,#3264,.T.);
#4530=ORIENTED_EDGE('',*,*,#3265,.F.);
#4531=ORIENTED_EDGE('',*,*,#3266,.F.);
#4532=ORIENTED_EDGE('',*,*,#3267,.F.);
#4533=ORIENTED_EDGE('',*,*,#3268,.F.);
#4534=ORIENTED_EDGE('',*,*,#3269,.F.);
#4535=ORIENTED_EDGE('',*,*,#3270,.T.);
#4536=ORIENTED_EDGE('',*,*,#3271,.F.);
#4537=ORIENTED_EDGE('',*,*,#3254,.F.);
#4538=ORIENTED_EDGE('',*,*,#3272,.F.);
#4539=ORIENTED_EDGE('',*,*,#3273,.F.);
#4540=ORIENTED_EDGE('',*,*,#3274,.F.);
#4541=ORIENTED_EDGE('',*,*,#3275,.T.);
#4542=ORIENTED_EDGE('',*,*,#3276,.F.);
#4543=ORIENTED_EDGE('',*,*,#3277,.F.);
#4544=ORIENTED_EDGE('',*,*,#3278,.F.);
#4545=ORIENTED_EDGE('',*,*,#3279,.F.);
#4546=ORIENTED_EDGE('',*,*,#3280,.F.);
#4547=ORIENTED_EDGE('',*,*,#3281,.T.);
#4548=ORIENTED_EDGE('',*,*,#3282,.F.);
#4549=ORIENTED_EDGE('',*,*,#3283,.F.);
#4550=ORIENTED_EDGE('',*,*,#3284,.F.);
#4551=ORIENTED_EDGE('',*,*,#3285,.F.);
#4552=ORIENTED_EDGE('',*,*,#3286,.F.);
#4553=ORIENTED_EDGE('',*,*,#3287,.T.);
#4554=ORIENTED_EDGE('',*,*,#3288,.F.);
#4555=ORIENTED_EDGE('',*,*,#3289,.F.);
#4556=ORIENTED_EDGE('',*,*,#3290,.F.);
#4557=ORIENTED_EDGE('',*,*,#3291,.F.);
#4558=ORIENTED_EDGE('',*,*,#3292,.F.);
#4559=ORIENTED_EDGE('',*,*,#3293,.T.);
#4560=ORIENTED_EDGE('',*,*,#3294,.F.);
#4561=ORIENTED_EDGE('',*,*,#3295,.F.);
#4562=ORIENTED_EDGE('',*,*,#3296,.F.);
#4563=ORIENTED_EDGE('',*,*,#3297,.F.);
#4564=ORIENTED_EDGE('',*,*,#3298,.F.);
#4565=ORIENTED_EDGE('',*,*,#3299,.T.);
#4566=ORIENTED_EDGE('',*,*,#3300,.F.);
#4567=ORIENTED_EDGE('',*,*,#3301,.F.);
#4568=ORIENTED_EDGE('',*,*,#3302,.F.);
#4569=ORIENTED_EDGE('',*,*,#3303,.F.);
#4570=ORIENTED_EDGE('',*,*,#3304,.F.);
#4571=ORIENTED_EDGE('',*,*,#3305,.T.);
#4572=ORIENTED_EDGE('',*,*,#3306,.F.);
#4573=ORIENTED_EDGE('',*,*,#3307,.F.);
#4574=ORIENTED_EDGE('',*,*,#3308,.F.);
#4575=ORIENTED_EDGE('',*,*,#3309,.F.);
#4576=ORIENTED_EDGE('',*,*,#3310,.F.);
#4577=ORIENTED_EDGE('',*,*,#3311,.T.);
#4578=ORIENTED_EDGE('',*,*,#3312,.F.);
#4579=ORIENTED_EDGE('',*,*,#3313,.F.);
#4580=ORIENTED_EDGE('',*,*,#3314,.F.);
#4581=ORIENTED_EDGE('',*,*,#3315,.F.);
#4582=ORIENTED_EDGE('',*,*,#3316,.F.);
#4583=ORIENTED_EDGE('',*,*,#3317,.T.);
#4584=ORIENTED_EDGE('',*,*,#3318,.F.);
#4585=ORIENTED_EDGE('',*,*,#3319,.F.);
#4586=ORIENTED_EDGE('',*,*,#3249,.F.);
#4587=ORIENTED_EDGE('',*,*,#3247,.F.);
#4588=ORIENTED_EDGE('',*,*,#3243,.F.);
#4589=ORIENTED_EDGE('',*,*,#3241,.T.);
#4590=ORIENTED_EDGE('',*,*,#3238,.F.);
#4591=ORIENTED_EDGE('',*,*,#3245,.F.);
#4592=ORIENTED_EDGE('',*,*,#3126,.F.);
#4593=ORIENTED_EDGE('',*,*,#3259,.T.);
#4594=ORIENTED_EDGE('',*,*,#3320,.T.);
#4595=ORIENTED_EDGE('',*,*,#3233,.T.);
#4596=ORIENTED_EDGE('',*,*,#3321,.F.);
#4597=ORIENTED_EDGE('',*,*,#3320,.F.);
#4598=ORIENTED_EDGE('',*,*,#3258,.F.);
#4599=ORIENTED_EDGE('',*,*,#3322,.F.);
#4600=ORIENTED_EDGE('',*,*,#3234,.F.);
#4601=ORIENTED_EDGE('',*,*,#3235,.T.);
#4602=ORIENTED_EDGE('',*,*,#3322,.T.);
#4603=ORIENTED_EDGE('',*,*,#3257,.T.);
#4604=ORIENTED_EDGE('',*,*,#3323,.F.);
#4605=ORIENTED_EDGE('',*,*,#3260,.T.);
#4606=ORIENTED_EDGE('',*,*,#3321,.T.);
#4607=ORIENTED_EDGE('',*,*,#3232,.T.);
#4608=ORIENTED_EDGE('',*,*,#3324,.F.);
#4609=ORIENTED_EDGE('',*,*,#3236,.T.);
#4610=ORIENTED_EDGE('',*,*,#3323,.T.);
#4611=ORIENTED_EDGE('',*,*,#3256,.T.);
#4612=ORIENTED_EDGE('',*,*,#3251,.F.);
#4613=ORIENTED_EDGE('',*,*,#3324,.T.);
#4614=ORIENTED_EDGE('',*,*,#3231,.F.);
#4615=ORIENTED_EDGE('',*,*,#3325,.T.);
#4616=ORIENTED_EDGE('',*,*,#3261,.T.);
#4617=ORIENTED_EDGE('',*,*,#3214,.T.);
#4618=ORIENTED_EDGE('',*,*,#3326,.F.);
#4619=ORIENTED_EDGE('',*,*,#3277,.T.);
#4620=ORIENTED_EDGE('',*,*,#3327,.T.);
#4621=ORIENTED_EDGE('',*,*,#3265,.T.);
#4622=ORIENTED_EDGE('',*,*,#3328,.T.);
#4623=ORIENTED_EDGE('',*,*,#3227,.T.);
#4624=ORIENTED_EDGE('',*,*,#3329,.F.);
#4625=ORIENTED_EDGE('',*,*,#3328,.F.);
#4626=ORIENTED_EDGE('',*,*,#3264,.F.);
#4627=ORIENTED_EDGE('',*,*,#3330,.F.);
#4628=ORIENTED_EDGE('',*,*,#3228,.F.);
#4629=ORIENTED_EDGE('',*,*,#3229,.T.);
#4630=ORIENTED_EDGE('',*,*,#3330,.T.);
#4631=ORIENTED_EDGE('',*,*,#3263,.T.);
#4632=ORIENTED_EDGE('',*,*,#3331,.F.);
#4633=ORIENTED_EDGE('',*,*,#3266,.T.);
#4634=ORIENTED_EDGE('',*,*,#3329,.T.);
#4635=ORIENTED_EDGE('',*,*,#3226,.T.);
#4636=ORIENTED_EDGE('',*,*,#3332,.F.);
#4637=ORIENTED_EDGE('',*,*,#3230,.T.);
#4638=ORIENTED_EDGE('',*,*,#3331,.T.);
#4639=ORIENTED_EDGE('',*,*,#3262,.T.);
#4640=ORIENTED_EDGE('',*,*,#3325,.F.);
#4641=ORIENTED_EDGE('',*,*,#3332,.T.);
#4642=ORIENTED_EDGE('',*,*,#3225,.F.);
#4643=ORIENTED_EDGE('',*,*,#3333,.T.);
#4644=ORIENTED_EDGE('',*,*,#3267,.T.);
#4645=ORIENTED_EDGE('',*,*,#3208,.T.);
#4646=ORIENTED_EDGE('',*,*,#3334,.F.);
#4647=ORIENTED_EDGE('',*,*,#3283,.T.);
#4648=ORIENTED_EDGE('',*,*,#3335,.T.);
#4649=ORIENTED_EDGE('',*,*,#3271,.T.);
#4650=ORIENTED_EDGE('',*,*,#3336,.T.);
#4651=ORIENTED_EDGE('',*,*,#3221,.T.);
#4652=ORIENTED_EDGE('',*,*,#3255,.F.);
#4653=ORIENTED_EDGE('',*,*,#3336,.F.);
#4654=ORIENTED_EDGE('',*,*,#3270,.F.);
#4655=ORIENTED_EDGE('',*,*,#3337,.F.);
#4656=ORIENTED_EDGE('',*,*,#3222,.F.);
#4657=ORIENTED_EDGE('',*,*,#3223,.T.);
#4658=ORIENTED_EDGE('',*,*,#3337,.T.);
#4659=ORIENTED_EDGE('',*,*,#3269,.T.);
#4660=ORIENTED_EDGE('',*,*,#3338,.F.);
#4661=ORIENTED_EDGE('',*,*,#3224,.T.);
#4662=ORIENTED_EDGE('',*,*,#3338,.T.);
#4663=ORIENTED_EDGE('',*,*,#3268,.T.);
#4664=ORIENTED_EDGE('',*,*,#3333,.F.);
#4665=ORIENTED_EDGE('',*,*,#3253,.T.);
#4666=ORIENTED_EDGE('',*,*,#3219,.F.);
#4667=ORIENTED_EDGE('',*,*,#3339,.T.);
#4668=ORIENTED_EDGE('',*,*,#3272,.T.);
#4669=ORIENTED_EDGE('',*,*,#3202,.T.);
#4670=ORIENTED_EDGE('',*,*,#3340,.F.);
#4671=ORIENTED_EDGE('',*,*,#3289,.T.);
#4672=ORIENTED_EDGE('',*,*,#3341,.T.);
#4673=ORIENTED_EDGE('',*,*,#3276,.T.);
#4674=ORIENTED_EDGE('',*,*,#3342,.T.);
#4675=ORIENTED_EDGE('',*,*,#3215,.T.);
#4676=ORIENTED_EDGE('',*,*,#3327,.F.);
#4677=ORIENTED_EDGE('',*,*,#3342,.F.);
#4678=ORIENTED_EDGE('',*,*,#3275,.F.);
#4679=ORIENTED_EDGE('',*,*,#3343,.F.);
#4680=ORIENTED_EDGE('',*,*,#3216,.F.);
#4681=ORIENTED_EDGE('',*,*,#3217,.T.);
#4682=ORIENTED_EDGE('',*,*,#3343,.T.);
#4683=ORIENTED_EDGE('',*,*,#3274,.T.);
#4684=ORIENTED_EDGE('',*,*,#3344,.F.);
#4685=ORIENTED_EDGE('',*,*,#3218,.T.);
#4686=ORIENTED_EDGE('',*,*,#3344,.T.);
#4687=ORIENTED_EDGE('',*,*,#3273,.T.);
#4688=ORIENTED_EDGE('',*,*,#3339,.F.);
#4689=ORIENTED_EDGE('',*,*,#3326,.T.);
#4690=ORIENTED_EDGE('',*,*,#3213,.F.);
#4691=ORIENTED_EDGE('',*,*,#3345,.T.);
#4692=ORIENTED_EDGE('',*,*,#3278,.T.);
#4693=ORIENTED_EDGE('',*,*,#3196,.T.);
#4694=ORIENTED_EDGE('',*,*,#3346,.F.);
#4695=ORIENTED_EDGE('',*,*,#3295,.T.);
#4696=ORIENTED_EDGE('',*,*,#3347,.T.);
#4697=ORIENTED_EDGE('',*,*,#3282,.T.);
#4698=ORIENTED_EDGE('',*,*,#3348,.T.);
#4699=ORIENTED_EDGE('',*,*,#3209,.T.);
#4700=ORIENTED_EDGE('',*,*,#3335,.F.);
#4701=ORIENTED_EDGE('',*,*,#3348,.F.);
#4702=ORIENTED_EDGE('',*,*,#3281,.F.);
#4703=ORIENTED_EDGE('',*,*,#3349,.F.);
#4704=ORIENTED_EDGE('',*,*,#3210,.F.);
#4705=ORIENTED_EDGE('',*,*,#3211,.T.);
#4706=ORIENTED_EDGE('',*,*,#3349,.T.);
#4707=ORIENTED_EDGE('',*,*,#3280,.T.);
#4708=ORIENTED_EDGE('',*,*,#3350,.F.);
#4709=ORIENTED_EDGE('',*,*,#3212,.T.);
#4710=ORIENTED_EDGE('',*,*,#3350,.T.);
#4711=ORIENTED_EDGE('',*,*,#3279,.T.);
#4712=ORIENTED_EDGE('',*,*,#3345,.F.);
#4713=ORIENTED_EDGE('',*,*,#3334,.T.);
#4714=ORIENTED_EDGE('',*,*,#3207,.F.);
#4715=ORIENTED_EDGE('',*,*,#3351,.T.);
#4716=ORIENTED_EDGE('',*,*,#3284,.T.);
#4717=ORIENTED_EDGE('',*,*,#3190,.T.);
#4718=ORIENTED_EDGE('',*,*,#3352,.F.);
#4719=ORIENTED_EDGE('',*,*,#3301,.T.);
#4720=ORIENTED_EDGE('',*,*,#3353,.T.);
#4721=ORIENTED_EDGE('',*,*,#3288,.T.);
#4722=ORIENTED_EDGE('',*,*,#3354,.T.);
#4723=ORIENTED_EDGE('',*,*,#3203,.T.);
#4724=ORIENTED_EDGE('',*,*,#3341,.F.);
#4725=ORIENTED_EDGE('',*,*,#3354,.F.);
#4726=ORIENTED_EDGE('',*,*,#3287,.F.);
#4727=ORIENTED_EDGE('',*,*,#3355,.F.);
#4728=ORIENTED_EDGE('',*,*,#3204,.F.);
#4729=ORIENTED_EDGE('',*,*,#3205,.T.);
#4730=ORIENTED_EDGE('',*,*,#3355,.T.);
#4731=ORIENTED_EDGE('',*,*,#3286,.T.);
#4732=ORIENTED_EDGE('',*,*,#3356,.F.);
#4733=ORIENTED_EDGE('',*,*,#3206,.T.);
#4734=ORIENTED_EDGE('',*,*,#3356,.T.);
#4735=ORIENTED_EDGE('',*,*,#3285,.T.);
#4736=ORIENTED_EDGE('',*,*,#3351,.F.);
#4737=ORIENTED_EDGE('',*,*,#3340,.T.);
#4738=ORIENTED_EDGE('',*,*,#3201,.F.);
#4739=ORIENTED_EDGE('',*,*,#3357,.T.);
#4740=ORIENTED_EDGE('',*,*,#3290,.T.);
#4741=ORIENTED_EDGE('',*,*,#3184,.T.);
#4742=ORIENTED_EDGE('',*,*,#3358,.F.);
#4743=ORIENTED_EDGE('',*,*,#3307,.T.);
#4744=ORIENTED_EDGE('',*,*,#3359,.T.);
#4745=ORIENTED_EDGE('',*,*,#3294,.T.);
#4746=ORIENTED_EDGE('',*,*,#3360,.T.);
#4747=ORIENTED_EDGE('',*,*,#3197,.T.);
#4748=ORIENTED_EDGE('',*,*,#3347,.F.);
#4749=ORIENTED_EDGE('',*,*,#3360,.F.);
#4750=ORIENTED_EDGE('',*,*,#3293,.F.);
#4751=ORIENTED_EDGE('',*,*,#3361,.F.);
#4752=ORIENTED_EDGE('',*,*,#3198,.F.);
#4753=ORIENTED_EDGE('',*,*,#3199,.T.);
#4754=ORIENTED_EDGE('',*,*,#3361,.T.);
#4755=ORIENTED_EDGE('',*,*,#3292,.T.);
#4756=ORIENTED_EDGE('',*,*,#3362,.F.);
#4757=ORIENTED_EDGE('',*,*,#3200,.T.);
#4758=ORIENTED_EDGE('',*,*,#3362,.T.);
#4759=ORIENTED_EDGE('',*,*,#3291,.T.);
#4760=ORIENTED_EDGE('',*,*,#3357,.F.);
#4761=ORIENTED_EDGE('',*,*,#3346,.T.);
#4762=ORIENTED_EDGE('',*,*,#3195,.F.);
#4763=ORIENTED_EDGE('',*,*,#3363,.T.);
#4764=ORIENTED_EDGE('',*,*,#3296,.T.);
#4765=ORIENTED_EDGE('',*,*,#3178,.T.);
#4766=ORIENTED_EDGE('',*,*,#3364,.F.);
#4767=ORIENTED_EDGE('',*,*,#3313,.T.);
#4768=ORIENTED_EDGE('',*,*,#3365,.T.);
#4769=ORIENTED_EDGE('',*,*,#3300,.T.);
#4770=ORIENTED_EDGE('',*,*,#3366,.T.);
#4771=ORIENTED_EDGE('',*,*,#3191,.T.);
#4772=ORIENTED_EDGE('',*,*,#3353,.F.);
#4773=ORIENTED_EDGE('',*,*,#3366,.F.);
#4774=ORIENTED_EDGE('',*,*,#3299,.F.);
#4775=ORIENTED_EDGE('',*,*,#3367,.F.);
#4776=ORIENTED_EDGE('',*,*,#3192,.F.);
#4777=ORIENTED_EDGE('',*,*,#3193,.T.);
#4778=ORIENTED_EDGE('',*,*,#3367,.T.);
#4779=ORIENTED_EDGE('',*,*,#3298,.T.);
#4780=ORIENTED_EDGE('',*,*,#3368,.F.);
#4781=ORIENTED_EDGE('',*,*,#3194,.T.);
#4782=ORIENTED_EDGE('',*,*,#3368,.T.);
#4783=ORIENTED_EDGE('',*,*,#3297,.T.);
#4784=ORIENTED_EDGE('',*,*,#3363,.F.);
#4785=ORIENTED_EDGE('',*,*,#3172,.T.);
#4786=ORIENTED_EDGE('',*,*,#3250,.T.);
#4787=ORIENTED_EDGE('',*,*,#3319,.T.);
#4788=ORIENTED_EDGE('',*,*,#3369,.T.);
#4789=ORIENTED_EDGE('',*,*,#3352,.T.);
#4790=ORIENTED_EDGE('',*,*,#3189,.F.);
#4791=ORIENTED_EDGE('',*,*,#3370,.T.);
#4792=ORIENTED_EDGE('',*,*,#3302,.T.);
#4793=ORIENTED_EDGE('',*,*,#3306,.T.);
#4794=ORIENTED_EDGE('',*,*,#3371,.T.);
#4795=ORIENTED_EDGE('',*,*,#3185,.T.);
#4796=ORIENTED_EDGE('',*,*,#3359,.F.);
#4797=ORIENTED_EDGE('',*,*,#3371,.F.);
#4798=ORIENTED_EDGE('',*,*,#3305,.F.);
#4799=ORIENTED_EDGE('',*,*,#3372,.F.);
#4800=ORIENTED_EDGE('',*,*,#3186,.F.);
#4801=ORIENTED_EDGE('',*,*,#3187,.T.);
#4802=ORIENTED_EDGE('',*,*,#3372,.T.);
#4803=ORIENTED_EDGE('',*,*,#3304,.T.);
#4804=ORIENTED_EDGE('',*,*,#3373,.F.);
#4805=ORIENTED_EDGE('',*,*,#3303,.T.);
#4806=ORIENTED_EDGE('',*,*,#3370,.F.);
#4807=ORIENTED_EDGE('',*,*,#3188,.T.);
#4808=ORIENTED_EDGE('',*,*,#3373,.T.);
#4809=ORIENTED_EDGE('',*,*,#3312,.T.);
#4810=ORIENTED_EDGE('',*,*,#3374,.T.);
#4811=ORIENTED_EDGE('',*,*,#3179,.T.);
#4812=ORIENTED_EDGE('',*,*,#3365,.F.);
#4813=ORIENTED_EDGE('',*,*,#3374,.F.);
#4814=ORIENTED_EDGE('',*,*,#3311,.F.);
#4815=ORIENTED_EDGE('',*,*,#3375,.F.);
#4816=ORIENTED_EDGE('',*,*,#3180,.F.);
#4817=ORIENTED_EDGE('',*,*,#3181,.T.);
#4818=ORIENTED_EDGE('',*,*,#3375,.T.);
#4819=ORIENTED_EDGE('',*,*,#3310,.T.);
#4820=ORIENTED_EDGE('',*,*,#3376,.F.);
#4821=ORIENTED_EDGE('',*,*,#3309,.T.);
#4822=ORIENTED_EDGE('',*,*,#3377,.F.);
#4823=ORIENTED_EDGE('',*,*,#3182,.T.);
#4824=ORIENTED_EDGE('',*,*,#3376,.T.);
#4825=ORIENTED_EDGE('',*,*,#3364,.T.);
#4826=ORIENTED_EDGE('',*,*,#3177,.F.);
#4827=ORIENTED_EDGE('',*,*,#3378,.F.);
#4828=ORIENTED_EDGE('',*,*,#3314,.T.);
#4829=ORIENTED_EDGE('',*,*,#3358,.T.);
#4830=ORIENTED_EDGE('',*,*,#3183,.F.);
#4831=ORIENTED_EDGE('',*,*,#3377,.T.);
#4832=ORIENTED_EDGE('',*,*,#3308,.T.);
#4833=ORIENTED_EDGE('',*,*,#3318,.T.);
#4834=ORIENTED_EDGE('',*,*,#3379,.T.);
#4835=ORIENTED_EDGE('',*,*,#3173,.T.);
#4836=ORIENTED_EDGE('',*,*,#3369,.F.);
#4837=ORIENTED_EDGE('',*,*,#3379,.F.);
#4838=ORIENTED_EDGE('',*,*,#3317,.F.);
#4839=ORIENTED_EDGE('',*,*,#3380,.F.);
#4840=ORIENTED_EDGE('',*,*,#3174,.F.);
#4841=ORIENTED_EDGE('',*,*,#3175,.T.);
#4842=ORIENTED_EDGE('',*,*,#3380,.T.);
#4843=ORIENTED_EDGE('',*,*,#3316,.T.);
#4844=ORIENTED_EDGE('',*,*,#3381,.F.);
#4845=ORIENTED_EDGE('',*,*,#3315,.T.);
#4846=ORIENTED_EDGE('',*,*,#3378,.T.);
#4847=ORIENTED_EDGE('',*,*,#3176,.T.);
#4848=ORIENTED_EDGE('',*,*,#3381,.T.);
#4849=ORIENTED_EDGE('',*,*,#3382,.T.);
#4850=ORIENTED_EDGE('',*,*,#3139,.T.);
#4851=ORIENTED_EDGE('',*,*,#3383,.T.);
#4852=ORIENTED_EDGE('',*,*,#3384,.T.);
#4853=ORIENTED_EDGE('',*,*,#3385,.T.);
#4854=ORIENTED_EDGE('',*,*,#3386,.T.);
#4855=ORIENTED_EDGE('',*,*,#3387,.T.);
#4856=ORIENTED_EDGE('',*,*,#3141,.T.);
#4857=ORIENTED_EDGE('',*,*,#3386,.F.);
#4858=ORIENTED_EDGE('',*,*,#3388,.F.);
#4859=ORIENTED_EDGE('',*,*,#3389,.F.);
#4860=ORIENTED_EDGE('',*,*,#3390,.F.);
#4861=ORIENTED_EDGE('',*,*,#3391,.T.);
#4862=ORIENTED_EDGE('',*,*,#3383,.F.);
#4863=ORIENTED_EDGE('',*,*,#3142,.F.);
#4864=ORIENTED_EDGE('',*,*,#3387,.F.);
#4865=ORIENTED_EDGE('',*,*,#3390,.T.);
#4866=ORIENTED_EDGE('',*,*,#3392,.F.);
#4867=ORIENTED_EDGE('',*,*,#3393,.T.);
#4868=ORIENTED_EDGE('',*,*,#3394,.F.);
#4869=ORIENTED_EDGE('',*,*,#3395,.T.);
#4870=ORIENTED_EDGE('',*,*,#3384,.F.);
#4871=ORIENTED_EDGE('',*,*,#3391,.F.);
#4872=ORIENTED_EDGE('',*,*,#3396,.F.);
#4873=ORIENTED_EDGE('',*,*,#3397,.T.);
#4874=ORIENTED_EDGE('',*,*,#3397,.F.);
#4875=ORIENTED_EDGE('',*,*,#3398,.F.);
#4876=ORIENTED_EDGE('',*,*,#3399,.T.);
#4877=ORIENTED_EDGE('',*,*,#3400,.F.);
#4878=ORIENTED_EDGE('',*,*,#3388,.T.);
#4879=ORIENTED_EDGE('',*,*,#3385,.F.);
#4880=ORIENTED_EDGE('',*,*,#3140,.F.);
#4881=ORIENTED_EDGE('',*,*,#3382,.F.);
#4882=ORIENTED_EDGE('',*,*,#3401,.F.);
#4883=ORIENTED_EDGE('',*,*,#3394,.T.);
#4884=ORIENTED_EDGE('',*,*,#3402,.T.);
#4885=ORIENTED_EDGE('',*,*,#3398,.T.);
#4886=ORIENTED_EDGE('',*,*,#3396,.T.);
#4887=ORIENTED_EDGE('',*,*,#3392,.T.);
#4888=ORIENTED_EDGE('',*,*,#3389,.T.);
#4889=ORIENTED_EDGE('',*,*,#3400,.T.);
#4890=ORIENTED_EDGE('',*,*,#3403,.T.);
#4891=ORIENTED_EDGE('',*,*,#3395,.F.);
#4892=ORIENTED_EDGE('',*,*,#3404,.T.);
#4893=ORIENTED_EDGE('',*,*,#3401,.T.);
#4894=ORIENTED_EDGE('',*,*,#3404,.F.);
#4895=ORIENTED_EDGE('',*,*,#3402,.F.);
#4896=ORIENTED_EDGE('',*,*,#3393,.F.);
#4897=ORIENTED_EDGE('',*,*,#3403,.F.);
#4898=ORIENTED_EDGE('',*,*,#3399,.F.);
#4899=ORIENTED_EDGE('',*,*,#3405,.T.);
#4900=ORIENTED_EDGE('',*,*,#3135,.T.);
#4901=ORIENTED_EDGE('',*,*,#3406,.T.);
#4902=ORIENTED_EDGE('',*,*,#3407,.T.);
#4903=ORIENTED_EDGE('',*,*,#3408,.T.);
#4904=ORIENTED_EDGE('',*,*,#3409,.T.);
#4905=ORIENTED_EDGE('',*,*,#3410,.T.);
#4906=ORIENTED_EDGE('',*,*,#3137,.T.);
#4907=ORIENTED_EDGE('',*,*,#3409,.F.);
#4908=ORIENTED_EDGE('',*,*,#3411,.F.);
#4909=ORIENTED_EDGE('',*,*,#3412,.F.);
#4910=ORIENTED_EDGE('',*,*,#3413,.F.);
#4911=ORIENTED_EDGE('',*,*,#3414,.T.);
#4912=ORIENTED_EDGE('',*,*,#3406,.F.);
#4913=ORIENTED_EDGE('',*,*,#3138,.F.);
#4914=ORIENTED_EDGE('',*,*,#3410,.F.);
#4915=ORIENTED_EDGE('',*,*,#3413,.T.);
#4916=ORIENTED_EDGE('',*,*,#3415,.F.);
#4917=ORIENTED_EDGE('',*,*,#3416,.T.);
#4918=ORIENTED_EDGE('',*,*,#3417,.F.);
#4919=ORIENTED_EDGE('',*,*,#3418,.T.);
#4920=ORIENTED_EDGE('',*,*,#3407,.F.);
#4921=ORIENTED_EDGE('',*,*,#3414,.F.);
#4922=ORIENTED_EDGE('',*,*,#3419,.F.);
#4923=ORIENTED_EDGE('',*,*,#3420,.T.);
#4924=ORIENTED_EDGE('',*,*,#3420,.F.);
#4925=ORIENTED_EDGE('',*,*,#3421,.F.);
#4926=ORIENTED_EDGE('',*,*,#3422,.T.);
#4927=ORIENTED_EDGE('',*,*,#3423,.F.);
#4928=ORIENTED_EDGE('',*,*,#3411,.T.);
#4929=ORIENTED_EDGE('',*,*,#3408,.F.);
#4930=ORIENTED_EDGE('',*,*,#3136,.F.);
#4931=ORIENTED_EDGE('',*,*,#3405,.F.);
#4932=ORIENTED_EDGE('',*,*,#3424,.F.);
#4933=ORIENTED_EDGE('',*,*,#3417,.T.);
#4934=ORIENTED_EDGE('',*,*,#3425,.T.);
#4935=ORIENTED_EDGE('',*,*,#3421,.T.);
#4936=ORIENTED_EDGE('',*,*,#3419,.T.);
#4937=ORIENTED_EDGE('',*,*,#3415,.T.);
#4938=ORIENTED_EDGE('',*,*,#3412,.T.);
#4939=ORIENTED_EDGE('',*,*,#3423,.T.);
#4940=ORIENTED_EDGE('',*,*,#3426,.T.);
#4941=ORIENTED_EDGE('',*,*,#3418,.F.);
#4942=ORIENTED_EDGE('',*,*,#3427,.T.);
#4943=ORIENTED_EDGE('',*,*,#3424,.T.);
#4944=ORIENTED_EDGE('',*,*,#3427,.F.);
#4945=ORIENTED_EDGE('',*,*,#3425,.F.);
#4946=ORIENTED_EDGE('',*,*,#3416,.F.);
#4947=ORIENTED_EDGE('',*,*,#3426,.F.);
#4948=ORIENTED_EDGE('',*,*,#3422,.F.);
#4949=ORIENTED_EDGE('',*,*,#3428,.T.);
#4950=ORIENTED_EDGE('',*,*,#3131,.T.);
#4951=ORIENTED_EDGE('',*,*,#3429,.T.);
#4952=ORIENTED_EDGE('',*,*,#3430,.T.);
#4953=ORIENTED_EDGE('',*,*,#3431,.T.);
#4954=ORIENTED_EDGE('',*,*,#3432,.T.);
#4955=ORIENTED_EDGE('',*,*,#3433,.T.);
#4956=ORIENTED_EDGE('',*,*,#3133,.T.);
#4957=ORIENTED_EDGE('',*,*,#3432,.F.);
#4958=ORIENTED_EDGE('',*,*,#3434,.F.);
#4959=ORIENTED_EDGE('',*,*,#3435,.F.);
#4960=ORIENTED_EDGE('',*,*,#3436,.F.);
#4961=ORIENTED_EDGE('',*,*,#3437,.T.);
#4962=ORIENTED_EDGE('',*,*,#3429,.F.);
#4963=ORIENTED_EDGE('',*,*,#3134,.F.);
#4964=ORIENTED_EDGE('',*,*,#3433,.F.);
#4965=ORIENTED_EDGE('',*,*,#3436,.T.);
#4966=ORIENTED_EDGE('',*,*,#3438,.F.);
#4967=ORIENTED_EDGE('',*,*,#3439,.T.);
#4968=ORIENTED_EDGE('',*,*,#3440,.F.);
#4969=ORIENTED_EDGE('',*,*,#3441,.T.);
#4970=ORIENTED_EDGE('',*,*,#3430,.F.);
#4971=ORIENTED_EDGE('',*,*,#3437,.F.);
#4972=ORIENTED_EDGE('',*,*,#3442,.F.);
#4973=ORIENTED_EDGE('',*,*,#3443,.T.);
#4974=ORIENTED_EDGE('',*,*,#3443,.F.);
#4975=ORIENTED_EDGE('',*,*,#3444,.F.);
#4976=ORIENTED_EDGE('',*,*,#3445,.T.);
#4977=ORIENTED_EDGE('',*,*,#3446,.F.);
#4978=ORIENTED_EDGE('',*,*,#3434,.T.);
#4979=ORIENTED_EDGE('',*,*,#3431,.F.);
#4980=ORIENTED_EDGE('',*,*,#3132,.F.);
#4981=ORIENTED_EDGE('',*,*,#3428,.F.);
#4982=ORIENTED_EDGE('',*,*,#3447,.F.);
#4983=ORIENTED_EDGE('',*,*,#3440,.T.);
#4984=ORIENTED_EDGE('',*,*,#3448,.T.);
#4985=ORIENTED_EDGE('',*,*,#3444,.T.);
#4986=ORIENTED_EDGE('',*,*,#3442,.T.);
#4987=ORIENTED_EDGE('',*,*,#3438,.T.);
#4988=ORIENTED_EDGE('',*,*,#3435,.T.);
#4989=ORIENTED_EDGE('',*,*,#3446,.T.);
#4990=ORIENTED_EDGE('',*,*,#3449,.T.);
#4991=ORIENTED_EDGE('',*,*,#3441,.F.);
#4992=ORIENTED_EDGE('',*,*,#3450,.T.);
#4993=ORIENTED_EDGE('',*,*,#3447,.T.);
#4994=ORIENTED_EDGE('',*,*,#3450,.F.);
#4995=ORIENTED_EDGE('',*,*,#3448,.F.);
#4996=ORIENTED_EDGE('',*,*,#3439,.F.);
#4997=ORIENTED_EDGE('',*,*,#3449,.F.);
#4998=ORIENTED_EDGE('',*,*,#3445,.F.);
#4999=ORIENTED_EDGE('',*,*,#3451,.T.);
#5000=ORIENTED_EDGE('',*,*,#3127,.T.);
#5001=ORIENTED_EDGE('',*,*,#3452,.T.);
#5002=ORIENTED_EDGE('',*,*,#3453,.T.);
#5003=ORIENTED_EDGE('',*,*,#3454,.T.);
#5004=ORIENTED_EDGE('',*,*,#3455,.T.);
#5005=ORIENTED_EDGE('',*,*,#3456,.T.);
#5006=ORIENTED_EDGE('',*,*,#3129,.T.);
#5007=ORIENTED_EDGE('',*,*,#3455,.F.);
#5008=ORIENTED_EDGE('',*,*,#3457,.F.);
#5009=ORIENTED_EDGE('',*,*,#3458,.F.);
#5010=ORIENTED_EDGE('',*,*,#3459,.F.);
#5011=ORIENTED_EDGE('',*,*,#3460,.T.);
#5012=ORIENTED_EDGE('',*,*,#3452,.F.);
#5013=ORIENTED_EDGE('',*,*,#3130,.F.);
#5014=ORIENTED_EDGE('',*,*,#3456,.F.);
#5015=ORIENTED_EDGE('',*,*,#3459,.T.);
#5016=ORIENTED_EDGE('',*,*,#3461,.F.);
#5017=ORIENTED_EDGE('',*,*,#3462,.T.);
#5018=ORIENTED_EDGE('',*,*,#3463,.F.);
#5019=ORIENTED_EDGE('',*,*,#3464,.T.);
#5020=ORIENTED_EDGE('',*,*,#3453,.F.);
#5021=ORIENTED_EDGE('',*,*,#3460,.F.);
#5022=ORIENTED_EDGE('',*,*,#3465,.F.);
#5023=ORIENTED_EDGE('',*,*,#3466,.T.);
#5024=ORIENTED_EDGE('',*,*,#3466,.F.);
#5025=ORIENTED_EDGE('',*,*,#3467,.F.);
#5026=ORIENTED_EDGE('',*,*,#3468,.T.);
#5027=ORIENTED_EDGE('',*,*,#3469,.F.);
#5028=ORIENTED_EDGE('',*,*,#3457,.T.);
#5029=ORIENTED_EDGE('',*,*,#3454,.F.);
#5030=ORIENTED_EDGE('',*,*,#3128,.F.);
#5031=ORIENTED_EDGE('',*,*,#3451,.F.);
#5032=ORIENTED_EDGE('',*,*,#3470,.F.);
#5033=ORIENTED_EDGE('',*,*,#3463,.T.);
#5034=ORIENTED_EDGE('',*,*,#3471,.T.);
#5035=ORIENTED_EDGE('',*,*,#3467,.T.);
#5036=ORIENTED_EDGE('',*,*,#3465,.T.);
#5037=ORIENTED_EDGE('',*,*,#3461,.T.);
#5038=ORIENTED_EDGE('',*,*,#3458,.T.);
#5039=ORIENTED_EDGE('',*,*,#3469,.T.);
#5040=ORIENTED_EDGE('',*,*,#3472,.T.);
#5041=ORIENTED_EDGE('',*,*,#3464,.F.);
#5042=ORIENTED_EDGE('',*,*,#3473,.T.);
#5043=ORIENTED_EDGE('',*,*,#3470,.T.);
#5044=ORIENTED_EDGE('',*,*,#3473,.F.);
#5045=ORIENTED_EDGE('',*,*,#3471,.F.);
#5046=ORIENTED_EDGE('',*,*,#3462,.F.);
#5047=ORIENTED_EDGE('',*,*,#3472,.F.);
#5048=ORIENTED_EDGE('',*,*,#3468,.F.);
#5049=ORIENTED_EDGE('',*,*,#3474,.F.);
#5050=ORIENTED_EDGE('',*,*,#3475,.T.);
#5051=ORIENTED_EDGE('',*,*,#3476,.F.);
#5052=ORIENTED_EDGE('',*,*,#3475,.F.);
#5053=ORIENTED_EDGE('',*,*,#3477,.T.);
#5054=ORIENTED_EDGE('',*,*,#3478,.T.);
#5055=ORIENTED_EDGE('',*,*,#3479,.T.);
#5056=ORIENTED_EDGE('',*,*,#3478,.F.);
#5057=ORIENTED_EDGE('',*,*,#3477,.F.);
#5058=ORIENTED_EDGE('',*,*,#3480,.F.);
#5059=ORIENTED_EDGE('',*,*,#3481,.F.);
#5060=ORIENTED_EDGE('',*,*,#3482,.T.);
#5061=ORIENTED_EDGE('',*,*,#3483,.T.);
#5062=ORIENTED_EDGE('',*,*,#3484,.T.);
#5063=ORIENTED_EDGE('',*,*,#3479,.F.);
#5064=ORIENTED_EDGE('',*,*,#3485,.T.);
#5065=ORIENTED_EDGE('',*,*,#3486,.T.);
#5066=ORIENTED_EDGE('',*,*,#3485,.F.);
#5067=ORIENTED_EDGE('',*,*,#3487,.T.);
#5068=ORIENTED_EDGE('',*,*,#3488,.T.);
#5069=ORIENTED_EDGE('',*,*,#3480,.T.);
#5070=ORIENTED_EDGE('',*,*,#3489,.T.);
#5071=ORIENTED_EDGE('',*,*,#3481,.T.);
#5072=ORIENTED_EDGE('',*,*,#3488,.F.);
#5073=ORIENTED_EDGE('',*,*,#3490,.T.);
#5074=ORIENTED_EDGE('',*,*,#3489,.F.);
#5075=ORIENTED_EDGE('',*,*,#3487,.F.);
#5076=ORIENTED_EDGE('',*,*,#3491,.T.);
#5077=ORIENTED_EDGE('',*,*,#3492,.F.);
#5078=ORIENTED_EDGE('',*,*,#3493,.F.);
#5079=ORIENTED_EDGE('',*,*,#3494,.F.);
#5080=ORIENTED_EDGE('',*,*,#3495,.T.);
#5081=ORIENTED_EDGE('',*,*,#3496,.F.);
#5082=ORIENTED_EDGE('',*,*,#3497,.F.);
#5083=ORIENTED_EDGE('',*,*,#3498,.F.);
#5084=ORIENTED_EDGE('',*,*,#3497,.T.);
#5085=ORIENTED_EDGE('',*,*,#3499,.F.);
#5086=ORIENTED_EDGE('',*,*,#3495,.F.);
#5087=ORIENTED_EDGE('',*,*,#3476,.T.);
#5088=ORIENTED_EDGE('',*,*,#3490,.F.);
#5089=ORIENTED_EDGE('',*,*,#3493,.T.);
#5090=ORIENTED_EDGE('',*,*,#3500,.F.);
#5091=ORIENTED_EDGE('',*,*,#3491,.F.);
#5092=ORIENTED_EDGE('',*,*,#3474,.T.);
#5093=ORIENTED_EDGE('',*,*,#3500,.T.);
#5094=ORIENTED_EDGE('',*,*,#3492,.T.);
#5095=ORIENTED_EDGE('',*,*,#3499,.T.);
#5096=ORIENTED_EDGE('',*,*,#3496,.T.);
#5097=ORIENTED_EDGE('',*,*,#3482,.F.);
#5098=ORIENTED_EDGE('',*,*,#3501,.T.);
#5099=ORIENTED_EDGE('',*,*,#3502,.T.);
#5100=ORIENTED_EDGE('',*,*,#3501,.F.);
#5101=ORIENTED_EDGE('',*,*,#3483,.F.);
#5102=ORIENTED_EDGE('',*,*,#3503,.T.);
#5103=ORIENTED_EDGE('',*,*,#3504,.T.);
#5104=ORIENTED_EDGE('',*,*,#3503,.F.);
#5105=ORIENTED_EDGE('',*,*,#3484,.F.);
#5106=ORIENTED_EDGE('',*,*,#3505,.T.);
#5107=ORIENTED_EDGE('',*,*,#3506,.T.);
#5108=ORIENTED_EDGE('',*,*,#3505,.F.);
#5109=ORIENTED_EDGE('',*,*,#3494,.T.);
#5110=ORIENTED_EDGE('',*,*,#3498,.T.);
#5111=ORIENTED_EDGE('',*,*,#3486,.F.);
#5112=ORIENTED_EDGE('',*,*,#3506,.F.);
#5113=ORIENTED_EDGE('',*,*,#3504,.F.);
#5114=ORIENTED_EDGE('',*,*,#3502,.F.);
#5115=ORIENTED_EDGE('',*,*,#3507,.T.);
#5116=ORIENTED_EDGE('',*,*,#3508,.T.);
#5117=ORIENTED_EDGE('',*,*,#3509,.T.);
#5118=ORIENTED_EDGE('',*,*,#3508,.F.);
#5119=ORIENTED_EDGE('',*,*,#3510,.T.);
#5120=ORIENTED_EDGE('',*,*,#3511,.F.);
#5121=ORIENTED_EDGE('',*,*,#3512,.T.);
#5122=ORIENTED_EDGE('',*,*,#3510,.F.);
#5123=ORIENTED_EDGE('',*,*,#3507,.F.);
#5124=ORIENTED_EDGE('',*,*,#3512,.F.);
#5125=ORIENTED_EDGE('',*,*,#3513,.F.);
#5126=ORIENTED_EDGE('',*,*,#3509,.F.);
#5127=ORIENTED_EDGE('',*,*,#3514,.T.);
#5128=ORIENTED_EDGE('',*,*,#3515,.T.);
#5129=ORIENTED_EDGE('',*,*,#3516,.T.);
#5130=ORIENTED_EDGE('',*,*,#3513,.T.);
#5131=ORIENTED_EDGE('',*,*,#3511,.T.);
#5132=ORIENTED_EDGE('',*,*,#3516,.F.);
#5133=ORIENTED_EDGE('',*,*,#3515,.F.);
#5134=ORIENTED_EDGE('',*,*,#3517,.T.);
#5135=ORIENTED_EDGE('',*,*,#3518,.T.);
#5136=ORIENTED_EDGE('',*,*,#3519,.T.);
#5137=ORIENTED_EDGE('',*,*,#3520,.T.);
#5138=ORIENTED_EDGE('',*,*,#3521,.T.);
#5139=ORIENTED_EDGE('',*,*,#3522,.T.);
#5140=ORIENTED_EDGE('',*,*,#3517,.F.);
#5141=ORIENTED_EDGE('',*,*,#3523,.T.);
#5142=ORIENTED_EDGE('',*,*,#3524,.T.);
#5143=ORIENTED_EDGE('',*,*,#3525,.F.);
#5144=ORIENTED_EDGE('',*,*,#3522,.F.);
#5145=ORIENTED_EDGE('',*,*,#3526,.T.);
#5146=ORIENTED_EDGE('',*,*,#3527,.T.);
#5147=ORIENTED_EDGE('',*,*,#3523,.F.);
#5148=ORIENTED_EDGE('',*,*,#3521,.F.);
#5149=ORIENTED_EDGE('',*,*,#3528,.T.);
#5150=ORIENTED_EDGE('',*,*,#3529,.T.);
#5151=ORIENTED_EDGE('',*,*,#3526,.F.);
#5152=ORIENTED_EDGE('',*,*,#3520,.F.);
#5153=ORIENTED_EDGE('',*,*,#3530,.T.);
#5154=ORIENTED_EDGE('',*,*,#3531,.T.);
#5155=ORIENTED_EDGE('',*,*,#3528,.F.);
#5156=ORIENTED_EDGE('',*,*,#3519,.F.);
#5157=ORIENTED_EDGE('',*,*,#3532,.T.);
#5158=ORIENTED_EDGE('',*,*,#3533,.T.);
#5159=ORIENTED_EDGE('',*,*,#3530,.F.);
#5160=ORIENTED_EDGE('',*,*,#3518,.F.);
#5161=ORIENTED_EDGE('',*,*,#3525,.T.);
#5162=ORIENTED_EDGE('',*,*,#3534,.T.);
#5163=ORIENTED_EDGE('',*,*,#3532,.F.);
#5164=ORIENTED_EDGE('',*,*,#3534,.F.);
#5165=ORIENTED_EDGE('',*,*,#3524,.F.);
#5166=ORIENTED_EDGE('',*,*,#3527,.F.);
#5167=ORIENTED_EDGE('',*,*,#3529,.F.);
#5168=ORIENTED_EDGE('',*,*,#3531,.F.);
#5169=ORIENTED_EDGE('',*,*,#3533,.F.);
#5170=ORIENTED_EDGE('',*,*,#3535,.F.);
#5171=ORIENTED_EDGE('',*,*,#3536,.T.);
#5172=ORIENTED_EDGE('',*,*,#3514,.F.);
#5173=ORIENTED_EDGE('',*,*,#3536,.F.);
#5174=ORIENTED_EDGE('',*,*,#3535,.T.);
#5175=ORIENTED_EDGE('',*,*,#3537,.T.);
#5176=ORIENTED_EDGE('',*,*,#3538,.T.);
#5177=ORIENTED_EDGE('',*,*,#3539,.T.);
#5178=ORIENTED_EDGE('',*,*,#3540,.T.);
#5179=ORIENTED_EDGE('',*,*,#3539,.F.);
#5180=ORIENTED_EDGE('',*,*,#3541,.T.);
#5181=ORIENTED_EDGE('',*,*,#3542,.F.);
#5182=ORIENTED_EDGE('',*,*,#3543,.T.);
#5183=ORIENTED_EDGE('',*,*,#3541,.F.);
#5184=ORIENTED_EDGE('',*,*,#3538,.F.);
#5185=ORIENTED_EDGE('',*,*,#3543,.F.);
#5186=ORIENTED_EDGE('',*,*,#3544,.F.);
#5187=ORIENTED_EDGE('',*,*,#3540,.F.);
#5188=ORIENTED_EDGE('',*,*,#3545,.T.);
#5189=ORIENTED_EDGE('',*,*,#3546,.T.);
#5190=ORIENTED_EDGE('',*,*,#3547,.T.);
#5191=ORIENTED_EDGE('',*,*,#3544,.T.);
#5192=ORIENTED_EDGE('',*,*,#3542,.T.);
#5193=ORIENTED_EDGE('',*,*,#3547,.F.);
#5194=ORIENTED_EDGE('',*,*,#3546,.F.);
#5195=ORIENTED_EDGE('',*,*,#3548,.T.);
#5196=ORIENTED_EDGE('',*,*,#3549,.T.);
#5197=ORIENTED_EDGE('',*,*,#3550,.T.);
#5198=ORIENTED_EDGE('',*,*,#3551,.T.);
#5199=ORIENTED_EDGE('',*,*,#3552,.T.);
#5200=ORIENTED_EDGE('',*,*,#3553,.T.);
#5201=ORIENTED_EDGE('',*,*,#3548,.F.);
#5202=ORIENTED_EDGE('',*,*,#3554,.T.);
#5203=ORIENTED_EDGE('',*,*,#3555,.T.);
#5204=ORIENTED_EDGE('',*,*,#3556,.F.);
#5205=ORIENTED_EDGE('',*,*,#3553,.F.);
#5206=ORIENTED_EDGE('',*,*,#3557,.T.);
#5207=ORIENTED_EDGE('',*,*,#3558,.T.);
#5208=ORIENTED_EDGE('',*,*,#3554,.F.);
#5209=ORIENTED_EDGE('',*,*,#3552,.F.);
#5210=ORIENTED_EDGE('',*,*,#3559,.T.);
#5211=ORIENTED_EDGE('',*,*,#3560,.T.);
#5212=ORIENTED_EDGE('',*,*,#3557,.F.);
#5213=ORIENTED_EDGE('',*,*,#3551,.F.);
#5214=ORIENTED_EDGE('',*,*,#3561,.T.);
#5215=ORIENTED_EDGE('',*,*,#3562,.T.);
#5216=ORIENTED_EDGE('',*,*,#3559,.F.);
#5217=ORIENTED_EDGE('',*,*,#3550,.F.);
#5218=ORIENTED_EDGE('',*,*,#3563,.T.);
#5219=ORIENTED_EDGE('',*,*,#3564,.T.);
#5220=ORIENTED_EDGE('',*,*,#3561,.F.);
#5221=ORIENTED_EDGE('',*,*,#3549,.F.);
#5222=ORIENTED_EDGE('',*,*,#3556,.T.);
#5223=ORIENTED_EDGE('',*,*,#3565,.T.);
#5224=ORIENTED_EDGE('',*,*,#3563,.F.);
#5225=ORIENTED_EDGE('',*,*,#3565,.F.);
#5226=ORIENTED_EDGE('',*,*,#3555,.F.);
#5227=ORIENTED_EDGE('',*,*,#3558,.F.);
#5228=ORIENTED_EDGE('',*,*,#3560,.F.);
#5229=ORIENTED_EDGE('',*,*,#3562,.F.);
#5230=ORIENTED_EDGE('',*,*,#3564,.F.);
#5231=ORIENTED_EDGE('',*,*,#3537,.F.);
#5232=ORIENTED_EDGE('',*,*,#3566,.T.);
#5233=ORIENTED_EDGE('',*,*,#3545,.F.);
#5234=ORIENTED_EDGE('',*,*,#3566,.F.);
#5235=CYLINDRICAL_SURFACE('',#5768,2.);
#5236=CYLINDRICAL_SURFACE('',#5771,45.);
#5237=CYLINDRICAL_SURFACE('',#5779,42.5);
#5238=CYLINDRICAL_SURFACE('',#5781,2.);
#5239=CYLINDRICAL_SURFACE('',#5799,42.5);
#5240=CYLINDRICAL_SURFACE('',#5812,1.5);
#5241=CYLINDRICAL_SURFACE('',#5814,1.5);
#5242=CYLINDRICAL_SURFACE('',#5816,2.5);
#5243=CYLINDRICAL_SURFACE('',#5826,1.5);
#5244=CYLINDRICAL_SURFACE('',#5846,2.);
#5245=CYLINDRICAL_SURFACE('',#5849,45.);
#5246=CYLINDRICAL_SURFACE('',#5866,2.5);
#5247=CYLINDRICAL_SURFACE('',#5868,2.5);
#5248=CYLINDRICAL_SURFACE('',#5870,2.5);
#5249=CYLINDRICAL_SURFACE('',#5876,42.5);
#5250=CYLINDRICAL_SURFACE('',#5878,42.5);
#5251=CYLINDRICAL_SURFACE('',#5879,42.5);
#5252=CYLINDRICAL_SURFACE('',#5881,42.5);
#5253=CYLINDRICAL_SURFACE('',#5883,42.5);
#5254=CYLINDRICAL_SURFACE('',#5885,2.);
#5255=CYLINDRICAL_SURFACE('',#5887,2.);
#5256=CYLINDRICAL_SURFACE('',#5889,2.);
#5257=CYLINDRICAL_SURFACE('',#5892,2.);
#5258=CYLINDRICAL_SURFACE('',#5893,2.);
#5259=CYLINDRICAL_SURFACE('',#5895,2.);
#5260=CYLINDRICAL_SURFACE('',#5898,2.);
#5261=CYLINDRICAL_SURFACE('',#5899,2.);
#5262=CYLINDRICAL_SURFACE('',#5901,2.);
#5263=CYLINDRICAL_SURFACE('',#5904,2.);
#5264=CYLINDRICAL_SURFACE('',#5905,2.);
#5265=CYLINDRICAL_SURFACE('',#5908,2.);
#5266=CYLINDRICAL_SURFACE('',#5915,1.5);
#5267=CYLINDRICAL_SURFACE('',#5917,2.);
#5268=CYLINDRICAL_SURFACE('',#5918,42.5);
#5269=CYLINDRICAL_SURFACE('',#5919,2.);
#5270=CYLINDRICAL_SURFACE('',#5932,2.);
#5271=CYLINDRICAL_SURFACE('',#5936,42.5);
#5272=CYLINDRICAL_SURFACE('',#5939,1.5);
#5273=CYLINDRICAL_SURFACE('',#5941,2.5);
#5274=CYLINDRICAL_SURFACE('',#5944,42.5);
#5275=CYLINDRICAL_SURFACE('',#5949,2.);
#5276=CYLINDRICAL_SURFACE('',#5952,2.);
#5277=CYLINDRICAL_SURFACE('',#5956,5.);
#5278=CYLINDRICAL_SURFACE('',#5974,1.5);
#5279=CYLINDRICAL_SURFACE('',#5978,1.5);
#5280=CYLINDRICAL_SURFACE('',#5982,1.5);
#5281=CYLINDRICAL_SURFACE('',#5984,3.);
#5282=CYLINDRICAL_SURFACE('',#5986,3.);
#5283=CYLINDRICAL_SURFACE('',#5987,15.);
#5284=CYLINDRICAL_SURFACE('',#5989,3.);
#5285=CYLINDRICAL_SURFACE('',#5991,3.);
#5286=CYLINDRICAL_SURFACE('',#5993,3.);
#5287=CYLINDRICAL_SURFACE('',#5994,3.);
#5288=CYLINDRICAL_SURFACE('',#5996,45.);
#5289=CYLINDRICAL_SURFACE('',#5998,3.);
#5290=CYLINDRICAL_SURFACE('',#5999,15.);
#5291=CYLINDRICAL_SURFACE('',#6001,3.);
#5292=CYLINDRICAL_SURFACE('',#6002,3.);
#5293=CYLINDRICAL_SURFACE('',#6004,45.);
#5294=CYLINDRICAL_SURFACE('',#6006,3.);
#5295=CYLINDRICAL_SURFACE('',#6008,3.);
#5296=CYLINDRICAL_SURFACE('',#6009,15.);
#5297=CYLINDRICAL_SURFACE('',#6011,3.);
#5298=CYLINDRICAL_SURFACE('',#6012,15.);
#5299=CYLINDRICAL_SURFACE('',#6014,3.);
#5300=CYLINDRICAL_SURFACE('',#6016,3.);
#5301=CYLINDRICAL_SURFACE('',#6017,3.);
#5302=CYLINDRICAL_SURFACE('',#6019,3.);
#5303=CYLINDRICAL_SURFACE('',#6021,3.);
#5304=CYLINDRICAL_SURFACE('',#6023,45.);
#5305=CYLINDRICAL_SURFACE('',#6028,3.);
#5306=CYLINDRICAL_SURFACE('',#6030,3.);
#5307=CYLINDRICAL_SURFACE('',#6061,15.);
#5308=CYLINDRICAL_SURFACE('',#6065,2.);
#5309=CYLINDRICAL_SURFACE('',#6068,45.25);
#5310=CYLINDRICAL_SURFACE('',#6081,2.);
#5311=CYLINDRICAL_SURFACE('',#6094,2.);
#5312=CYLINDRICAL_SURFACE('',#6095,2.);
#5313=CYLINDRICAL_SURFACE('',#6096,1.5);
#5314=CYLINDRICAL_SURFACE('',#6147,0.500000000000002);
#5315=CYLINDRICAL_SURFACE('',#6149,48.5);
#5316=CYLINDRICAL_SURFACE('',#6151,0.500000000000007);
#5317=CYLINDRICAL_SURFACE('',#6155,47.5);
#5318=CYLINDRICAL_SURFACE('',#6157,47.5);
#5319=CYLINDRICAL_SURFACE('',#6204,0.500000000000002);
#5320=CYLINDRICAL_SURFACE('',#6205,48.5);
#5321=CYLINDRICAL_SURFACE('',#6206,0.500000000000007);
#5322=CYLINDRICAL_SURFACE('',#6209,47.5);
#5323=CYLINDRICAL_SURFACE('',#6211,0.500000000000002);
#5324=CYLINDRICAL_SURFACE('',#6212,48.5);
#5325=CYLINDRICAL_SURFACE('',#6213,0.500000000000007);
#5326=CYLINDRICAL_SURFACE('',#6216,47.5);
#5327=CYLINDRICAL_SURFACE('',#6218,0.500000000000002);
#5328=CYLINDRICAL_SURFACE('',#6219,48.5);
#5329=CYLINDRICAL_SURFACE('',#6220,0.500000000000007);
#5330=CYLINDRICAL_SURFACE('',#6222,47.5);
#5331=CYLINDRICAL_SURFACE('',#6224,0.500000000000002);
#5332=CYLINDRICAL_SURFACE('',#6225,48.5);
#5333=CYLINDRICAL_SURFACE('',#6226,0.500000000000007);
#5334=CYLINDRICAL_SURFACE('',#6228,47.5);
#5335=CYLINDRICAL_SURFACE('',#6230,0.500000000000002);
#5336=CYLINDRICAL_SURFACE('',#6231,48.5);
#5337=CYLINDRICAL_SURFACE('',#6232,0.500000000000007);
#5338=CYLINDRICAL_SURFACE('',#6234,47.5);
#5339=CYLINDRICAL_SURFACE('',#6236,0.500000000000002);
#5340=CYLINDRICAL_SURFACE('',#6237,48.5);
#5341=CYLINDRICAL_SURFACE('',#6238,0.500000000000007);
#5342=CYLINDRICAL_SURFACE('',#6240,47.5);
#5343=CYLINDRICAL_SURFACE('',#6242,0.500000000000002);
#5344=CYLINDRICAL_SURFACE('',#6243,48.5);
#5345=CYLINDRICAL_SURFACE('',#6244,0.500000000000007);
#5346=CYLINDRICAL_SURFACE('',#6246,47.5);
#5347=CYLINDRICAL_SURFACE('',#6248,0.500000000000002);
#5348=CYLINDRICAL_SURFACE('',#6249,48.5);
#5349=CYLINDRICAL_SURFACE('',#6250,0.500000000000007);
#5350=CYLINDRICAL_SURFACE('',#6253,47.5);
#5351=CYLINDRICAL_SURFACE('',#6254,0.500000000000002);
#5352=CYLINDRICAL_SURFACE('',#6255,48.5);
#5353=CYLINDRICAL_SURFACE('',#6256,0.500000000000007);
#5354=CYLINDRICAL_SURFACE('',#6258,0.500000000000002);
#5355=CYLINDRICAL_SURFACE('',#6259,48.5);
#5356=CYLINDRICAL_SURFACE('',#6260,0.500000000000007);
#5357=CYLINDRICAL_SURFACE('',#6262,47.5);
#5358=CYLINDRICAL_SURFACE('',#6263,47.5);
#5359=CYLINDRICAL_SURFACE('',#6264,0.500000000000002);
#5360=CYLINDRICAL_SURFACE('',#6265,48.5);
#5361=CYLINDRICAL_SURFACE('',#6266,0.500000000000007);
#5362=CYLINDRICAL_SURFACE('',#6268,2.);
#5363=CYLINDRICAL_SURFACE('',#6271,2.);
#5364=CYLINDRICAL_SURFACE('',#6284,2.);
#5365=CYLINDRICAL_SURFACE('',#6285,2.);
#5366=CYLINDRICAL_SURFACE('',#6286,1.5);
#5367=CYLINDRICAL_SURFACE('',#6288,2.);
#5368=CYLINDRICAL_SURFACE('',#6291,2.);
#5369=CYLINDRICAL_SURFACE('',#6304,2.);
#5370=CYLINDRICAL_SURFACE('',#6305,2.);
#5371=CYLINDRICAL_SURFACE('',#6306,1.5);
#5372=CYLINDRICAL_SURFACE('',#6308,2.);
#5373=CYLINDRICAL_SURFACE('',#6311,2.);
#5374=CYLINDRICAL_SURFACE('',#6324,2.);
#5375=CYLINDRICAL_SURFACE('',#6325,2.);
#5376=CYLINDRICAL_SURFACE('',#6326,1.5);
#5377=CYLINDRICAL_SURFACE('',#6328,2.);
#5378=CYLINDRICAL_SURFACE('',#6331,2.);
#5379=CYLINDRICAL_SURFACE('',#6344,2.);
#5380=CYLINDRICAL_SURFACE('',#6345,2.);
#5381=CYLINDRICAL_SURFACE('',#6346,1.5);
#5382=CYLINDRICAL_SURFACE('',#6349,1.5);
#5383=CYLINDRICAL_SURFACE('',#6360,15.);
#5384=CYLINDRICAL_SURFACE('',#6365,4.69783353784797);
#5385=CYLINDRICAL_SURFACE('',#6367,3.03764671911521);
#5386=CYLINDRICAL_SURFACE('',#6373,1.5);
#5387=CYLINDRICAL_SURFACE('',#6375,1.5);
#5388=CYLINDRICAL_SURFACE('',#6377,1.5);
#5389=CYLINDRICAL_SURFACE('',#6387,2.5);
#5390=CYLINDRICAL_SURFACE('',#6403,1.5);
#5391=CYLINDRICAL_SURFACE('',#6414,2.5);
#5392=CYLINDRICAL_SURFACE('',#6430,1.5);
#5393=ADVANCED_FACE('',(#355),#5235,.T.);
#5394=ADVANCED_FACE('',(#356),#5236,.T.);
#5395=ADVANCED_FACE('',(#357),#226,.T.);
#5396=ADVANCED_FACE('',(#358),#5237,.F.);
#5397=ADVANCED_FACE('',(#359),#5238,.T.);
#5398=ADVANCED_FACE('',(#360),#227,.T.);
#5399=ADVANCED_FACE('',(#361),#228,.F.);
#5400=ADVANCED_FACE('',(#362,#177),#229,.T.);
#5401=ADVANCED_FACE('',(#363),#5239,.F.);
#5402=ADVANCED_FACE('',(#364,#178),#230,.T.);
#5403=ADVANCED_FACE('',(#365),#5240,.F.);
#5404=ADVANCED_FACE('',(#366),#5241,.F.);
#5405=ADVANCED_FACE('',(#367),#5242,.F.);
#5406=ADVANCED_FACE('',(#368,#179),#231,.T.);
#5407=ADVANCED_FACE('',(#369),#5243,.F.);
#5408=ADVANCED_FACE('',(#370,#180),#232,.F.);
#5409=ADVANCED_FACE('',(#371,#181),#233,.F.);
#5410=ADVANCED_FACE('',(#372,#182),#234,.F.);
#5411=ADVANCED_FACE('',(#373),#5244,.T.);
#5412=ADVANCED_FACE('',(#374),#5245,.T.);
#5413=ADVANCED_FACE('',(#375),#235,.T.);
#5414=ADVANCED_FACE('',(#376,#183),#236,.T.);
#5415=ADVANCED_FACE('',(#377),#5246,.F.);
#5416=ADVANCED_FACE('',(#378),#5247,.F.);
#5417=ADVANCED_FACE('',(#379),#5248,.F.);
#5418=ADVANCED_FACE('',(#380),#237,.T.);
#5419=ADVANCED_FACE('',(#381),#5249,.F.);
#5420=ADVANCED_FACE('',(#382),#5250,.F.);
#5421=ADVANCED_FACE('',(#383),#5251,.F.);
#5422=ADVANCED_FACE('',(#384),#5252,.F.);
#5423=ADVANCED_FACE('',(#385),#5253,.F.);
#5424=ADVANCED_FACE('',(#386),#5254,.T.);
#5425=ADVANCED_FACE('',(#387),#238,.F.);
#5426=ADVANCED_FACE('',(#388),#5255,.F.);
#5427=ADVANCED_FACE('',(#389),#239,.T.);
#5428=ADVANCED_FACE('',(#390),#5256,.T.);
#5429=ADVANCED_FACE('',(#391),#240,.T.);
#5430=ADVANCED_FACE('',(#392),#241,.T.);
#5431=ADVANCED_FACE('',(#393),#5257,.T.);
#5432=ADVANCED_FACE('',(#394),#5258,.F.);
#5433=ADVANCED_FACE('',(#395),#242,.T.);
#5434=ADVANCED_FACE('',(#396),#5259,.T.);
#5435=ADVANCED_FACE('',(#397),#243,.T.);
#5436=ADVANCED_FACE('',(#398),#244,.T.);
#5437=ADVANCED_FACE('',(#399),#5260,.T.);
#5438=ADVANCED_FACE('',(#400),#5261,.F.);
#5439=ADVANCED_FACE('',(#401),#245,.T.);
#5440=ADVANCED_FACE('',(#402),#5262,.T.);
#5441=ADVANCED_FACE('',(#403),#246,.T.);
#5442=ADVANCED_FACE('',(#404),#247,.T.);
#5443=ADVANCED_FACE('',(#405),#5263,.T.);
#5444=ADVANCED_FACE('',(#406),#5264,.F.);
#5445=ADVANCED_FACE('',(#407),#248,.T.);
#5446=ADVANCED_FACE('',(#408),#5265,.T.);
#5447=ADVANCED_FACE('',(#409),#249,.T.);
#5448=ADVANCED_FACE('',(#410,#184),#250,.F.);
#5449=ADVANCED_FACE('',(#411),#5266,.F.);
#5450=ADVANCED_FACE('',(#412),#251,.T.);
#5451=ADVANCED_FACE('',(#413),#5267,.T.);
#5452=ADVANCED_FACE('',(#414),#5268,.F.);
#5453=ADVANCED_FACE('',(#415),#5269,.T.);
#5454=ADVANCED_FACE('',(#416,#185),#252,.T.);
#5455=ADVANCED_FACE('',(#417),#253,.T.);
#5456=ADVANCED_FACE('',(#418),#5270,.F.);
#5457=ADVANCED_FACE('',(#419),#254,.T.);
#5458=ADVANCED_FACE('',(#420),#255,.T.);
#5459=ADVANCED_FACE('',(#421),#5271,.F.);
#5460=ADVANCED_FACE('',(#422),#5272,.F.);
#5461=ADVANCED_FACE('',(#423),#5273,.F.);
#5462=ADVANCED_FACE('',(#424),#5274,.F.);
#5463=ADVANCED_FACE('',(#425,#186),#256,.F.);
#5464=ADVANCED_FACE('',(#426),#5275,.T.);
#5465=ADVANCED_FACE('',(#427),#257,.F.);
#5466=ADVANCED_FACE('',(#428),#5276,.T.);
#5467=ADVANCED_FACE('',(#429),#94,.F.);
#5468=ADVANCED_FACE('',(#430),#5277,.F.);
#5469=ADVANCED_FACE('',(#431,#187,#188,#189,#190),#258,.F.);
#5470=ADVANCED_FACE('',(#432),#95,.F.);
#5471=ADVANCED_FACE('',(#433),#5278,.F.);
#5472=ADVANCED_FACE('',(#434),#96,.F.);
#5473=ADVANCED_FACE('',(#435),#5279,.F.);
#5474=ADVANCED_FACE('',(#436),#97,.F.);
#5475=ADVANCED_FACE('',(#437),#5280,.F.);
#5476=ADVANCED_FACE('',(#438),#5281,.T.);
#5477=ADVANCED_FACE('',(#439),#5282,.F.);
#5478=ADVANCED_FACE('',(#440),#5283,.T.);
#5479=ADVANCED_FACE('',(#441),#5284,.F.);
#5480=ADVANCED_FACE('',(#442),#259,.T.);
#5481=ADVANCED_FACE('',(#443),#5285,.F.);
#5482=ADVANCED_FACE('',(#444),#260,.T.);
#5483=ADVANCED_FACE('',(#445),#5286,.F.);
#5484=ADVANCED_FACE('',(#446),#5287,.T.);
#5485=ADVANCED_FACE('',(#447),#5288,.T.);
#5486=ADVANCED_FACE('',(#448),#5289,.F.);
#5487=ADVANCED_FACE('',(#449),#5290,.T.);
#5488=ADVANCED_FACE('',(#450),#5291,.F.);
#5489=ADVANCED_FACE('',(#451),#5292,.T.);
#5490=ADVANCED_FACE('',(#452),#5293,.T.);
#5491=ADVANCED_FACE('',(#453),#5294,.F.);
#5492=ADVANCED_FACE('',(#454),#261,.T.);
#5493=ADVANCED_FACE('',(#455),#5295,.F.);
#5494=ADVANCED_FACE('',(#456),#5296,.T.);
#5495=ADVANCED_FACE('',(#457),#5297,.F.);
#5496=ADVANCED_FACE('',(#458),#5298,.T.);
#5497=ADVANCED_FACE('',(#459),#5299,.F.);
#5498=ADVANCED_FACE('',(#460),#262,.T.);
#5499=ADVANCED_FACE('',(#461),#5300,.F.);
#5500=ADVANCED_FACE('',(#462),#5301,.T.);
#5501=ADVANCED_FACE('',(#463),#5302,.F.);
#5502=ADVANCED_FACE('',(#464),#5303,.T.);
#5503=ADVANCED_FACE('',(#465),#5304,.T.);
#5504=ADVANCED_FACE('',(#466),#80,.F.);
#5505=ADVANCED_FACE('',(#467),#5305,.F.);
#5506=ADVANCED_FACE('',(#468),#263,.T.);
#5507=ADVANCED_FACE('',(#469),#5306,.F.);
#5508=ADVANCED_FACE('',(#470),#264,.F.);
#5509=ADVANCED_FACE('',(#471),#265,.T.);
#5510=ADVANCED_FACE('',(#472),#266,.F.);
#5511=ADVANCED_FACE('',(#473),#267,.F.);
#5512=ADVANCED_FACE('',(#474),#268,.F.);
#5513=ADVANCED_FACE('',(#475),#269,.F.);
#5514=ADVANCED_FACE('',(#476),#270,.F.);
#5515=ADVANCED_FACE('',(#477),#75,.T.);
#5516=ADVANCED_FACE('',(#478),#81,.T.);
#5517=ADVANCED_FACE('',(#479),#76,.T.);
#5518=ADVANCED_FACE('',(#480),#82,.T.);
#5519=ADVANCED_FACE('',(#481),#77,.T.);
#5520=ADVANCED_FACE('',(#482),#83,.T.);
#5521=ADVANCED_FACE('',(#483),#78,.T.);
#5522=ADVANCED_FACE('',(#484),#84,.T.);
#5523=ADVANCED_FACE('',(#485),#79,.T.);
#5524=ADVANCED_FACE('',(#486),#85,.T.);
#5525=ADVANCED_FACE('',(#487),#86,.F.);
#5526=ADVANCED_FACE('',(#488),#87,.F.);
#5527=ADVANCED_FACE('',(#489),#88,.F.);
#5528=ADVANCED_FACE('',(#490),#89,.F.);
#5529=ADVANCED_FACE('',(#491),#271,.T.);
#5530=ADVANCED_FACE('',(#492),#272,.T.);
#5531=ADVANCED_FACE('',(#493),#273,.T.);
#5532=ADVANCED_FACE('',(#494),#274,.T.);
#5533=ADVANCED_FACE('',(#495),#275,.T.);
#5534=ADVANCED_FACE('',(#496),#5307,.T.);
#5535=ADVANCED_FACE('',(#497,#191,#192,#193,#194),#276,.T.);
#5536=ADVANCED_FACE('',(#498),#5308,.F.);
#5537=ADVANCED_FACE('',(#499,#195,#196,#197,#198,#199),#5309,.F.);
#5538=ADVANCED_FACE('',(#500),#5310,.F.);
#5539=ADVANCED_FACE('',(#501),#277,.T.);
#5540=ADVANCED_FACE('',(#502,#200),#278,.T.);
#5541=ADVANCED_FACE('',(#503),#279,.T.);
#5542=ADVANCED_FACE('',(#504,#201),#280,.F.);
#5543=ADVANCED_FACE('',(#505),#5311,.T.);
#5544=ADVANCED_FACE('',(#506),#5312,.T.);
#5545=ADVANCED_FACE('',(#507),#5313,.F.);
#5546=ADVANCED_FACE('',(#508),#281,.T.);
#5547=ADVANCED_FACE('',(#509,#202),#282,.T.);
#5548=ADVANCED_FACE('',(#510),#5314,.T.);
#5549=ADVANCED_FACE('',(#511),#5315,.T.);
#5550=ADVANCED_FACE('',(#512),#5316,.T.);
#5551=ADVANCED_FACE('',(#513),#283,.T.);
#5552=ADVANCED_FACE('',(#514),#284,.T.);
#5553=ADVANCED_FACE('',(#515),#5317,.T.);
#5554=ADVANCED_FACE('',(#516),#5318,.T.);
#5555=ADVANCED_FACE('',(#517),#285,.T.);
#5556=ADVANCED_FACE('',(#518,#203),#286,.F.);
#5557=ADVANCED_FACE('',(#519),#5319,.T.);
#5558=ADVANCED_FACE('',(#520),#5320,.T.);
#5559=ADVANCED_FACE('',(#521),#5321,.T.);
#5560=ADVANCED_FACE('',(#522),#287,.T.);
#5561=ADVANCED_FACE('',(#523),#288,.T.);
#5562=ADVANCED_FACE('',(#524),#5322,.T.);
#5563=ADVANCED_FACE('',(#525),#289,.T.);
#5564=ADVANCED_FACE('',(#526),#5323,.T.);
#5565=ADVANCED_FACE('',(#527),#5324,.T.);
#5566=ADVANCED_FACE('',(#528),#5325,.T.);
#5567=ADVANCED_FACE('',(#529),#290,.T.);
#5568=ADVANCED_FACE('',(#530),#291,.T.);
#5569=ADVANCED_FACE('',(#531),#5326,.T.);
#5570=ADVANCED_FACE('',(#532),#292,.T.);
#5571=ADVANCED_FACE('',(#533),#5327,.T.);
#5572=ADVANCED_FACE('',(#534),#5328,.T.);
#5573=ADVANCED_FACE('',(#535),#5329,.T.);
#5574=ADVANCED_FACE('',(#536),#293,.T.);
#5575=ADVANCED_FACE('',(#537),#5330,.T.);
#5576=ADVANCED_FACE('',(#538),#294,.T.);
#5577=ADVANCED_FACE('',(#539),#5331,.T.);
#5578=ADVANCED_FACE('',(#540),#5332,.T.);
#5579=ADVANCED_FACE('',(#541),#5333,.T.);
#5580=ADVANCED_FACE('',(#542),#295,.T.);
#5581=ADVANCED_FACE('',(#543),#5334,.T.);
#5582=ADVANCED_FACE('',(#544),#296,.T.);
#5583=ADVANCED_FACE('',(#545),#5335,.T.);
#5584=ADVANCED_FACE('',(#546),#5336,.T.);
#5585=ADVANCED_FACE('',(#547),#5337,.T.);
#5586=ADVANCED_FACE('',(#548),#297,.T.);
#5587=ADVANCED_FACE('',(#549),#5338,.T.);
#5588=ADVANCED_FACE('',(#550),#298,.T.);
#5589=ADVANCED_FACE('',(#551),#5339,.T.);
#5590=ADVANCED_FACE('',(#552),#5340,.T.);
#5591=ADVANCED_FACE('',(#553),#5341,.T.);
#5592=ADVANCED_FACE('',(#554),#299,.T.);
#5593=ADVANCED_FACE('',(#555),#5342,.T.);
#5594=ADVANCED_FACE('',(#556),#300,.T.);
#5595=ADVANCED_FACE('',(#557),#5343,.T.);
#5596=ADVANCED_FACE('',(#558),#5344,.T.);
#5597=ADVANCED_FACE('',(#559),#5345,.T.);
#5598=ADVANCED_FACE('',(#560),#301,.T.);
#5599=ADVANCED_FACE('',(#561),#5346,.T.);
#5600=ADVANCED_FACE('',(#562),#302,.T.);
#5601=ADVANCED_FACE('',(#563),#5347,.T.);
#5602=ADVANCED_FACE('',(#564),#5348,.T.);
#5603=ADVANCED_FACE('',(#565),#5349,.T.);
#5604=ADVANCED_FACE('',(#566),#303,.T.);
#5605=ADVANCED_FACE('',(#567),#304,.T.);
#5606=ADVANCED_FACE('',(#568),#5350,.T.);
#5607=ADVANCED_FACE('',(#569),#5351,.T.);
#5608=ADVANCED_FACE('',(#570),#5352,.T.);
#5609=ADVANCED_FACE('',(#571),#5353,.T.);
#5610=ADVANCED_FACE('',(#572),#305,.T.);
#5611=ADVANCED_FACE('',(#573),#5354,.T.);
#5612=ADVANCED_FACE('',(#574),#5355,.T.);
#5613=ADVANCED_FACE('',(#575),#5356,.T.);
#5614=ADVANCED_FACE('',(#576),#306,.T.);
#5615=ADVANCED_FACE('',(#577),#5357,.T.);
#5616=ADVANCED_FACE('',(#578),#5358,.T.);
#5617=ADVANCED_FACE('',(#579),#5359,.T.);
#5618=ADVANCED_FACE('',(#580),#5360,.T.);
#5619=ADVANCED_FACE('',(#581),#5361,.T.);
#5620=ADVANCED_FACE('',(#582),#307,.T.);
#5621=ADVANCED_FACE('',(#583),#5362,.F.);
#5622=ADVANCED_FACE('',(#584),#5363,.F.);
#5623=ADVANCED_FACE('',(#585),#308,.T.);
#5624=ADVANCED_FACE('',(#586,#204),#309,.T.);
#5625=ADVANCED_FACE('',(#587),#310,.T.);
#5626=ADVANCED_FACE('',(#588,#205),#311,.F.);
#5627=ADVANCED_FACE('',(#589),#5364,.T.);
#5628=ADVANCED_FACE('',(#590),#5365,.T.);
#5629=ADVANCED_FACE('',(#591),#5366,.F.);
#5630=ADVANCED_FACE('',(#592),#312,.T.);
#5631=ADVANCED_FACE('',(#593),#5367,.F.);
#5632=ADVANCED_FACE('',(#594),#5368,.F.);
#5633=ADVANCED_FACE('',(#595),#313,.T.);
#5634=ADVANCED_FACE('',(#596,#206),#314,.T.);
#5635=ADVANCED_FACE('',(#597),#315,.T.);
#5636=ADVANCED_FACE('',(#598,#207),#316,.F.);
#5637=ADVANCED_FACE('',(#599),#5369,.T.);
#5638=ADVANCED_FACE('',(#600),#5370,.T.);
#5639=ADVANCED_FACE('',(#601),#5371,.F.);
#5640=ADVANCED_FACE('',(#602),#317,.T.);
#5641=ADVANCED_FACE('',(#603),#5372,.F.);
#5642=ADVANCED_FACE('',(#604),#5373,.F.);
#5643=ADVANCED_FACE('',(#605),#318,.T.);
#5644=ADVANCED_FACE('',(#606,#208),#319,.T.);
#5645=ADVANCED_FACE('',(#607),#320,.T.);
#5646=ADVANCED_FACE('',(#608,#209),#321,.F.);
#5647=ADVANCED_FACE('',(#609),#5374,.T.);
#5648=ADVANCED_FACE('',(#610),#5375,.T.);
#5649=ADVANCED_FACE('',(#611),#5376,.F.);
#5650=ADVANCED_FACE('',(#612),#322,.T.);
#5651=ADVANCED_FACE('',(#613),#5377,.F.);
#5652=ADVANCED_FACE('',(#614),#5378,.F.);
#5653=ADVANCED_FACE('',(#615),#323,.T.);
#5654=ADVANCED_FACE('',(#616,#210),#324,.T.);
#5655=ADVANCED_FACE('',(#617),#325,.T.);
#5656=ADVANCED_FACE('',(#618,#211),#326,.F.);
#5657=ADVANCED_FACE('',(#619),#5379,.T.);
#5658=ADVANCED_FACE('',(#620),#5380,.T.);
#5659=ADVANCED_FACE('',(#621),#5381,.F.);
#5660=ADVANCED_FACE('',(#622),#327,.T.);
#5661=ADVANCED_FACE('',(#623),#5382,.F.);
#5662=ADVANCED_FACE('',(#624),#98,.T.);
#5663=ADVANCED_FACE('',(#625,#212,#213,#214,#215),#328,.T.);
#5664=ADVANCED_FACE('',(#626),#5383,.T.);
#5665=ADVANCED_FACE('',(#627),#99,.T.);
#5666=ADVANCED_FACE('',(#628),#329,.T.);
#5667=ADVANCED_FACE('',(#629),#5384,.T.);
#5668=ADVANCED_FACE('',(#630),#5385,.F.);
#5669=ADVANCED_FACE('',(#631,#216),#330,.T.);
#5670=ADVANCED_FACE('',(#632,#217),#331,.T.);
#5671=ADVANCED_FACE('',(#633,#218),#332,.T.);
#5672=ADVANCED_FACE('',(#634),#5386,.F.);
#5673=ADVANCED_FACE('',(#635),#5387,.F.);
#5674=ADVANCED_FACE('',(#636),#5388,.F.);
#5675=ADVANCED_FACE('',(#637),#333,.T.);
#5676=ADVANCED_FACE('',(#638,#219,#220,#221),#334,.F.);
#5677=ADVANCED_FACE('',(#639),#90,.T.);
#5678=ADVANCED_FACE('',(#640),#5389,.T.);
#5679=ADVANCED_FACE('',(#641,#222),#335,.F.);
#5680=ADVANCED_FACE('',(#642),#91,.T.);
#5681=ADVANCED_FACE('',(#643,#223),#336,.T.);
#5682=ADVANCED_FACE('',(#644),#337,.F.);
#5683=ADVANCED_FACE('',(#645),#338,.F.);
#5684=ADVANCED_FACE('',(#646),#339,.F.);
#5685=ADVANCED_FACE('',(#647),#340,.F.);
#5686=ADVANCED_FACE('',(#648),#341,.F.);
#5687=ADVANCED_FACE('',(#649),#342,.F.);
#5688=ADVANCED_FACE('',(#650),#343,.F.);
#5689=ADVANCED_FACE('',(#651),#5390,.T.);
#5690=ADVANCED_FACE('',(#652),#344,.F.);
#5691=ADVANCED_FACE('',(#653),#345,.F.);
#5692=ADVANCED_FACE('',(#654),#92,.T.);
#5693=ADVANCED_FACE('',(#655),#5391,.T.);
#5694=ADVANCED_FACE('',(#656,#224),#346,.F.);
#5695=ADVANCED_FACE('',(#657),#93,.T.);
#5696=ADVANCED_FACE('',(#658,#225),#347,.T.);
#5697=ADVANCED_FACE('',(#659),#348,.F.);
#5698=ADVANCED_FACE('',(#660),#349,.F.);
#5699=ADVANCED_FACE('',(#661),#350,.F.);
#5700=ADVANCED_FACE('',(#662),#351,.F.);
#5701=ADVANCED_FACE('',(#663),#352,.F.);
#5702=ADVANCED_FACE('',(#664),#353,.F.);
#5703=ADVANCED_FACE('',(#665),#354,.F.);
#5704=ADVANCED_FACE('',(#666),#5392,.T.);
#5705=CLOSED_SHELL('',(#5393,#5394,#5395,#5396,#5397,#5398,#5399,#5400,
#5401,#5402,#5403,#5404,#5405,#5406,#5407,#5408,#5409,#5410,#5411,#5412,
#5413,#5414,#5415,#5416,#5417,#5418,#5419,#5420,#5421,#5422,#5423,#5424,
#5425,#5426,#5427,#5428,#5429,#5430,#5431,#5432,#5433,#5434,#5435,#5436,
#5437,#5438,#5439,#5440,#5441,#5442,#5443,#5444,#5445,#5446,#5447,#5448,
#5449,#5450,#5451,#5452,#5453,#5454,#5455,#5456,#5457,#5458,#5459,#5460,
#5461,#5462,#5463,#5464,#5465,#5466,#5467,#5468,#5469,#5470,#5471,#5472,
#5473,#5474,#5475,#5476,#5477,#5478,#5479,#5480,#5481,#5482,#5483,#5484,
#5485,#5486,#5487,#5488,#5489,#5490,#5491,#5492,#5493,#5494,#5495,#5496,
#5497,#5498,#5499,#5500,#5501,#5502,#5503,#5504,#5505,#5506,#5507,#5508,
#5509,#5510,#5511,#5512,#5513,#5514,#5515,#5516,#5517,#5518,#5519,#5520,
#5521,#5522,#5523,#5524,#5525,#5526,#5527,#5528,#5529,#5530,#5531,#5532,
#5533,#5534,#5535));
#5706=CLOSED_SHELL('',(#5536,#5537,#5538,#5539,#5540,#5541,#5542,#5543,
#5544,#5545,#5546,#5547,#5548,#5549,#5550,#5551,#5552,#5553,#5554,#5555,
#5556,#5557,#5558,#5559,#5560,#5561,#5562,#5563,#5564,#5565,#5566,#5567,
#5568,#5569,#5570,#5571,#5572,#5573,#5574,#5575,#5576,#5577,#5578,#5579,
#5580,#5581,#5582,#5583,#5584,#5585,#5586,#5587,#5588,#5589,#5590,#5591,
#5592,#5593,#5594,#5595,#5596,#5597,#5598,#5599,#5600,#5601,#5602,#5603,
#5604,#5605,#5606,#5607,#5608,#5609,#5610,#5611,#5612,#5613,#5614,#5615,
#5616,#5617,#5618,#5619,#5620,#5621,#5622,#5623,#5624,#5625,#5626,#5627,
#5628,#5629,#5630,#5631,#5632,#5633,#5634,#5635,#5636,#5637,#5638,#5639,
#5640,#5641,#5642,#5643,#5644,#5645,#5646,#5647,#5648,#5649,#5650,#5651,
#5652,#5653,#5654,#5655,#5656,#5657,#5658,#5659,#5660));
#5707=CLOSED_SHELL('',(#5661,#5662,#5663,#5664,#5665,#5666,#5667,#5668,
#5669,#5670,#5671,#5672,#5673,#5674,#5675,#5676));
#5708=CLOSED_SHELL('',(#5677,#5678,#5679,#5680,#5681,#5682,#5683,#5684,
#5685,#5686,#5687,#5688,#5689,#5690));
#5709=CLOSED_SHELL('',(#5691,#5692,#5693,#5694,#5695,#5696,#5697,#5698,
#5699,#5700,#5701,#5702,#5703,#5704));
#5710=DERIVED_UNIT_ELEMENT(#5720,1.);
#5711=DERIVED_UNIT_ELEMENT(#10789,-3.);
#5712=DERIVED_UNIT_ELEMENT(#5720,1.);
#5713=DERIVED_UNIT_ELEMENT(#10789,-3.);
#5714=DERIVED_UNIT_ELEMENT(#5720,1.);
#5715=DERIVED_UNIT_ELEMENT(#10789,-3.);
#5716=DERIVED_UNIT_ELEMENT(#5720,1.);
#5717=DERIVED_UNIT_ELEMENT(#10789,-3.);
#5718=DERIVED_UNIT_ELEMENT(#5720,1.);
#5719=DERIVED_UNIT_ELEMENT(#10789,-3.);
#5720=(
MASS_UNIT()
NAMED_UNIT(*)
SI_UNIT(.KILO.,.GRAM.)
);
#5721=DERIVED_UNIT((#5710,#5711));
#5722=DERIVED_UNIT((#5712,#5713));
#5723=DERIVED_UNIT((#5714,#5715));
#5724=DERIVED_UNIT((#5716,#5717));
#5725=DERIVED_UNIT((#5718,#5719));
#5726=MEASURE_REPRESENTATION_ITEM('density measure',
POSITIVE_RATIO_MEASURE(7850.),#5721);
#5727=MEASURE_REPRESENTATION_ITEM('density measure',
POSITIVE_RATIO_MEASURE(7850.),#5722);
#5728=MEASURE_REPRESENTATION_ITEM('density measure',
POSITIVE_RATIO_MEASURE(7850.),#5723);
#5729=MEASURE_REPRESENTATION_ITEM('density measure',
POSITIVE_RATIO_MEASURE(8000.),#5724);
#5730=MEASURE_REPRESENTATION_ITEM('density measure',
POSITIVE_RATIO_MEASURE(8000.),#5725);
#5731=PROPERTY_DEFINITION_REPRESENTATION(#5756,#5741);
#5732=PROPERTY_DEFINITION_REPRESENTATION(#5757,#5742);
#5733=PROPERTY_DEFINITION_REPRESENTATION(#5758,#5743);
#5734=PROPERTY_DEFINITION_REPRESENTATION(#5759,#5744);
#5735=PROPERTY_DEFINITION_REPRESENTATION(#5760,#5745);
#5736=PROPERTY_DEFINITION_REPRESENTATION(#5761,#5746);
#5737=PROPERTY_DEFINITION_REPRESENTATION(#5762,#5747);
#5738=PROPERTY_DEFINITION_REPRESENTATION(#5763,#5748);
#5739=PROPERTY_DEFINITION_REPRESENTATION(#5764,#5749);
#5740=PROPERTY_DEFINITION_REPRESENTATION(#5765,#5750);
#5741=REPRESENTATION('material name',(#5751),#10782);
#5742=REPRESENTATION('density',(#5726),#10782);
#5743=REPRESENTATION('material name',(#5752),#10783);
#5744=REPRESENTATION('density',(#5727),#10783);
#5745=REPRESENTATION('material name',(#5753),#10784);
#5746=REPRESENTATION('density',(#5728),#10784);
#5747=REPRESENTATION('material name',(#5754),#10785);
#5748=REPRESENTATION('density',(#5729),#10785);
#5749=REPRESENTATION('material name',(#5755),#10786);
#5750=REPRESENTATION('density',(#5730),#10786);
#5751=DESCRIPTIVE_REPRESENTATION_ITEM('Steel','Steel');
#5752=DESCRIPTIVE_REPRESENTATION_ITEM('Steel','Steel');
#5753=DESCRIPTIVE_REPRESENTATION_ITEM('Steel','Steel');
#5754=DESCRIPTIVE_REPRESENTATION_ITEM('Stainless Steel',
'Stainless Steel');
#5755=DESCRIPTIVE_REPRESENTATION_ITEM('Stainless Steel',
'Stainless Steel');
#5756=PROPERTY_DEFINITION('material property','material name',#10823);
#5757=PROPERTY_DEFINITION('material property','density of part',#10823);
#5758=PROPERTY_DEFINITION('material property','material name',#10824);
#5759=PROPERTY_DEFINITION('material property','density of part',#10824);
#5760=PROPERTY_DEFINITION('material property','material name',#10825);
#5761=PROPERTY_DEFINITION('material property','density of part',#10825);
#5762=PROPERTY_DEFINITION('material property','material name',#10826);
#5763=PROPERTY_DEFINITION('material property','density of part',#10826);
#5764=PROPERTY_DEFINITION('material property','material name',#10827);
#5765=PROPERTY_DEFINITION('material property','density of part',#10827);
#5766=AXIS2_PLACEMENT_3D('',#8199,#6442,#6443);
#5767=AXIS2_PLACEMENT_3D('',#8200,#6444,#6445);
#5768=AXIS2_PLACEMENT_3D('',#8201,#6446,#6447);
#5769=AXIS2_PLACEMENT_3D('',#8204,#6448,#6449);
#5770=AXIS2_PLACEMENT_3D('',#8208,#6451,#6452);
#5771=AXIS2_PLACEMENT_3D('',#8210,#6454,#6455);
#5772=AXIS2_PLACEMENT_3D('',#8212,#6456,#6457);
#5773=AXIS2_PLACEMENT_3D('',#8214,#6458,#6459);
#5774=AXIS2_PLACEMENT_3D('',#8217,#6461,#6462);
#5775=AXIS2_PLACEMENT_3D('',#8218,#6463,#6464);
#5776=AXIS2_PLACEMENT_3D('',#8222,#6466,#6467);
#5777=AXIS2_PLACEMENT_3D('',#8224,#6468,#6469);
#5778=AXIS2_PLACEMENT_3D('',#8226,#6470,#6471);
#5779=AXIS2_PLACEMENT_3D('',#8228,#6473,#6474);
#5780=AXIS2_PLACEMENT_3D('',#8232,#6476,#6477);
#5781=AXIS2_PLACEMENT_3D('',#8234,#6479,#6480);
#5782=AXIS2_PLACEMENT_3D('',#8237,#6481,#6482);
#5783=AXIS2_PLACEMENT_3D('',#8241,#6484,#6485);
#5784=AXIS2_PLACEMENT_3D('',#8243,#6487,#6488);
#5785=AXIS2_PLACEMENT_3D('',#8247,#6490,#6491);
#5786=AXIS2_PLACEMENT_3D('',#8249,#6492,#6493);
#5787=AXIS2_PLACEMENT_3D('',#8251,#6494,#6495);
#5788=AXIS2_PLACEMENT_3D('',#8254,#6497,#6498);
#5789=AXIS2_PLACEMENT_3D('',#8255,#6499,#6500);
#5790=AXIS2_PLACEMENT_3D('',#8261,#6504,#6505);
#5791=AXIS2_PLACEMENT_3D('',#8263,#6506,#6507);
#5792=AXIS2_PLACEMENT_3D('',#8265,#6508,#6509);
#5793=AXIS2_PLACEMENT_3D('',#8267,#6510,#6511);
#5794=AXIS2_PLACEMENT_3D('',#8269,#6512,#6513);
#5795=AXIS2_PLACEMENT_3D('',#8271,#6514,#6515);
#5796=AXIS2_PLACEMENT_3D('',#8275,#6517,#6518);
#5797=AXIS2_PLACEMENT_3D('',#8279,#6520,#6521);
#5798=AXIS2_PLACEMENT_3D('',#8282,#6523,#6524);
#5799=AXIS2_PLACEMENT_3D('',#8283,#6525,#6526);
#5800=AXIS2_PLACEMENT_3D('',#8285,#6527,#6528);
#5801=AXIS2_PLACEMENT_3D('',#8287,#6530,#6531);
#5802=AXIS2_PLACEMENT_3D('',#8290,#6532,#6533);
#5803=AXIS2_PLACEMENT_3D('',#8292,#6534,#6535);
#5804=AXIS2_PLACEMENT_3D('',#8294,#6536,#6537);
#5805=AXIS2_PLACEMENT_3D('',#8296,#6538,#6539);
#5806=AXIS2_PLACEMENT_3D('',#8298,#6540,#6541);
#5807=AXIS2_PLACEMENT_3D('',#8300,#6542,#6543);
#5808=AXIS2_PLACEMENT_3D('',#8304,#6545,#6546);
#5809=AXIS2_PLACEMENT_3D('',#8308,#6548,#6549);
#5810=AXIS2_PLACEMENT_3D('',#8312,#6551,#6552);
#5811=AXIS2_PLACEMENT_3D('',#8315,#6554,#6555);
#5812=AXIS2_PLACEMENT_3D('',#8316,#6556,#6557);
#5813=AXIS2_PLACEMENT_3D('',#8318,#6558,#6559);
#5814=AXIS2_PLACEMENT_3D('',#8320,#6561,#6562);
#5815=AXIS2_PLACEMENT_3D('',#8322,#6563,#6564);
#5816=AXIS2_PLACEMENT_3D('',#8324,#6566,#6567);
#5817=AXIS2_PLACEMENT_3D('',#8326,#6568,#6569);
#5818=AXIS2_PLACEMENT_3D('',#8328,#6571,#6572);
#5819=AXIS2_PLACEMENT_3D('',#8330,#6573,#6574);
#5820=AXIS2_PLACEMENT_3D('',#8332,#6575,#6576);
#5821=AXIS2_PLACEMENT_3D('',#8334,#6577,#6578);
#5822=AXIS2_PLACEMENT_3D('',#8336,#6579,#6580);
#5823=AXIS2_PLACEMENT_3D('',#8340,#6582,#6583);
#5824=AXIS2_PLACEMENT_3D('',#8344,#6585,#6586);
#5825=AXIS2_PLACEMENT_3D('',#8347,#6588,#6589);
#5826=AXIS2_PLACEMENT_3D('',#8348,#6590,#6591);
#5827=AXIS2_PLACEMENT_3D('',#8350,#6592,#6593);
#5828=AXIS2_PLACEMENT_3D('',#8352,#6595,#6596);
#5829=AXIS2_PLACEMENT_3D('',#8355,#6597,#6598);
#5830=AXIS2_PLACEMENT_3D('',#8357,#6599,#6600);
#5831=AXIS2_PLACEMENT_3D('',#8361,#6602,#6603);
#5832=AXIS2_PLACEMENT_3D('',#8365,#6605,#6606);
#5833=AXIS2_PLACEMENT_3D('',#8369,#6608,#6609);
#5834=AXIS2_PLACEMENT_3D('',#8370,#6610,#6611);
#5835=AXIS2_PLACEMENT_3D('',#8371,#6612,#6613);
#5836=AXIS2_PLACEMENT_3D('',#8375,#6615,#6616);
#5837=AXIS2_PLACEMENT_3D('',#8379,#6618,#6619);
#5838=AXIS2_PLACEMENT_3D('',#8383,#6621,#6622);
#5839=AXIS2_PLACEMENT_3D('',#8384,#6623,#6624);
#5840=AXIS2_PLACEMENT_3D('',#8385,#6625,#6626);
#5841=AXIS2_PLACEMENT_3D('',#8387,#6627,#6628);
#5842=AXIS2_PLACEMENT_3D('',#8391,#6630,#6631);
#5843=AXIS2_PLACEMENT_3D('',#8395,#6633,#6634);
#5844=AXIS2_PLACEMENT_3D('',#8399,#6636,#6637);
#5845=AXIS2_PLACEMENT_3D('',#8400,#6638,#6639);
#5846=AXIS2_PLACEMENT_3D('',#8401,#6640,#6641);
#5847=AXIS2_PLACEMENT_3D('',#8404,#6642,#6643);
#5848=AXIS2_PLACEMENT_3D('',#8408,#6645,#6646);
#5849=AXIS2_PLACEMENT_3D('',#8410,#6648,#6649);
#5850=AXIS2_PLACEMENT_3D('',#8412,#6650,#6651);
#5851=AXIS2_PLACEMENT_3D('',#8414,#6652,#6653);
#5852=AXIS2_PLACEMENT_3D('',#8417,#6655,#6656);
#5853=AXIS2_PLACEMENT_3D('',#8418,#6657,#6658);
#5854=AXIS2_PLACEMENT_3D('',#8424,#6661,#6662);
#5855=AXIS2_PLACEMENT_3D('',#8426,#6663,#6664);
#5856=AXIS2_PLACEMENT_3D('',#8428,#6665,#6666);
#5857=AXIS2_PLACEMENT_3D('',#8430,#6667,#6668);
#5858=AXIS2_PLACEMENT_3D('',#8440,#6670,#6671);
#5859=AXIS2_PLACEMENT_3D('',#8442,#6672,#6673);
#5860=AXIS2_PLACEMENT_3D('',#8444,#6674,#6675);
#5861=AXIS2_PLACEMENT_3D('',#8446,#6676,#6677);
#5862=AXIS2_PLACEMENT_3D('',#8448,#6678,#6679);
#5863=AXIS2_PLACEMENT_3D('',#8452,#6681,#6682);
#5864=AXIS2_PLACEMENT_3D('',#8456,#6684,#6685);
#5865=AXIS2_PLACEMENT_3D('',#8461,#6688,#6689);
#5866=AXIS2_PLACEMENT_3D('',#8462,#6690,#6691);
#5867=AXIS2_PLACEMENT_3D('',#8467,#6694,#6695);
#5868=AXIS2_PLACEMENT_3D('',#8468,#6696,#6697);
#5869=AXIS2_PLACEMENT_3D('',#8472,#6699,#6700);
#5870=AXIS2_PLACEMENT_3D('',#8474,#6702,#6703);
#5871=AXIS2_PLACEMENT_3D('',#8476,#6705,#6706);
#5872=AXIS2_PLACEMENT_3D('',#8478,#6707,#6708);
#5873=AXIS2_PLACEMENT_3D('',#8482,#6710,#6711);
#5874=AXIS2_PLACEMENT_3D('',#8484,#6712,#6713);
#5875=AXIS2_PLACEMENT_3D('',#8487,#6715,#6716);
#5876=AXIS2_PLACEMENT_3D('',#8488,#6717,#6718);
#5877=AXIS2_PLACEMENT_3D('',#8492,#6721,#6722);
#5878=AXIS2_PLACEMENT_3D('',#8493,#6723,#6724);
#5879=AXIS2_PLACEMENT_3D('',#8496,#6727,#6728);
#5880=AXIS2_PLACEMENT_3D('',#8500,#6731,#6732);
#5881=AXIS2_PLACEMENT_3D('',#8501,#6733,#6734);
#5882=AXIS2_PLACEMENT_3D('',#8503,#6735,#6736);
#5883=AXIS2_PLACEMENT_3D('',#8506,#6739,#6740);
#5884=AXIS2_PLACEMENT_3D('',#8510,#6743,#6744);
#5885=AXIS2_PLACEMENT_3D('',#8511,#6745,#6746);
#5886=AXIS2_PLACEMENT_3D('',#8514,#6749,#6750);
#5887=AXIS2_PLACEMENT_3D('',#8515,#6751,#6752);
#5888=AXIS2_PLACEMENT_3D('',#8517,#6754,#6755);
#5889=AXIS2_PLACEMENT_3D('',#8519,#6757,#6758);
#5890=AXIS2_PLACEMENT_3D('',#8522,#6761,#6762);
#5891=AXIS2_PLACEMENT_3D('',#8523,#6763,#6764);
#5892=AXIS2_PLACEMENT_3D('',#8525,#6766,#6767);
#5893=AXIS2_PLACEMENT_3D('',#8526,#6768,#6769);
#5894=AXIS2_PLACEMENT_3D('',#8528,#6771,#6772);
#5895=AXIS2_PLACEMENT_3D('',#8530,#6774,#6775);
#5896=AXIS2_PLACEMENT_3D('',#8533,#6778,#6779);
#5897=AXIS2_PLACEMENT_3D('',#8534,#6780,#6781);
#5898=AXIS2_PLACEMENT_3D('',#8536,#6783,#6784);
#5899=AXIS2_PLACEMENT_3D('',#8537,#6785,#6786);
#5900=AXIS2_PLACEMENT_3D('',#8539,#6788,#6789);
#5901=AXIS2_PLACEMENT_3D('',#8541,#6791,#6792);
#5902=AXIS2_PLACEMENT_3D('',#8544,#6795,#6796);
#5903=AXIS2_PLACEMENT_3D('',#8545,#6797,#6798);
#5904=AXIS2_PLACEMENT_3D('',#8547,#6800,#6801);
#5905=AXIS2_PLACEMENT_3D('',#8548,#6802,#6803);
#5906=AXIS2_PLACEMENT_3D('',#8550,#6804,#6805);
#5907=AXIS2_PLACEMENT_3D('',#8552,#6807,#6808);
#5908=AXIS2_PLACEMENT_3D('',#8556,#6811,#6812);
#5909=AXIS2_PLACEMENT_3D('',#8559,#6813,#6814);
#5910=AXIS2_PLACEMENT_3D('',#8562,#6817,#6818);
#5911=AXIS2_PLACEMENT_3D('',#8566,#6821,#6822);
#5912=AXIS2_PLACEMENT_3D('',#8567,#6823,#6824);
#5913=AXIS2_PLACEMENT_3D('',#8569,#6826,#6827);
#5914=AXIS2_PLACEMENT_3D('',#8571,#6828,#6829);
#5915=AXIS2_PLACEMENT_3D('',#8572,#6830,#6831);
#5916=AXIS2_PLACEMENT_3D('',#8574,#6833,#6834);
#5917=AXIS2_PLACEMENT_3D('',#8576,#6836,#6837);
#5918=AXIS2_PLACEMENT_3D('',#8577,#6838,#6839);
#5919=AXIS2_PLACEMENT_3D('',#8578,#6840,#6841);
#5920=AXIS2_PLACEMENT_3D('',#8581,#6842,#6843);
#5921=AXIS2_PLACEMENT_3D('',#8585,#6845,#6846);
#5922=AXIS2_PLACEMENT_3D('',#8587,#6848,#6849);
#5923=AXIS2_PLACEMENT_3D('',#8593,#6852,#6853);
#5924=AXIS2_PLACEMENT_3D('',#8595,#6854,#6855);
#5925=AXIS2_PLACEMENT_3D('',#8597,#6856,#6857);
#5926=AXIS2_PLACEMENT_3D('',#8599,#6858,#6859);
#5927=AXIS2_PLACEMENT_3D('',#8601,#6860,#6861);
#5928=AXIS2_PLACEMENT_3D('',#8603,#6862,#6863);
#5929=AXIS2_PLACEMENT_3D('',#8607,#6865,#6866);
#5930=AXIS2_PLACEMENT_3D('',#8610,#6868,#6869);
#5931=AXIS2_PLACEMENT_3D('',#8611,#6870,#6871);
#5932=AXIS2_PLACEMENT_3D('',#8615,#6874,#6875);
#5933=AXIS2_PLACEMENT_3D('',#8618,#6876,#6877);
#5934=AXIS2_PLACEMENT_3D('',#8621,#6880,#6881);
#5935=AXIS2_PLACEMENT_3D('',#8625,#6884,#6885);
#5936=AXIS2_PLACEMENT_3D('',#8629,#6888,#6889);
#5937=AXIS2_PLACEMENT_3D('',#8633,#6891,#6892);
#5938=AXIS2_PLACEMENT_3D('',#8636,#6894,#6895);
#5939=AXIS2_PLACEMENT_3D('',#8637,#6896,#6897);
#5940=AXIS2_PLACEMENT_3D('',#8639,#6898,#6899);
#5941=AXIS2_PLACEMENT_3D('',#8641,#6901,#6902);
#5942=AXIS2_PLACEMENT_3D('',#8643,#6903,#6904);
#5943=AXIS2_PLACEMENT_3D('',#8646,#6906,#6907);
#5944=AXIS2_PLACEMENT_3D('',#8647,#6908,#6909);
#5945=AXIS2_PLACEMENT_3D('',#8648,#6910,#6911);
#5946=AXIS2_PLACEMENT_3D('',#8649,#6912,#6913);
#5947=AXIS2_PLACEMENT_3D('',#8650,#6914,#6915);
#5948=AXIS2_PLACEMENT_3D('',#8651,#6916,#6917);
#5949=AXIS2_PLACEMENT_3D('',#8652,#6918,#6919);
#5950=AXIS2_PLACEMENT_3D('',#8655,#6920,#6921);
#5951=AXIS2_PLACEMENT_3D('',#8658,#6924,#6925);
#5952=AXIS2_PLACEMENT_3D('',#8660,#6927,#6928);
#5953=AXIS2_PLACEMENT_3D('',#8661,#6929,#6930);
#5954=AXIS2_PLACEMENT_3D('',#8663,#6931,#6932);
#5955=AXIS2_PLACEMENT_3D('',#8666,#6934,#6935);
#5956=AXIS2_PLACEMENT_3D('',#8667,#6936,#6937);
#5957=AXIS2_PLACEMENT_3D('',#8669,#6938,#6939);
#5958=AXIS2_PLACEMENT_3D('',#8671,#6941,#6942);
#5959=AXIS2_PLACEMENT_3D('',#8674,#6943,#6944);
#5960=AXIS2_PLACEMENT_3D('',#8676,#6945,#6946);
#5961=AXIS2_PLACEMENT_3D('',#8678,#6947,#6948);
#5962=AXIS2_PLACEMENT_3D('',#8680,#6949,#6950);
#5963=AXIS2_PLACEMENT_3D('',#8682,#6951,#6952);
#5964=AXIS2_PLACEMENT_3D('',#8684,#6953,#6954);
#5965=AXIS2_PLACEMENT_3D('',#8686,#6955,#6956);
#5966=AXIS2_PLACEMENT_3D('',#8688,#6957,#6958);
#5967=AXIS2_PLACEMENT_3D('',#8690,#6959,#6960);
#5968=AXIS2_PLACEMENT_3D('',#8691,#6961,#6962);
#5969=AXIS2_PLACEMENT_3D('',#8693,#6963,#6964);
#5970=AXIS2_PLACEMENT_3D('',#8695,#6965,#6966);
#5971=AXIS2_PLACEMENT_3D('',#8697,#6967,#6968);
#5972=AXIS2_PLACEMENT_3D('',#8698,#6969,#6970);
#5973=AXIS2_PLACEMENT_3D('',#8701,#6972,#6973);
#5974=AXIS2_PLACEMENT_3D('',#8702,#6974,#6975);
#5975=AXIS2_PLACEMENT_3D('',#8705,#6977,#6978);
#5976=AXIS2_PLACEMENT_3D('',#8706,#6979,#6980);
#5977=AXIS2_PLACEMENT_3D('',#8709,#6982,#6983);
#5978=AXIS2_PLACEMENT_3D('',#8710,#6984,#6985);
#5979=AXIS2_PLACEMENT_3D('',#8713,#6987,#6988);
#5980=AXIS2_PLACEMENT_3D('',#8714,#6989,#6990);
#5981=AXIS2_PLACEMENT_3D('',#8717,#6992,#6993);
#5982=AXIS2_PLACEMENT_3D('',#8718,#6994,#6995);
#5983=AXIS2_PLACEMENT_3D('',#8721,#6997,#6998);
#5984=AXIS2_PLACEMENT_3D('',#8722,#6999,#7000);
#5985=AXIS2_PLACEMENT_3D('',#8724,#7001,#7002);
#5986=AXIS2_PLACEMENT_3D('',#8726,#7004,#7005);
#5987=AXIS2_PLACEMENT_3D('',#8754,#7008,#7009);
#5988=AXIS2_PLACEMENT_3D('',#8757,#7011,#7012);
#5989=AXIS2_PLACEMENT_3D('',#8758,#7013,#7014);
#5990=AXIS2_PLACEMENT_3D('',#8788,#7017,#7018);
#5991=AXIS2_PLACEMENT_3D('',#8820,#7020,#7021);
#5992=AXIS2_PLACEMENT_3D('',#8848,#7023,#7024);
#5993=AXIS2_PLACEMENT_3D('',#8880,#7026,#7027);
#5994=AXIS2_PLACEMENT_3D('',#8926,#7028,#7029);
#5995=AXIS2_PLACEMENT_3D('',#8930,#7031,#7032);
#5996=AXIS2_PLACEMENT_3D('',#8932,#7034,#7035);
#5997=AXIS2_PLACEMENT_3D('',#8933,#7036,#7037);
#5998=AXIS2_PLACEMENT_3D('',#8934,#7038,#7039);
#5999=AXIS2_PLACEMENT_3D('',#8962,#7042,#7043);
#6000=AXIS2_PLACEMENT_3D('',#8965,#7045,#7046);
#6001=AXIS2_PLACEMENT_3D('',#8966,#7047,#7048);
#6002=AXIS2_PLACEMENT_3D('',#9017,#7050,#7051);
#6003=AXIS2_PLACEMENT_3D('',#9021,#7053,#7054);
#6004=AXIS2_PLACEMENT_3D('',#9023,#7056,#7057);
#6005=AXIS2_PLACEMENT_3D('',#9024,#7058,#7059);
#6006=AXIS2_PLACEMENT_3D('',#9025,#7060,#7061);
#6007=AXIS2_PLACEMENT_3D('',#9053,#7063,#7064);
#6008=AXIS2_PLACEMENT_3D('',#9082,#7065,#7066);
#6009=AXIS2_PLACEMENT_3D('',#9112,#7069,#7070);
#6010=AXIS2_PLACEMENT_3D('',#9115,#7072,#7073);
#6011=AXIS2_PLACEMENT_3D('',#9116,#7074,#7075);
#6012=AXIS2_PLACEMENT_3D('',#9146,#7078,#7079);
#6013=AXIS2_PLACEMENT_3D('',#9149,#7081,#7082);
#6014=AXIS2_PLACEMENT_3D('',#9150,#7083,#7084);
#6015=AXIS2_PLACEMENT_3D('',#9176,#7086,#7087);
#6016=AXIS2_PLACEMENT_3D('',#9208,#7089,#7090);
#6017=AXIS2_PLACEMENT_3D('',#9250,#7091,#7092);
#6018=AXIS2_PLACEMENT_3D('',#9252,#7093,#7094);
#6019=AXIS2_PLACEMENT_3D('',#9254,#7096,#7097);
#6020=AXIS2_PLACEMENT_3D('',#9294,#7099,#7100);
#6021=AXIS2_PLACEMENT_3D('',#9295,#7101,#7102);
#6022=AXIS2_PLACEMENT_3D('',#9299,#7104,#7105);
#6023=AXIS2_PLACEMENT_3D('',#9320,#7107,#7108);
#6024=AXIS2_PLACEMENT_3D('',#9322,#7109,#7110);
#6025=AXIS2_PLACEMENT_3D('',#9323,#7111,#7112);
#6026=AXIS2_PLACEMENT_3D('',#9324,#7113,#7114);
#6027=AXIS2_PLACEMENT_3D('',#9340,#7115,#7116);
#6028=AXIS2_PLACEMENT_3D('',#9368,#7117,#7118);
#6029=AXIS2_PLACEMENT_3D('',#9381,#7120,#7121);
#6030=AXIS2_PLACEMENT_3D('',#9396,#7122,#7123);
#6031=AXIS2_PLACEMENT_3D('',#9428,#7124,#7125);
#6032=AXIS2_PLACEMENT_3D('',#9429,#7126,#7127);
#6033=AXIS2_PLACEMENT_3D('',#9436,#7129,#7130);
#6034=AXIS2_PLACEMENT_3D('',#9437,#7131,#7132);
#6035=AXIS2_PLACEMENT_3D('',#9438,#7133,#7134);
#6036=AXIS2_PLACEMENT_3D('',#9439,#7135,#7136);
#6037=AXIS2_PLACEMENT_3D('',#9440,#7137,#7138);
#6038=AXIS2_PLACEMENT_3D('',#9441,#7139,#7140);
#6039=AXIS2_PLACEMENT_3D('',#9442,#7141,#7142);
#6040=AXIS2_PLACEMENT_3D('',#9443,#7143,#7144);
#6041=AXIS2_PLACEMENT_3D('',#9444,#7145,#7146);
#6042=AXIS2_PLACEMENT_3D('',#9445,#7147,#7148);
#6043=AXIS2_PLACEMENT_3D('',#9494,#7149,#7150);
#6044=AXIS2_PLACEMENT_3D('',#9557,#7151,#7152);
#6045=AXIS2_PLACEMENT_3D('',#9625,#7153,#7154);
#6046=AXIS2_PLACEMENT_3D('',#9693,#7155,#7156);
#6047=AXIS2_PLACEMENT_3D('',#9752,#7157,#7158);
#6048=AXIS2_PLACEMENT_3D('',#9767,#7159,#7160);
#6049=AXIS2_PLACEMENT_3D('',#9782,#7161,#7162);
#6050=AXIS2_PLACEMENT_3D('',#9783,#7163,#7164);
#6051=AXIS2_PLACEMENT_3D('',#9798,#7165,#7166);
#6052=AXIS2_PLACEMENT_3D('',#9799,#7167,#7168);
#6053=AXIS2_PLACEMENT_3D('',#9814,#7169,#7170);
#6054=AXIS2_PLACEMENT_3D('',#9815,#7171,#7172);
#6055=AXIS2_PLACEMENT_3D('',#9816,#7173,#7174);
#6056=AXIS2_PLACEMENT_3D('',#9831,#7175,#7176);
#6057=AXIS2_PLACEMENT_3D('',#9832,#7177,#7178);
#6058=AXIS2_PLACEMENT_3D('',#9833,#7179,#7180);
#6059=AXIS2_PLACEMENT_3D('',#9834,#7181,#7182);
#6060=AXIS2_PLACEMENT_3D('',#9836,#7184,#7185);
#6061=AXIS2_PLACEMENT_3D('',#9837,#7186,#7187);
#6062=AXIS2_PLACEMENT_3D('',#9838,#7188,#7189);
#6063=AXIS2_PLACEMENT_3D('',#9839,#7190,#7191);
#6064=AXIS2_PLACEMENT_3D('',#9840,#7192,#7193);
#6065=AXIS2_PLACEMENT_3D('',#9841,#7194,#7195);
#6066=AXIS2_PLACEMENT_3D('',#9844,#7196,#7197);
#6067=AXIS2_PLACEMENT_3D('',#9848,#7199,#7200);
#6068=AXIS2_PLACEMENT_3D('',#9850,#7202,#7203);
#6069=AXIS2_PLACEMENT_3D('',#9852,#7204,#7205);
#6070=AXIS2_PLACEMENT_3D('',#9855,#7207,#7208);
#6071=AXIS2_PLACEMENT_3D('',#9860,#7210,#7211);
#6072=AXIS2_PLACEMENT_3D('',#9863,#7213,#7214);
#6073=AXIS2_PLACEMENT_3D('',#9868,#7216,#7217);
#6074=AXIS2_PLACEMENT_3D('',#9871,#7219,#7220);
#6075=AXIS2_PLACEMENT_3D('',#9876,#7222,#7223);
#6076=AXIS2_PLACEMENT_3D('',#9879,#7225,#7226);
#6077=AXIS2_PLACEMENT_3D('',#9884,#7228,#7229);
#6078=AXIS2_PLACEMENT_3D('',#9887,#7231,#7232);
#6079=AXIS2_PLACEMENT_3D('',#9889,#7233,#7234);
#6080=AXIS2_PLACEMENT_3D('',#9891,#7235,#7236);
#6081=AXIS2_PLACEMENT_3D('',#9893,#7238,#7239);
#6082=AXIS2_PLACEMENT_3D('',#9895,#7240,#7241);
#6083=AXIS2_PLACEMENT_3D('',#9898,#7243,#7244);
#6084=AXIS2_PLACEMENT_3D('',#9899,#7245,#7246);
#6085=AXIS2_PLACEMENT_3D('',#9905,#7250,#7251);
#6086=AXIS2_PLACEMENT_3D('',#9909,#7253,#7254);
#6087=AXIS2_PLACEMENT_3D('',#9912,#7256,#7257);
#6088=AXIS2_PLACEMENT_3D('',#9914,#7258,#7259);
#6089=AXIS2_PLACEMENT_3D('',#9915,#7260,#7261);
#6090=AXIS2_PLACEMENT_3D('',#9919,#7264,#7265);
#6091=AXIS2_PLACEMENT_3D('',#9921,#7266,#7267);
#6092=AXIS2_PLACEMENT_3D('',#9924,#7269,#7270);
#6093=AXIS2_PLACEMENT_3D('',#9926,#7271,#7272);
#6094=AXIS2_PLACEMENT_3D('',#9927,#7273,#7274);
#6095=AXIS2_PLACEMENT_3D('',#9929,#7276,#7277);
#6096=AXIS2_PLACEMENT_3D('',#9931,#7279,#7280);
#6097=AXIS2_PLACEMENT_3D('',#9933,#7282,#7283);
#6098=AXIS2_PLACEMENT_3D('',#9934,#7284,#7285);
#6099=AXIS2_PLACEMENT_3D('',#9939,#7287,#7288);
#6100=AXIS2_PLACEMENT_3D('',#9941,#7289,#7290);
#6101=AXIS2_PLACEMENT_3D('',#9943,#7291,#7292);
#6102=AXIS2_PLACEMENT_3D('',#9947,#7294,#7295);
#6103=AXIS2_PLACEMENT_3D('',#9951,#7297,#7298);
#6104=AXIS2_PLACEMENT_3D('',#9953,#7299,#7300);
#6105=AXIS2_PLACEMENT_3D('',#9955,#7301,#7302);
#6106=AXIS2_PLACEMENT_3D('',#9959,#7304,#7305);
#6107=AXIS2_PLACEMENT_3D('',#9963,#7307,#7308);
#6108=AXIS2_PLACEMENT_3D('',#9965,#7309,#7310);
#6109=AXIS2_PLACEMENT_3D('',#9967,#7311,#7312);
#6110=AXIS2_PLACEMENT_3D('',#9971,#7314,#7315);
#6111=AXIS2_PLACEMENT_3D('',#9975,#7317,#7318);
#6112=AXIS2_PLACEMENT_3D('',#9977,#7319,#7320);
#6113=AXIS2_PLACEMENT_3D('',#9979,#7321,#7322);
#6114=AXIS2_PLACEMENT_3D('',#9983,#7324,#7325);
#6115=AXIS2_PLACEMENT_3D('',#9987,#7327,#7328);
#6116=AXIS2_PLACEMENT_3D('',#9989,#7329,#7330);
#6117=AXIS2_PLACEMENT_3D('',#9991,#7331,#7332);
#6118=AXIS2_PLACEMENT_3D('',#9995,#7334,#7335);
#6119=AXIS2_PLACEMENT_3D('',#9999,#7337,#7338);
#6120=AXIS2_PLACEMENT_3D('',#10001,#7339,#7340);
#6121=AXIS2_PLACEMENT_3D('',#10003,#7341,#7342);
#6122=AXIS2_PLACEMENT_3D('',#10007,#7344,#7345);
#6123=AXIS2_PLACEMENT_3D('',#10011,#7347,#7348);
#6124=AXIS2_PLACEMENT_3D('',#10013,#7349,#7350);
#6125=AXIS2_PLACEMENT_3D('',#10015,#7351,#7352);
#6126=AXIS2_PLACEMENT_3D('',#10019,#7354,#7355);
#6127=AXIS2_PLACEMENT_3D('',#10023,#7357,#7358);
#6128=AXIS2_PLACEMENT_3D('',#10025,#7359,#7360);
#6129=AXIS2_PLACEMENT_3D('',#10027,#7361,#7362);
#6130=AXIS2_PLACEMENT_3D('',#10031,#7364,#7365);
#6131=AXIS2_PLACEMENT_3D('',#10035,#7367,#7368);
#6132=AXIS2_PLACEMENT_3D('',#10037,#7369,#7370);
#6133=AXIS2_PLACEMENT_3D('',#10039,#7371,#7372);
#6134=AXIS2_PLACEMENT_3D('',#10043,#7374,#7375);
#6135=AXIS2_PLACEMENT_3D('',#10047,#7377,#7378);
#6136=AXIS2_PLACEMENT_3D('',#10049,#7379,#7380);
#6137=AXIS2_PLACEMENT_3D('',#10051,#7381,#7382);
#6138=AXIS2_PLACEMENT_3D('',#10055,#7384,#7385);
#6139=AXIS2_PLACEMENT_3D('',#10059,#7387,#7388);
#6140=AXIS2_PLACEMENT_3D('',#10061,#7389,#7390);
#6141=AXIS2_PLACEMENT_3D('',#10063,#7391,#7392);
#6142=AXIS2_PLACEMENT_3D('',#10067,#7394,#7395);
#6143=AXIS2_PLACEMENT_3D('',#10071,#7397,#7398);
#6144=AXIS2_PLACEMENT_3D('',#10073,#7399,#7400);
#6145=AXIS2_PLACEMENT_3D('',#10075,#7401,#7402);
#6146=AXIS2_PLACEMENT_3D('',#10078,#7404,#7405);
#6147=AXIS2_PLACEMENT_3D('',#10079,#7406,#7407);
#6148=AXIS2_PLACEMENT_3D('',#10082,#7408,#7409);
#6149=AXIS2_PLACEMENT_3D('',#10085,#7412,#7413);
#6150=AXIS2_PLACEMENT_3D('',#10087,#7414,#7415);
#6151=AXIS2_PLACEMENT_3D('',#10089,#7417,#7418);
#6152=AXIS2_PLACEMENT_3D('',#10091,#7419,#7420);
#6153=AXIS2_PLACEMENT_3D('',#10093,#7422,#7423);
#6154=AXIS2_PLACEMENT_3D('',#10097,#7426,#7427);
#6155=AXIS2_PLACEMENT_3D('',#10101,#7430,#7431);
#6156=AXIS2_PLACEMENT_3D('',#10103,#7432,#7433);
#6157=AXIS2_PLACEMENT_3D('',#10105,#7435,#7436);
#6158=AXIS2_PLACEMENT_3D('',#10108,#7438,#7439);
#6159=AXIS2_PLACEMENT_3D('',#10109,#7440,#7441);
#6160=AXIS2_PLACEMENT_3D('',#10115,#7445,#7446);
#6161=AXIS2_PLACEMENT_3D('',#10119,#7448,#7449);
#6162=AXIS2_PLACEMENT_3D('',#10121,#7450,#7451);
#6163=AXIS2_PLACEMENT_3D('',#10123,#7452,#7453);
#6164=AXIS2_PLACEMENT_3D('',#10127,#7455,#7456);
#6165=AXIS2_PLACEMENT_3D('',#10131,#7458,#7459);
#6166=AXIS2_PLACEMENT_3D('',#10133,#7460,#7461);
#6167=AXIS2_PLACEMENT_3D('',#10135,#7462,#7463);
#6168=AXIS2_PLACEMENT_3D('',#10139,#7465,#7466);
#6169=AXIS2_PLACEMENT_3D('',#10143,#7468,#7469);
#6170=AXIS2_PLACEMENT_3D('',#10145,#7470,#7471);
#6171=AXIS2_PLACEMENT_3D('',#10146,#7472,#7473);
#6172=AXIS2_PLACEMENT_3D('',#10148,#7474,#7475);
#6173=AXIS2_PLACEMENT_3D('',#10152,#7477,#7478);
#6174=AXIS2_PLACEMENT_3D('',#10154,#7479,#7480);
#6175=AXIS2_PLACEMENT_3D('',#10156,#7481,#7482);
#6176=AXIS2_PLACEMENT_3D('',#10160,#7484,#7485);
#6177=AXIS2_PLACEMENT_3D('',#10164,#7487,#7488);
#6178=AXIS2_PLACEMENT_3D('',#10166,#7489,#7490);
#6179=AXIS2_PLACEMENT_3D('',#10168,#7491,#7492);
#6180=AXIS2_PLACEMENT_3D('',#10172,#7494,#7495);
#6181=AXIS2_PLACEMENT_3D('',#10176,#7497,#7498);
#6182=AXIS2_PLACEMENT_3D('',#10178,#7499,#7500);
#6183=AXIS2_PLACEMENT_3D('',#10180,#7501,#7502);
#6184=AXIS2_PLACEMENT_3D('',#10184,#7504,#7505);
#6185=AXIS2_PLACEMENT_3D('',#10188,#7507,#7508);
#6186=AXIS2_PLACEMENT_3D('',#10190,#7509,#7510);
#6187=AXIS2_PLACEMENT_3D('',#10192,#7511,#7512);
#6188=AXIS2_PLACEMENT_3D('',#10196,#7514,#7515);
#6189=AXIS2_PLACEMENT_3D('',#10200,#7517,#7518);
#6190=AXIS2_PLACEMENT_3D('',#10202,#7519,#7520);
#6191=AXIS2_PLACEMENT_3D('',#10204,#7521,#7522);
#6192=AXIS2_PLACEMENT_3D('',#10208,#7524,#7525);
#6193=AXIS2_PLACEMENT_3D('',#10212,#7527,#7528);
#6194=AXIS2_PLACEMENT_3D('',#10214,#7529,#7530);
#6195=AXIS2_PLACEMENT_3D('',#10216,#7531,#7532);
#6196=AXIS2_PLACEMENT_3D('',#10220,#7534,#7535);
#6197=AXIS2_PLACEMENT_3D('',#10224,#7537,#7538);
#6198=AXIS2_PLACEMENT_3D('',#10226,#7539,#7540);
#6199=AXIS2_PLACEMENT_3D('',#10228,#7541,#7542);
#6200=AXIS2_PLACEMENT_3D('',#10232,#7544,#7545);
#6201=AXIS2_PLACEMENT_3D('',#10236,#7547,#7548);
#6202=AXIS2_PLACEMENT_3D('',#10238,#7549,#7550);
#6203=AXIS2_PLACEMENT_3D('',#10240,#7551,#7552);
#6204=AXIS2_PLACEMENT_3D('',#10242,#7554,#7555);
#6205=AXIS2_PLACEMENT_3D('',#10245,#7558,#7559);
#6206=AXIS2_PLACEMENT_3D('',#10247,#7561,#7562);
#6207=AXIS2_PLACEMENT_3D('',#10249,#7564,#7565);
#6208=AXIS2_PLACEMENT_3D('',#10251,#7567,#7568);
#6209=AXIS2_PLACEMENT_3D('',#10252,#7569,#7570);
#6210=AXIS2_PLACEMENT_3D('',#10254,#7572,#7573);
#6211=AXIS2_PLACEMENT_3D('',#10257,#7576,#7577);
#6212=AXIS2_PLACEMENT_3D('',#10260,#7580,#7581);
#6213=AXIS2_PLACEMENT_3D('',#10262,#7583,#7584);
#6214=AXIS2_PLACEMENT_3D('',#10264,#7586,#7587);
#6215=AXIS2_PLACEMENT_3D('',#10266,#7589,#7590);
#6216=AXIS2_PLACEMENT_3D('',#10267,#7591,#7592);
#6217=AXIS2_PLACEMENT_3D('',#10269,#7594,#7595);
#6218=AXIS2_PLACEMENT_3D('',#10272,#7598,#7599);
#6219=AXIS2_PLACEMENT_3D('',#10274,#7601,#7602);
#6220=AXIS2_PLACEMENT_3D('',#10276,#7604,#7605);
#6221=AXIS2_PLACEMENT_3D('',#10278,#7607,#7608);
#6222=AXIS2_PLACEMENT_3D('',#10279,#7609,#7610);
#6223=AXIS2_PLACEMENT_3D('',#10281,#7612,#7613);
#6224=AXIS2_PLACEMENT_3D('',#10284,#7616,#7617);
#6225=AXIS2_PLACEMENT_3D('',#10286,#7619,#7620);
#6226=AXIS2_PLACEMENT_3D('',#10288,#7622,#7623);
#6227=AXIS2_PLACEMENT_3D('',#10290,#7625,#7626);
#6228=AXIS2_PLACEMENT_3D('',#10291,#7627,#7628);
#6229=AXIS2_PLACEMENT_3D('',#10293,#7630,#7631);
#6230=AXIS2_PLACEMENT_3D('',#10296,#7634,#7635);
#6231=AXIS2_PLACEMENT_3D('',#10298,#7637,#7638);
#6232=AXIS2_PLACEMENT_3D('',#10300,#7640,#7641);
#6233=AXIS2_PLACEMENT_3D('',#10302,#7643,#7644);
#6234=AXIS2_PLACEMENT_3D('',#10303,#7645,#7646);
#6235=AXIS2_PLACEMENT_3D('',#10305,#7648,#7649);
#6236=AXIS2_PLACEMENT_3D('',#10308,#7652,#7653);
#6237=AXIS2_PLACEMENT_3D('',#10310,#7655,#7656);
#6238=AXIS2_PLACEMENT_3D('',#10312,#7658,#7659);
#6239=AXIS2_PLACEMENT_3D('',#10314,#7661,#7662);
#6240=AXIS2_PLACEMENT_3D('',#10315,#7663,#7664);
#6241=AXIS2_PLACEMENT_3D('',#10317,#7666,#7667);
#6242=AXIS2_PLACEMENT_3D('',#10320,#7670,#7671);
#6243=AXIS2_PLACEMENT_3D('',#10322,#7673,#7674);
#6244=AXIS2_PLACEMENT_3D('',#10324,#7676,#7677);
#6245=AXIS2_PLACEMENT_3D('',#10326,#7679,#7680);
#6246=AXIS2_PLACEMENT_3D('',#10327,#7681,#7682);
#6247=AXIS2_PLACEMENT_3D('',#10329,#7684,#7685);
#6248=AXIS2_PLACEMENT_3D('',#10332,#7688,#7689);
#6249=AXIS2_PLACEMENT_3D('',#10334,#7691,#7692);
#6250=AXIS2_PLACEMENT_3D('',#10336,#7694,#7695);
#6251=AXIS2_PLACEMENT_3D('',#10338,#7697,#7698);
#6252=AXIS2_PLACEMENT_3D('',#10339,#7699,#7700);
#6253=AXIS2_PLACEMENT_3D('',#10341,#7702,#7703);
#6254=AXIS2_PLACEMENT_3D('',#10343,#7705,#7706);
#6255=AXIS2_PLACEMENT_3D('',#10345,#7708,#7709);
#6256=AXIS2_PLACEMENT_3D('',#10347,#7711,#7712);
#6257=AXIS2_PLACEMENT_3D('',#10349,#7714,#7715);
#6258=AXIS2_PLACEMENT_3D('',#10350,#7716,#7717);
#6259=AXIS2_PLACEMENT_3D('',#10352,#7719,#7720);
#6260=AXIS2_PLACEMENT_3D('',#10354,#7722,#7723);
#6261=AXIS2_PLACEMENT_3D('',#10356,#7725,#7726);
#6262=AXIS2_PLACEMENT_3D('',#10358,#7728,#7729);
#6263=AXIS2_PLACEMENT_3D('',#10360,#7731,#7732);
#6264=AXIS2_PLACEMENT_3D('',#10361,#7733,#7734);
#6265=AXIS2_PLACEMENT_3D('',#10363,#7736,#7737);
#6266=AXIS2_PLACEMENT_3D('',#10365,#7739,#7740);
#6267=AXIS2_PLACEMENT_3D('',#10367,#7742,#7743);
#6268=AXIS2_PLACEMENT_3D('',#10368,#7744,#7745);
#6269=AXIS2_PLACEMENT_3D('',#10370,#7746,#7747);
#6270=AXIS2_PLACEMENT_3D('',#10372,#7748,#7749);
#6271=AXIS2_PLACEMENT_3D('',#10374,#7751,#7752);
#6272=AXIS2_PLACEMENT_3D('',#10376,#7753,#7754);
#6273=AXIS2_PLACEMENT_3D('',#10379,#7756,#7757);
#6274=AXIS2_PLACEMENT_3D('',#10380,#7758,#7759);
#6275=AXIS2_PLACEMENT_3D('',#10386,#7763,#7764);
#6276=AXIS2_PLACEMENT_3D('',#10390,#7766,#7767);
#6277=AXIS2_PLACEMENT_3D('',#10393,#7769,#7770);
#6278=AXIS2_PLACEMENT_3D('',#10395,#7771,#7772);
#6279=AXIS2_PLACEMENT_3D('',#10396,#7773,#7774);
#6280=AXIS2_PLACEMENT_3D('',#10400,#7777,#7778);
#6281=AXIS2_PLACEMENT_3D('',#10402,#7779,#7780);
#6282=AXIS2_PLACEMENT_3D('',#10405,#7782,#7783);
#6283=AXIS2_PLACEMENT_3D('',#10407,#7784,#7785);
#6284=AXIS2_PLACEMENT_3D('',#10408,#7786,#7787);
#6285=AXIS2_PLACEMENT_3D('',#10410,#7789,#7790);
#6286=AXIS2_PLACEMENT_3D('',#10412,#7792,#7793);
#6287=AXIS2_PLACEMENT_3D('',#10414,#7795,#7796);
#6288=AXIS2_PLACEMENT_3D('',#10415,#7797,#7798);
#6289=AXIS2_PLACEMENT_3D('',#10417,#7799,#7800);
#6290=AXIS2_PLACEMENT_3D('',#10419,#7801,#7802);
#6291=AXIS2_PLACEMENT_3D('',#10421,#7804,#7805);
#6292=AXIS2_PLACEMENT_3D('',#10423,#7806,#7807);
#6293=AXIS2_PLACEMENT_3D('',#10426,#7809,#7810);
#6294=AXIS2_PLACEMENT_3D('',#10427,#7811,#7812);
#6295=AXIS2_PLACEMENT_3D('',#10433,#7816,#7817);
#6296=AXIS2_PLACEMENT_3D('',#10437,#7819,#7820);
#6297=AXIS2_PLACEMENT_3D('',#10440,#7822,#7823);
#6298=AXIS2_PLACEMENT_3D('',#10442,#7824,#7825);
#6299=AXIS2_PLACEMENT_3D('',#10443,#7826,#7827);
#6300=AXIS2_PLACEMENT_3D('',#10447,#7830,#7831);
#6301=AXIS2_PLACEMENT_3D('',#10449,#7832,#7833);
#6302=AXIS2_PLACEMENT_3D('',#10452,#7835,#7836);
#6303=AXIS2_PLACEMENT_3D('',#10454,#7837,#7838);
#6304=AXIS2_PLACEMENT_3D('',#10455,#7839,#7840);
#6305=AXIS2_PLACEMENT_3D('',#10457,#7842,#7843);
#6306=AXIS2_PLACEMENT_3D('',#10459,#7845,#7846);
#6307=AXIS2_PLACEMENT_3D('',#10461,#7848,#7849);
#6308=AXIS2_PLACEMENT_3D('',#10462,#7850,#7851);
#6309=AXIS2_PLACEMENT_3D('',#10464,#7852,#7853);
#6310=AXIS2_PLACEMENT_3D('',#10466,#7854,#7855);
#6311=AXIS2_PLACEMENT_3D('',#10468,#7857,#7858);
#6312=AXIS2_PLACEMENT_3D('',#10470,#7859,#7860);
#6313=AXIS2_PLACEMENT_3D('',#10473,#7862,#7863);
#6314=AXIS2_PLACEMENT_3D('',#10474,#7864,#7865);
#6315=AXIS2_PLACEMENT_3D('',#10480,#7869,#7870);
#6316=AXIS2_PLACEMENT_3D('',#10484,#7872,#7873);
#6317=AXIS2_PLACEMENT_3D('',#10487,#7875,#7876);
#6318=AXIS2_PLACEMENT_3D('',#10489,#7877,#7878);
#6319=AXIS2_PLACEMENT_3D('',#10490,#7879,#7880);
#6320=AXIS2_PLACEMENT_3D('',#10494,#7883,#7884);
#6321=AXIS2_PLACEMENT_3D('',#10496,#7885,#7886);
#6322=AXIS2_PLACEMENT_3D('',#10499,#7888,#7889);
#6323=AXIS2_PLACEMENT_3D('',#10501,#7890,#7891);
#6324=AXIS2_PLACEMENT_3D('',#10502,#7892,#7893);
#6325=AXIS2_PLACEMENT_3D('',#10504,#7895,#7896);
#6326=AXIS2_PLACEMENT_3D('',#10506,#7898,#7899);
#6327=AXIS2_PLACEMENT_3D('',#10508,#7901,#7902);
#6328=AXIS2_PLACEMENT_3D('',#10509,#7903,#7904);
#6329=AXIS2_PLACEMENT_3D('',#10511,#7905,#7906);
#6330=AXIS2_PLACEMENT_3D('',#10513,#7907,#7908);
#6331=AXIS2_PLACEMENT_3D('',#10515,#7910,#7911);
#6332=AXIS2_PLACEMENT_3D('',#10517,#7912,#7913);
#6333=AXIS2_PLACEMENT_3D('',#10520,#7915,#7916);
#6334=AXIS2_PLACEMENT_3D('',#10521,#7917,#7918);
#6335=AXIS2_PLACEMENT_3D('',#10527,#7922,#7923);
#6336=AXIS2_PLACEMENT_3D('',#10531,#7925,#7926);
#6337=AXIS2_PLACEMENT_3D('',#10534,#7928,#7929);
#6338=AXIS2_PLACEMENT_3D('',#10536,#7930,#7931);
#6339=AXIS2_PLACEMENT_3D('',#10537,#7932,#7933);
#6340=AXIS2_PLACEMENT_3D('',#10541,#7936,#7937);
#6341=AXIS2_PLACEMENT_3D('',#10543,#7938,#7939);
#6342=AXIS2_PLACEMENT_3D('',#10546,#7941,#7942);
#6343=AXIS2_PLACEMENT_3D('',#10548,#7943,#7944);
#6344=AXIS2_PLACEMENT_3D('',#10549,#7945,#7946);
#6345=AXIS2_PLACEMENT_3D('',#10551,#7948,#7949);
#6346=AXIS2_PLACEMENT_3D('',#10553,#7951,#7952);
#6347=AXIS2_PLACEMENT_3D('',#10555,#7954,#7955);
#6348=AXIS2_PLACEMENT_3D('',#10556,#7956,#7957);
#6349=AXIS2_PLACEMENT_3D('',#10557,#7958,#7959);
#6350=AXIS2_PLACEMENT_3D('',#10559,#7960,#7961);
#6351=AXIS2_PLACEMENT_3D('',#10562,#7963,#7964);
#6352=AXIS2_PLACEMENT_3D('',#10563,#7965,#7966);
#6353=AXIS2_PLACEMENT_3D('',#10565,#7967,#7968);
#6354=AXIS2_PLACEMENT_3D('',#10568,#7970,#7971);
#6355=AXIS2_PLACEMENT_3D('',#10569,#7972,#7973);
#6356=AXIS2_PLACEMENT_3D('',#10572,#7974,#7975);
#6357=AXIS2_PLACEMENT_3D('',#10575,#7977,#7978);
#6358=AXIS2_PLACEMENT_3D('',#10577,#7979,#7980);
#6359=AXIS2_PLACEMENT_3D('',#10579,#7981,#7982);
#6360=AXIS2_PLACEMENT_3D('',#10580,#7983,#7984);
#6361=AXIS2_PLACEMENT_3D('',#10583,#7986,#7987);
#6362=AXIS2_PLACEMENT_3D('',#10584,#7988,#7989);
#6363=AXIS2_PLACEMENT_3D('',#10587,#7990,#7991);
#6364=AXIS2_PLACEMENT_3D('',#10596,#7992,#7993);
#6365=AXIS2_PLACEMENT_3D('',#10598,#7995,#7996);
#6366=AXIS2_PLACEMENT_3D('',#10602,#7998,#7999);
#6367=AXIS2_PLACEMENT_3D('',#10604,#8001,#8002);
#6368=AXIS2_PLACEMENT_3D('',#10607,#8003,#8004);
#6369=AXIS2_PLACEMENT_3D('',#10611,#8006,#8007);
#6370=AXIS2_PLACEMENT_3D('',#10613,#8009,#8010);
#6371=AXIS2_PLACEMENT_3D('',#10616,#8013,#8014);
#6372=AXIS2_PLACEMENT_3D('',#10618,#8016,#8017);
#6373=AXIS2_PLACEMENT_3D('',#10619,#8018,#8019);
#6374=AXIS2_PLACEMENT_3D('',#10622,#8021,#8022);
#6375=AXIS2_PLACEMENT_3D('',#10623,#8023,#8024);
#6376=AXIS2_PLACEMENT_3D('',#10626,#8026,#8027);
#6377=AXIS2_PLACEMENT_3D('',#10627,#8028,#8029);
#6378=AXIS2_PLACEMENT_3D('',#10630,#8031,#8032);
#6379=AXIS2_PLACEMENT_3D('',#10631,#8033,#8034);
#6380=AXIS2_PLACEMENT_3D('',#10632,#8035,#8036);
#6381=AXIS2_PLACEMENT_3D('',#10633,#8037,#8038);
#6382=AXIS2_PLACEMENT_3D('',#10634,#8039,#8040);
#6383=AXIS2_PLACEMENT_3D('',#10637,#8041,#8042);
#6384=AXIS2_PLACEMENT_3D('',#10639,#8043,#8044);
#6385=AXIS2_PLACEMENT_3D('',#10640,#8045,#8046);
#6386=AXIS2_PLACEMENT_3D('',#10641,#8047,#8048);
#6387=AXIS2_PLACEMENT_3D('',#10642,#8049,#8050);
#6388=AXIS2_PLACEMENT_3D('',#10645,#8051,#8052);
#6389=AXIS2_PLACEMENT_3D('',#10647,#8054,#8055);
#6390=AXIS2_PLACEMENT_3D('',#10648,#8056,#8057);
#6391=AXIS2_PLACEMENT_3D('',#10650,#8058,#8059);
#6392=AXIS2_PLACEMENT_3D('',#10651,#8060,#8061);
#6393=AXIS2_PLACEMENT_3D('',#10653,#8062,#8063);
#6394=AXIS2_PLACEMENT_3D('',#10654,#8064,#8065);
#6395=AXIS2_PLACEMENT_3D('',#10655,#8066,#8067);
#6396=AXIS2_PLACEMENT_3D('',#10668,#8074,#8075);
#6397=AXIS2_PLACEMENT_3D('',#10674,#8079,#8080);
#6398=AXIS2_PLACEMENT_3D('',#10678,#8083,#8084);
#6399=AXIS2_PLACEMENT_3D('',#10682,#8087,#8088);
#6400=AXIS2_PLACEMENT_3D('',#10686,#8091,#8092);
#6401=AXIS2_PLACEMENT_3D('',#10690,#8095,#8096);
#6402=AXIS2_PLACEMENT_3D('',#10692,#8098,#8099);
#6403=AXIS2_PLACEMENT_3D('',#10693,#8100,#8101);
#6404=AXIS2_PLACEMENT_3D('',#10695,#8102,#8103);
#6405=AXIS2_PLACEMENT_3D('',#10697,#8105,#8106);
#6406=AXIS2_PLACEMENT_3D('',#10698,#8107,#8108);
#6407=AXIS2_PLACEMENT_3D('',#10699,#8109,#8110);
#6408=AXIS2_PLACEMENT_3D('',#10701,#8111,#8112);
#6409=AXIS2_PLACEMENT_3D('',#10702,#8113,#8114);
#6410=AXIS2_PLACEMENT_3D('',#10705,#8115,#8116);
#6411=AXIS2_PLACEMENT_3D('',#10707,#8117,#8118);
#6412=AXIS2_PLACEMENT_3D('',#10708,#8119,#8120);
#6413=AXIS2_PLACEMENT_3D('',#10709,#8121,#8122);
#6414=AXIS2_PLACEMENT_3D('',#10710,#8123,#8124);
#6415=AXIS2_PLACEMENT_3D('',#10713,#8125,#8126);
#6416=AXIS2_PLACEMENT_3D('',#10715,#8128,#8129);
#6417=AXIS2_PLACEMENT_3D('',#10716,#8130,#8131);
#6418=AXIS2_PLACEMENT_3D('',#10718,#8132,#8133);
#6419=AXIS2_PLACEMENT_3D('',#10719,#8134,#8135);
#6420=AXIS2_PLACEMENT_3D('',#10721,#8136,#8137);
#6421=AXIS2_PLACEMENT_3D('',#10722,#8138,#8139);
#6422=AXIS2_PLACEMENT_3D('',#10723,#8140,#8141);
#6423=AXIS2_PLACEMENT_3D('',#10736,#8148,#8149);
#6424=AXIS2_PLACEMENT_3D('',#10742,#8153,#8154);
#6425=AXIS2_PLACEMENT_3D('',#10746,#8157,#8158);
#6426=AXIS2_PLACEMENT_3D('',#10750,#8161,#8162);
#6427=AXIS2_PLACEMENT_3D('',#10754,#8165,#8166);
#6428=AXIS2_PLACEMENT_3D('',#10758,#8169,#8170);
#6429=AXIS2_PLACEMENT_3D('',#10760,#8172,#8173);
#6430=AXIS2_PLACEMENT_3D('',#10761,#8174,#8175);
#6431=AXIS2_PLACEMENT_3D('',#10763,#8177,#8178);
#6432=AXIS2_PLACEMENT_3D('',#10764,#8179,#8180);
#6433=AXIS2_PLACEMENT_3D('',#10765,#8181,#8182);
#6434=AXIS2_PLACEMENT_3D('',#10766,#8183,#8184);
#6435=AXIS2_PLACEMENT_3D('',#10767,#8185,#8186);
#6436=AXIS2_PLACEMENT_3D('',#10768,#8187,#8188);
#6437=AXIS2_PLACEMENT_3D('',#10769,#8189,#8190);
#6438=AXIS2_PLACEMENT_3D('',#10770,#8191,#8192);
#6439=AXIS2_PLACEMENT_3D('',#10771,#8193,#8194);
#6440=AXIS2_PLACEMENT_3D('',#10772,#8195,#8196);
#6441=AXIS2_PLACEMENT_3D('',#10773,#8197,#8198);
#6442=DIRECTION('axis',(0.,0.,1.));
#6443=DIRECTION('refdir',(1.,0.,0.));
#6444=DIRECTION('axis',(0.,0.,1.));
#6445=DIRECTION('refdir',(1.,0.,0.));
#6446=DIRECTION('center_axis',(0.,1.,0.));
#6447=DIRECTION('ref_axis',(0.75017412899535,0.,-0.661240331639011));
#6448=DIRECTION('center_axis',(0.0417096288698873,0.998460353205412,-0.0365681546767039));
#6449=DIRECTION('ref_axis',(0.750773319657969,-0.0554700196225229,-0.658226784180672));
#6450=DIRECTION('',(0.,1.,0.));
#6451=DIRECTION('center_axis',(0.,-1.,0.));
#6452=DIRECTION('ref_axis',(0.75017412899535,0.,-0.661240331639011));
#6453=DIRECTION('',(0.,-1.,0.));
#6454=DIRECTION('center_axis',(0.,1.,0.));
#6455=DIRECTION('ref_axis',(1.,0.,0.));
#6456=DIRECTION('center_axis',(-0.0417096288698873,-0.998460353205412,0.0365681546767039));
#6457=DIRECTION('ref_axis',(0.750773319657989,-0.0554700196225229,-0.65822678418065));
#6458=DIRECTION('center_axis',(0.,1.,0.));
#6459=DIRECTION('ref_axis',(1.,0.,0.));
#6460=DIRECTION('',(0.,-1.,0.));
#6461=DIRECTION('center_axis',(0.,1.,0.));
#6462=DIRECTION('ref_axis',(1.,0.,0.));
#6463=DIRECTION('center_axis',(-0.0417096288698873,-0.998460353205412,0.0365681546767039));
#6464=DIRECTION('ref_axis',(0.,-0.0366000049239015,-0.999329995366681));
#6465=DIRECTION('',(-0.661240324413447,0.000147832851663449,-0.750174120797997));
#6466=DIRECTION('center_axis',(0.0417096288698873,0.998460353205412,-0.0365681546767039));
#6467=DIRECTION('ref_axis',(0.750773319657954,-0.0554700196225229,-0.65822678418069));
#6468=DIRECTION('center_axis',(0.0417096288698873,0.998460353205412,-0.0365681546767039));
#6469=DIRECTION('ref_axis',(0.750773319657964,-0.0554700196225229,-0.658226784180678));
#6470=DIRECTION('center_axis',(0.0417096288698873,0.998460353205412,-0.0365681546767039));
#6471=DIRECTION('ref_axis',(0.750773319657954,-0.0554700196225229,-0.65822678418069));
#6472=DIRECTION('',(0.659241783679771,0.,0.751931027854759));
#6473=DIRECTION('center_axis',(0.,1.,0.));
#6474=DIRECTION('ref_axis',(1.,0.,0.));
#6475=DIRECTION('',(0.,1.,0.));
#6476=DIRECTION('center_axis',(0.,1.,0.));
#6477=DIRECTION('ref_axis',(1.,0.,0.));
#6478=DIRECTION('',(0.,-1.,0.));
#6479=DIRECTION('center_axis',(0.,1.,0.));
#6480=DIRECTION('ref_axis',(0.897935719152288,0.,0.440126622996681));
#6481=DIRECTION('center_axis',(0.0476682988858338,0.998460353205412,0.0283664653817477));
#6482=DIRECTION('ref_axis',(0.858029379945006,-0.0554700196225229,0.510596376871462));
#6483=DIRECTION('',(0.,1.,0.));
#6484=DIRECTION('center_axis',(0.,-1.,0.));
#6485=DIRECTION('ref_axis',(0.897935719152288,0.,0.440126622996681));
#6486=DIRECTION('',(0.,-1.,0.));
#6487=DIRECTION('center_axis',(-0.0476682988858338,-0.998460353205412,-0.0283664653817477));
#6488=DIRECTION('ref_axis',(0.,0.0283987484966696,-0.999596674206063));
#6489=DIRECTION('',(0.440122170543356,0.00449805506172897,-0.897926635364419));
#6490=DIRECTION('center_axis',(0.0476682988858338,0.998460353205412,0.0283664653817477));
#6491=DIRECTION('ref_axis',(0.858029379945012,-0.0554700196225229,0.510596376871453));
#6492=DIRECTION('center_axis',(0.0476682988858338,0.998460353205412,0.0283664653817477));
#6493=DIRECTION('ref_axis',(0.858029379945005,-0.0554700196225229,0.510596376871466));
#6494=DIRECTION('center_axis',(0.0476682988858338,0.998460353205412,0.0283664653817477));
#6495=DIRECTION('ref_axis',(0.858029379945012,-0.0554700196225229,0.510596376871453));
#6496=DIRECTION('',(-0.511383727187827,0.,0.859352479235085));
#6497=DIRECTION('center_axis',(-0.0476682988858338,-0.998460353205412,-0.0283664653817477));
#6498=DIRECTION('ref_axis',(0.85802937994501,-0.0554700196225229,0.510596376871457));
#6499=DIRECTION('center_axis',(0.897935719152288,0.,0.440126622996682));
#6500=DIRECTION('ref_axis',(-0.440126622996682,0.,0.897935719152288));
#6501=DIRECTION('',(-0.440126622996682,0.,0.897935719152288));
#6502=DIRECTION('',(0.,-1.,0.));
#6503=DIRECTION('',(0.,1.,0.));
#6504=DIRECTION('center_axis',(0.,1.,0.));
#6505=DIRECTION('ref_axis',(-0.809016994374947,0.,0.587785252292473));
#6506=DIRECTION('center_axis',(0.,1.,0.));
#6507=DIRECTION('ref_axis',(1.,0.,0.));
#6508=DIRECTION('center_axis',(0.,-1.,0.));
#6509=DIRECTION('ref_axis',(0.569063421521632,0.,0.822293635075752));
#6510=DIRECTION('center_axis',(0.,-1.,0.));
#6511=DIRECTION('ref_axis',(1.,0.,0.));
#6512=DIRECTION('center_axis',(0.,-1.,0.));
#6513=DIRECTION('ref_axis',(1.,0.,0.));
#6514=DIRECTION('center_axis',(0.,1.,0.));
#6515=DIRECTION('ref_axis',(-0.871877225468763,0.,0.489724518182306));
#6516=DIRECTION('',(-0.293920375752906,0.,0.955829907837828));
#6517=DIRECTION('center_axis',(0.,-1.,0.));
#6518=DIRECTION('ref_axis',(0.932633586555975,0.,-0.360824878892431));
#6519=DIRECTION('',(0.860693480842437,0.,0.509123493894487));
#6520=DIRECTION('center_axis',(0.,-1.,0.));
#6521=DIRECTION('ref_axis',(-0.248597521832561,0.,-0.968606871820921));
#6522=DIRECTION('',(0.509123493894487,0.,-0.860693480842437));
#6523=DIRECTION('center_axis',(0.,-1.,0.));
#6524=DIRECTION('ref_axis',(1.,0.,0.));
#6525=DIRECTION('center_axis',(0.,1.,0.));
#6526=DIRECTION('ref_axis',(1.,0.,0.));
#6527=DIRECTION('center_axis',(0.,1.,0.));
#6528=DIRECTION('ref_axis',(1.,0.,0.));
#6529=DIRECTION('',(0.,-1.,0.));
#6530=DIRECTION('center_axis',(0.,1.,0.));
#6531=DIRECTION('ref_axis',(-0.809016994374947,0.,-0.587785252292473));
#6532=DIRECTION('center_axis',(0.,-1.,0.));
#6533=DIRECTION('ref_axis',(-0.535326352749262,0.,-0.844645307837659));
#6534=DIRECTION('center_axis',(0.,1.,0.));
#6535=DIRECTION('ref_axis',(1.,0.,0.));
#6536=DIRECTION('center_axis',(0.,-1.,0.));
#6537=DIRECTION('ref_axis',(-0.606197451819484,0.,0.795314182828122));
#6538=DIRECTION('center_axis',(0.,-1.,0.));
#6539=DIRECTION('ref_axis',(1.,0.,0.));
#6540=DIRECTION('center_axis',(0.,-1.,0.));
#6541=DIRECTION('ref_axis',(1.,0.,0.));
#6542=DIRECTION('center_axis',(0.,1.,0.));
#6543=DIRECTION('ref_axis',(-0.735180573885112,0.,-0.67787131801099));
#6544=DIRECTION('',(-0.999874653419681,0.,0.0158327966220067));
#6545=DIRECTION('center_axis',(0.,-1.,0.));
#6546=DIRECTION('ref_axis',(0.631364480082712,0.,0.775486230238737));
#6547=DIRECTION('',(-0.218236303939266,0.,0.975895955336904));
#6548=DIRECTION('center_axis',(0.,-1.,0.));
#6549=DIRECTION('ref_axis',(0.844379018167792,0.,-0.535746277334706));
#6550=DIRECTION('',(0.975895955336904,0.,0.218236303939266));
#6551=DIRECTION('center_axis',(0.,-1.,0.));
#6552=DIRECTION('ref_axis',(1.,0.,0.));
#6553=DIRECTION('',(-0.975893108816676,0.,-0.218249032447163));
#6554=DIRECTION('center_axis',(0.,1.,0.));
#6555=DIRECTION('ref_axis',(-0.809016994374947,0.,-0.587785252292473));
#6556=DIRECTION('center_axis',(0.,1.,0.));
#6557=DIRECTION('ref_axis',(-0.809016994374947,0.,-0.587785252292473));
#6558=DIRECTION('center_axis',(0.,1.,0.));
#6559=DIRECTION('ref_axis',(1.,0.,0.));
#6560=DIRECTION('',(0.,1.,0.));
#6561=DIRECTION('center_axis',(0.,1.,0.));
#6562=DIRECTION('ref_axis',(-0.809016994374948,0.,0.587785252292473));
#6563=DIRECTION('center_axis',(0.,1.,0.));
#6564=DIRECTION('ref_axis',(1.,0.,0.));
#6565=DIRECTION('',(0.,1.,0.));
#6566=DIRECTION('center_axis',(0.,-1.,0.));
#6567=DIRECTION('ref_axis',(-0.408648278011549,0.,0.912691944129122));
#6568=DIRECTION('center_axis',(0.,-1.,0.));
#6569=DIRECTION('ref_axis',(1.,0.,0.));
#6570=DIRECTION('',(0.,1.,0.));
#6571=DIRECTION('center_axis',(0.,1.,0.));
#6572=DIRECTION('ref_axis',(0.309016994374947,0.,0.951056516295154));
#6573=DIRECTION('center_axis',(0.,-1.,0.));
#6574=DIRECTION('ref_axis',(0.957897988074161,0.,-0.287108767618605));
#6575=DIRECTION('center_axis',(0.,-1.,0.));
#6576=DIRECTION('ref_axis',(1.,0.,0.));
#6577=DIRECTION('center_axis',(0.,-1.,0.));
#6578=DIRECTION('ref_axis',(1.,0.,0.));
#6579=DIRECTION('center_axis',(0.,1.,0.));
#6580=DIRECTION('ref_axis',(0.196330814528459,0.,0.980537715371822));
#6581=DIRECTION('',(0.818221871218244,0.,0.57490257388545));
#6582=DIRECTION('center_axis',(0.,-1.,0.));
#6583=DIRECTION('ref_axis',(-0.0549652245414015,0.,-0.998488269380824));
#6584=DIRECTION('',(0.750174128995349,0.,-0.661240331639011));
#6585=DIRECTION('center_axis',(0.,-1.,0.));
#6586=DIRECTION('ref_axis',(-0.998020736179309,0.,-0.0628856911873388));
#6587=DIRECTION('',(0.661240331639002,0.,0.750174128995357));
#6588=DIRECTION('center_axis',(0.,-1.,0.));
#6589=DIRECTION('ref_axis',(1.,0.,0.));
#6590=DIRECTION('center_axis',(0.,1.,0.));
#6591=DIRECTION('ref_axis',(0.309016994374947,0.,0.951056516295154));
#6592=DIRECTION('center_axis',(0.,1.,0.));
#6593=DIRECTION('ref_axis',(1.,0.,0.));
#6594=DIRECTION('',(0.,1.,0.));
#6595=DIRECTION('center_axis',(0.,1.,0.));
#6596=DIRECTION('ref_axis',(0.809016994374947,0.,0.587785252292473));
#6597=DIRECTION('center_axis',(0.,-1.,0.));
#6598=DIRECTION('ref_axis',(1.,0.,0.));
#6599=DIRECTION('center_axis',(0.,1.,0.));
#6600=DIRECTION('ref_axis',(1.,0.,0.));
#6601=DIRECTION('',(0.975895955336904,0.,0.218236303939266));
#6602=DIRECTION('center_axis',(0.,1.,0.));
#6603=DIRECTION('ref_axis',(0.844379018167792,0.,-0.535746277334706));
#6604=DIRECTION('',(-0.218236303939266,0.,0.975895955336904));
#6605=DIRECTION('center_axis',(0.,1.,0.));
#6606=DIRECTION('ref_axis',(0.631364480082712,0.,0.775486230238737));
#6607=DIRECTION('',(-0.999874653419681,0.,0.0158327966220067));
#6608=DIRECTION('center_axis',(0.,-1.,0.));
#6609=DIRECTION('ref_axis',(-0.735180573885112,0.,-0.67787131801099));
#6610=DIRECTION('center_axis',(0.,1.,0.));
#6611=DIRECTION('ref_axis',(1.,0.,0.));
#6612=DIRECTION('center_axis',(0.,1.,0.));
#6613=DIRECTION('ref_axis',(0.809016994374947,0.,-0.587785252292473));
#6614=DIRECTION('',(0.509123493894487,0.,-0.860693480842437));
#6615=DIRECTION('center_axis',(0.,1.,0.));
#6616=DIRECTION('ref_axis',(-0.248597521832561,0.,-0.968606871820921));
#6617=DIRECTION('',(0.860693480842437,0.,0.509123493894487));
#6618=DIRECTION('center_axis',(0.,1.,0.));
#6619=DIRECTION('ref_axis',(0.932633586555975,0.,-0.360824878892431));
#6620=DIRECTION('',(-0.293920375752906,0.,0.955829907837828));
#6621=DIRECTION('center_axis',(0.,-1.,0.));
#6622=DIRECTION('ref_axis',(-0.871877225468763,0.,0.489724518182306));
#6623=DIRECTION('center_axis',(0.,1.,0.));
#6624=DIRECTION('ref_axis',(1.,0.,0.));
#6625=DIRECTION('center_axis',(0.,1.,0.));
#6626=DIRECTION('ref_axis',(-0.309016994374947,0.,-0.951056516295154));
#6627=DIRECTION('center_axis',(0.,-1.,0.));
#6628=DIRECTION('ref_axis',(1.,0.,0.));
#6629=DIRECTION('',(-0.661240331639011,0.,-0.750174128995349));
#6630=DIRECTION('center_axis',(0.,1.,0.));
#6631=DIRECTION('ref_axis',(-0.998020736179309,0.,-0.0628856911873388));
#6632=DIRECTION('',(0.750174128995349,0.,-0.661240331639011));
#6633=DIRECTION('center_axis',(0.,1.,0.));
#6634=DIRECTION('ref_axis',(-0.0549652245414015,0.,-0.998488269380824));
#6635=DIRECTION('',(0.818221871218244,0.,0.57490257388545));
#6636=DIRECTION('center_axis',(0.,-1.,0.));
#6637=DIRECTION('ref_axis',(0.196330814528459,0.,0.980537715371822));
#6638=DIRECTION('center_axis',(0.,1.,0.));
#6639=DIRECTION('ref_axis',(1.,0.,0.));
#6640=DIRECTION('center_axis',(0.,-1.,0.));
#6641=DIRECTION('ref_axis',(0.655921152380022,0.,-0.754829412424068));
#6642=DIRECTION('center_axis',(-0.057049790538513,0.998371334423977,4.79073355066635E-17));
#6643=DIRECTION('ref_axis',(0.998371334423977,0.057049790538513,1.38551855325405E-16));
#6644=DIRECTION('',(0.,1.,0.));
#6645=DIRECTION('center_axis',(0.,-1.,0.));
#6646=DIRECTION('ref_axis',(0.655921152380022,0.,-0.754829412424068));
#6647=DIRECTION('',(0.,-1.,0.));
#6648=DIRECTION('center_axis',(0.,1.,0.));
#6649=DIRECTION('ref_axis',(1.,0.,0.));
#6650=DIRECTION('center_axis',(0.057049790538513,-0.998371334423977,-4.79073355066635E-17));
#6651=DIRECTION('ref_axis',(0.998371334423977,0.057049790538513,0.));
#6652=DIRECTION('center_axis',(0.,1.,0.));
#6653=DIRECTION('ref_axis',(1.,0.,0.));
#6654=DIRECTION('',(0.,-1.,0.));
#6655=DIRECTION('center_axis',(0.,1.,0.));
#6656=DIRECTION('ref_axis',(1.,0.,0.));
#6657=DIRECTION('center_axis',(0.057049790538513,-0.998371334423977,-4.79073355066635E-17));
#6658=DIRECTION('ref_axis',(0.,4.79854878188227E-17,-1.));
#6659=DIRECTION('',(8.39746036829397E-16,0.,1.));
#6660=DIRECTION('',(8.39746036829397E-16,0.,1.));
#6661=DIRECTION('center_axis',(-0.057049790538513,0.998371334423977,4.79073355066635E-17));
#6662=DIRECTION('ref_axis',(0.998371334423977,0.057049790538513,0.));
#6663=DIRECTION('center_axis',(-0.057049790538513,0.998371334423977,4.79073355066635E-17));
#6664=DIRECTION('ref_axis',(0.998371334423977,0.0570497905385129,0.));
#6665=DIRECTION('center_axis',(-0.057049790538513,0.998371334423977,4.79073355066635E-17));
#6666=DIRECTION('ref_axis',(0.998371334423977,0.057049790538513,0.));
#6667=DIRECTION('center_axis',(0.057049790538513,-0.998371334423977,-4.79073355066635E-17));
#6668=DIRECTION('ref_axis',(-0.998371334423977,-0.057049790538513,3.87945194911134E-15));
#6669=DIRECTION('',(-8.39746036829397E-16,0.,-1.));
#6670=DIRECTION('center_axis',(0.,1.,0.));
#6671=DIRECTION('ref_axis',(0.309016994374948,0.,-0.951056516295154));
#6672=DIRECTION('center_axis',(0.,-1.,0.));
#6673=DIRECTION('ref_axis',(-0.94371405063965,0.,-0.330762438353125));
#6674=DIRECTION('center_axis',(0.,-1.,0.));
#6675=DIRECTION('ref_axis',(1.,0.,0.));
#6676=DIRECTION('center_axis',(0.,-1.,0.));
#6677=DIRECTION('ref_axis',(1.,0.,0.));
#6678=DIRECTION('center_axis',(0.,1.,0.));
#6679=DIRECTION('ref_axis',(0.417510642939113,0.,-0.908672032711786));
#6680=DIRECTION('',(-0.324036144549977,0.,-0.946044701388463));
#6681=DIRECTION('center_axis',(0.,-1.,0.));
#6682=DIRECTION('ref_axis',(-0.542428878575454,0.,0.840101726987497));
#6683=DIRECTION('',(-0.995570934256056,0.,0.0940133759872692));
#6684=DIRECTION('center_axis',(0.,-1.,0.));
#6685=DIRECTION('ref_axis',(0.770452454447523,0.,0.637497463081845));
#6686=DIRECTION('',(0.0940133759872691,0.,0.995570934256056));
#6687=DIRECTION('',(-8.39746036829397E-16,0.,-1.));
#6688=DIRECTION('center_axis',(0.,-1.,0.));
#6689=DIRECTION('ref_axis',(1.,0.,0.));
#6690=DIRECTION('center_axis',(0.,-1.,0.));
#6691=DIRECTION('ref_axis',(-0.994300883461722,0.,-0.106610286310653));
#6692=DIRECTION('',(0.,-1.,0.));
#6693=DIRECTION('',(0.,1.,0.));
#6694=DIRECTION('center_axis',(-0.0121062781124408,0.998460353205412,0.0541328098955459));
#6695=DIRECTION('ref_axis',(0.217913006023934,0.0554700196225229,-0.974390578119827));
#6696=DIRECTION('center_axis',(0.,-1.,0.));
#6697=DIRECTION('ref_axis',(1.,0.,0.));
#6698=DIRECTION('',(0.,-1.,0.));
#6699=DIRECTION('center_axis',(0.,-1.,0.));
#6700=DIRECTION('ref_axis',(1.,0.,0.));
#6701=DIRECTION('',(0.,1.,0.));
#6702=DIRECTION('center_axis',(0.,-1.,0.));
#6703=DIRECTION('ref_axis',(1.,0.,0.));
#6704=DIRECTION('',(0.,1.,0.));
#6705=DIRECTION('center_axis',(0.0121062781124408,-0.998460353205412,-0.0541328098955459));
#6706=DIRECTION('ref_axis',(0.,0.0541367772372701,-0.998533529407181));
#6707=DIRECTION('center_axis',(-0.0121062781124408,0.998460353205412,0.0541328098955459));
#6708=DIRECTION('ref_axis',(0.217913006023939,0.0554700196225229,-0.974390578119825));
#6709=DIRECTION('',(-0.975893108816676,0.,-0.218249032447163));
#6710=DIRECTION('center_axis',(0.0121062781124408,-0.998460353205412,-0.0541328098955459));
#6711=DIRECTION('ref_axis',(0.217913006023934,0.0554700196225229,-0.974390578119826));
#6712=DIRECTION('center_axis',(-0.0121062781124408,0.998460353205412,0.0541328098955459));
#6713=DIRECTION('ref_axis',(0.217913006023931,0.0554700196225229,-0.974390578119827));
#6714=DIRECTION('',(0.975893108816676,0.,0.218249032447163));
#6715=DIRECTION('center_axis',(-0.0121062781124408,0.998460353205412,0.0541328098955459));
#6716=DIRECTION('ref_axis',(0.217913006023939,0.0554700196225229,-0.974390578119825));
#6717=DIRECTION('center_axis',(0.,1.,0.));
#6718=DIRECTION('ref_axis',(-0.927644657551442,0.,0.373464040191646));
#6719=DIRECTION('',(0.,-1.,0.));
#6720=DIRECTION('',(0.,1.,0.));
#6721=DIRECTION('center_axis',(0.,-1.,0.));
#6722=DIRECTION('ref_axis',(1.,0.,0.));
#6723=DIRECTION('center_axis',(0.,1.,0.));
#6724=DIRECTION('ref_axis',(1.,0.,0.));
#6725=DIRECTION('',(0.,1.,0.));
#6726=DIRECTION('',(0.,-1.,0.));
#6727=DIRECTION('center_axis',(0.,1.,0.));
#6728=DIRECTION('ref_axis',(1.,0.,0.));
#6729=DIRECTION('',(0.,-1.,0.));
#6730=DIRECTION('',(0.,1.,0.));
#6731=DIRECTION('center_axis',(0.,-1.,0.));
#6732=DIRECTION('ref_axis',(1.,0.,0.));
#6733=DIRECTION('center_axis',(0.,1.,0.));
#6734=DIRECTION('ref_axis',(1.,0.,0.));
#6735=DIRECTION('center_axis',(0.,1.,0.));
#6736=DIRECTION('ref_axis',(1.,0.,0.));
#6737=DIRECTION('',(0.,-1.,0.));
#6738=DIRECTION('',(0.,1.,0.));
#6739=DIRECTION('center_axis',(0.,1.,0.));
#6740=DIRECTION('ref_axis',(1.,0.,0.));
#6741=DIRECTION('',(0.,-1.,0.));
#6742=DIRECTION('',(0.,1.,0.));
#6743=DIRECTION('center_axis',(0.,-1.,0.));
#6744=DIRECTION('ref_axis',(1.,0.,0.));
#6745=DIRECTION('center_axis',(0.,-1.,0.));
#6746=DIRECTION('ref_axis',(-0.535326352749262,0.,-0.844645307837659));
#6747=DIRECTION('',(0.,-1.,0.));
#6748=DIRECTION('',(0.,-1.,0.));
#6749=DIRECTION('center_axis',(-0.218249032447163,0.,0.975893108816676));
#6750=DIRECTION('ref_axis',(0.975893108816676,0.,0.218249032447163));
#6751=DIRECTION('center_axis',(0.,1.,0.));
#6752=DIRECTION('ref_axis',(0.196330814528459,0.,0.980537715371822));
#6753=DIRECTION('',(0.,1.,0.));
#6754=DIRECTION('center_axis',(0.57490257388545,0.,-0.818221871218244));
#6755=DIRECTION('ref_axis',(0.818221871218244,0.,0.57490257388545));
#6756=DIRECTION('',(0.,-1.,0.));
#6757=DIRECTION('center_axis',(0.,-1.,0.));
#6758=DIRECTION('ref_axis',(-0.998020736179309,0.,-0.0628856911873388));
#6759=DIRECTION('',(0.,1.,0.));
#6760=DIRECTION('',(0.,-1.,0.));
#6761=DIRECTION('center_axis',(-0.750174128995349,0.,0.661240331639011));
#6762=DIRECTION('ref_axis',(-0.661240331639011,0.,-0.750174128995349));
#6763=DIRECTION('center_axis',(-0.661240331639011,0.,-0.750174128995349));
#6764=DIRECTION('ref_axis',(0.750174128995349,0.,-0.661240331639011));
#6765=DIRECTION('',(0.,1.,0.));
#6766=DIRECTION('center_axis',(0.,-1.,0.));
#6767=DIRECTION('ref_axis',(-0.0549652245414015,0.,-0.998488269380824));
#6768=DIRECTION('center_axis',(0.,1.,0.));
#6769=DIRECTION('ref_axis',(-0.871877225468763,0.,0.489724518182306));
#6770=DIRECTION('',(0.,1.,0.));
#6771=DIRECTION('center_axis',(0.955829907837828,0.,0.293920375752906));
#6772=DIRECTION('ref_axis',(-0.293920375752906,0.,0.955829907837828));
#6773=DIRECTION('',(0.,-1.,0.));
#6774=DIRECTION('center_axis',(0.,-1.,0.));
#6775=DIRECTION('ref_axis',(-0.248597521832561,0.,-0.968606871820921));
#6776=DIRECTION('',(0.,1.,0.));
#6777=DIRECTION('',(0.,-1.,0.));
#6778=DIRECTION('center_axis',(-0.860693480842437,0.,-0.509123493894487));
#6779=DIRECTION('ref_axis',(0.509123493894487,0.,-0.860693480842437));
#6780=DIRECTION('center_axis',(0.509123493894487,0.,-0.860693480842437));
#6781=DIRECTION('ref_axis',(0.860693480842437,0.,0.509123493894487));
#6782=DIRECTION('',(0.,1.,0.));
#6783=DIRECTION('center_axis',(0.,-1.,0.));
#6784=DIRECTION('ref_axis',(0.932633586555975,0.,-0.360824878892431));
#6785=DIRECTION('center_axis',(0.,1.,0.));
#6786=DIRECTION('ref_axis',(-0.735180573885112,0.,-0.67787131801099));
#6787=DIRECTION('',(0.,1.,0.));
#6788=DIRECTION('center_axis',(0.0158327966220067,0.,0.999874653419681));
#6789=DIRECTION('ref_axis',(-0.999874653419681,0.,0.0158327966220067));
#6790=DIRECTION('',(0.,-1.,0.));
#6791=DIRECTION('center_axis',(0.,-1.,0.));
#6792=DIRECTION('ref_axis',(0.844379018167792,0.,-0.535746277334706));
#6793=DIRECTION('',(0.,1.,0.));
#6794=DIRECTION('',(0.,-1.,0.));
#6795=DIRECTION('center_axis',(0.218236303939266,0.,-0.975895955336904));
#6796=DIRECTION('ref_axis',(0.975895955336904,0.,0.218236303939266));
#6797=DIRECTION('center_axis',(0.975895955336904,0.,0.218236303939266));
#6798=DIRECTION('ref_axis',(-0.218236303939266,0.,0.975895955336904));
#6799=DIRECTION('',(0.,1.,0.));
#6800=DIRECTION('center_axis',(0.,-1.,0.));
#6801=DIRECTION('ref_axis',(0.631364480082712,0.,0.775486230238737));
#6802=DIRECTION('center_axis',(0.,1.,0.));
#6803=DIRECTION('ref_axis',(0.417510642939113,0.,-0.908672032711786));
#6804=DIRECTION('center_axis',(0.,-1.,0.));
#6805=DIRECTION('ref_axis',(0.417510642939113,0.,-0.908672032711786));
#6806=DIRECTION('',(0.,1.,0.));
#6807=DIRECTION('center_axis',(-0.946044701388463,0.,0.324036144549977));
#6808=DIRECTION('ref_axis',(-0.324036144549977,0.,-0.946044701388463));
#6809=DIRECTION('',(-0.324036144549977,0.,-0.946044701388463));
#6810=DIRECTION('',(0.,-1.,0.));
#6811=DIRECTION('center_axis',(0.,-1.,0.));
#6812=DIRECTION('ref_axis',(0.770452454447523,0.,0.637497463081845));
#6813=DIRECTION('center_axis',(0.,1.,0.));
#6814=DIRECTION('ref_axis',(0.770452454447523,0.,0.637497463081845));
#6815=DIRECTION('',(0.,1.,0.));
#6816=DIRECTION('',(0.,-1.,0.));
#6817=DIRECTION('center_axis',(0.0940133759872692,0.,0.995570934256056));
#6818=DIRECTION('ref_axis',(-0.995570934256056,0.,0.0940133759872692));
#6819=DIRECTION('',(0.,1.,0.));
#6820=DIRECTION('',(-0.995570934256056,0.,0.0940133759872692));
#6821=DIRECTION('center_axis',(0.,1.,0.));
#6822=DIRECTION('ref_axis',(-0.309016994374948,0.,0.951056516295154));
#6823=DIRECTION('center_axis',(0.,1.,0.));
#6824=DIRECTION('ref_axis',(1.,0.,0.));
#6825=DIRECTION('',(0.0940133759872691,0.,0.995570934256056));
#6826=DIRECTION('center_axis',(0.,1.,0.));
#6827=DIRECTION('ref_axis',(-0.542428878575454,0.,0.840101726987497));
#6828=DIRECTION('center_axis',(0.,1.,0.));
#6829=DIRECTION('ref_axis',(1.,0.,0.));
#6830=DIRECTION('center_axis',(0.,1.,0.));
#6831=DIRECTION('ref_axis',(0.309016994374948,0.,-0.951056516295154));
#6832=DIRECTION('',(0.,1.,0.));
#6833=DIRECTION('center_axis',(0.995570934256056,0.,-0.0940133759872692));
#6834=DIRECTION('ref_axis',(0.0940133759872692,0.,0.995570934256056));
#6835=DIRECTION('',(0.,-1.,0.));
#6836=DIRECTION('center_axis',(0.,-1.,0.));
#6837=DIRECTION('ref_axis',(-0.542428878575454,0.,0.840101726987497));
#6838=DIRECTION('center_axis',(0.,1.,0.));
#6839=DIRECTION('ref_axis',(1.,0.,0.));
#6840=DIRECTION('center_axis',(0.,-1.,0.));
#6841=DIRECTION('ref_axis',(-0.368213214603445,0.,0.929741377261116));
#6842=DIRECTION('center_axis',(0.,1.,0.));
#6843=DIRECTION('ref_axis',(-0.368213214603445,0.,0.929741377261116));
#6844=DIRECTION('',(0.,1.,0.));
#6845=DIRECTION('center_axis',(0.,-1.,0.));
#6846=DIRECTION('ref_axis',(-0.368213214603445,0.,0.929741377261116));
#6847=DIRECTION('',(0.,-1.,0.));
#6848=DIRECTION('center_axis',(0.,1.,0.));
#6849=DIRECTION('ref_axis',(1.,0.,0.));
#6850=DIRECTION('',(-0.917792493579648,0.,0.397060371642463));
#6851=DIRECTION('',(0.935460883467433,0.,-0.353430241352279));
#6852=DIRECTION('center_axis',(0.,-1.,0.));
#6853=DIRECTION('ref_axis',(0.929558172275922,0.,0.368675472950191));
#6854=DIRECTION('center_axis',(0.,1.,0.));
#6855=DIRECTION('ref_axis',(1.,0.,0.));
#6856=DIRECTION('center_axis',(0.,-1.,0.));
#6857=DIRECTION('ref_axis',(-0.698638131005773,0.,-0.7154752000627));
#6858=DIRECTION('center_axis',(0.,-1.,0.));
#6859=DIRECTION('ref_axis',(1.,0.,0.));
#6860=DIRECTION('center_axis',(0.,-1.,0.));
#6861=DIRECTION('ref_axis',(1.,0.,0.));
#6862=DIRECTION('center_axis',(0.,1.,0.));
#6863=DIRECTION('ref_axis',(0.993216341886304,0.,0.116281117168648));
#6864=DIRECTION('',(0.79960930250432,0.,-0.600520576956822));
#6865=DIRECTION('center_axis',(0.,-1.,0.));
#6866=DIRECTION('ref_axis',(-0.966603963521832,0.,-0.256274808952979));
#6867=DIRECTION('',(-0.397060371642464,0.,-0.917792493579648));
#6868=DIRECTION('center_axis',(0.,-1.,0.));
#6869=DIRECTION('ref_axis',(1.,0.,0.));
#6870=DIRECTION('center_axis',(0.397060371642464,0.,0.917792493579648));
#6871=DIRECTION('ref_axis',(-0.917792493579648,0.,0.397060371642464));
#6872=DIRECTION('',(-0.917792493579648,0.,0.397060371642463));
#6873=DIRECTION('',(0.,1.,0.));
#6874=DIRECTION('center_axis',(0.,1.,0.));
#6875=DIRECTION('ref_axis',(0.993216341886304,0.,0.116281117168648));
#6876=DIRECTION('center_axis',(0.,-1.,0.));
#6877=DIRECTION('ref_axis',(0.993216341886304,0.,0.116281117168648));
#6878=DIRECTION('',(0.,1.,0.));
#6879=DIRECTION('',(0.,-1.,0.));
#6880=DIRECTION('center_axis',(-0.600520576956822,0.,-0.79960930250432));
#6881=DIRECTION('ref_axis',(0.79960930250432,0.,-0.600520576956822));
#6882=DIRECTION('',(0.79960930250432,0.,-0.600520576956822));
#6883=DIRECTION('',(0.,-1.,0.));
#6884=DIRECTION('center_axis',(-0.917792493579648,0.,0.397060371642464));
#6885=DIRECTION('ref_axis',(-0.397060371642464,0.,-0.917792493579648));
#6886=DIRECTION('',(0.,1.,0.));
#6887=DIRECTION('',(-0.397060371642464,0.,-0.917792493579648));
#6888=DIRECTION('center_axis',(0.,1.,0.));
#6889=DIRECTION('ref_axis',(1.,0.,0.));
#6890=DIRECTION('',(0.,1.,0.));
#6891=DIRECTION('center_axis',(-0.0196047824230039,0.998460353205412,-0.0518900335620411));
#6892=DIRECTION('ref_axis',(0.352886083614053,0.0554700196225229,0.934020604116747));
#6893=DIRECTION('',(0.,1.,0.));
#6894=DIRECTION('center_axis',(0.,1.,0.));
#6895=DIRECTION('ref_axis',(1.,0.,0.));
#6896=DIRECTION('center_axis',(0.,1.,0.));
#6897=DIRECTION('ref_axis',(1.,0.,0.));
#6898=DIRECTION('center_axis',(0.,1.,0.));
#6899=DIRECTION('ref_axis',(1.,0.,0.));
#6900=DIRECTION('',(0.,1.,0.));
#6901=DIRECTION('center_axis',(0.,-1.,0.));
#6902=DIRECTION('ref_axis',(1.,0.,0.));
#6903=DIRECTION('center_axis',(-0.0196047824230039,0.998460353205412,-0.0518900335620411));
#6904=DIRECTION('ref_axis',(0.352886083614063,0.0554700196225229,0.934020604116743));
#6905=DIRECTION('',(0.,-1.,0.));
#6906=DIRECTION('center_axis',(0.,-1.,0.));
#6907=DIRECTION('ref_axis',(1.,0.,0.));
#6908=DIRECTION('center_axis',(0.,1.,0.));
#6909=DIRECTION('ref_axis',(1.,0.,0.));
#6910=DIRECTION('center_axis',(-0.0196047824230039,0.998460353205412,-0.0518900335620411));
#6911=DIRECTION('ref_axis',(0.352886083614053,0.0554700196225229,0.934020604116747));
#6912=DIRECTION('center_axis',(0.,1.,0.));
#6913=DIRECTION('ref_axis',(1.,0.,0.));
#6914=DIRECTION('center_axis',(0.,1.,0.));
#6915=DIRECTION('ref_axis',(-1.,0.,0.));
#6916=DIRECTION('center_axis',(0.,1.,0.));
#6917=DIRECTION('ref_axis',(-0.966603963521832,0.,-0.256274808952979));
#6918=DIRECTION('center_axis',(0.,-1.,0.));
#6919=DIRECTION('ref_axis',(0.929558172275922,0.,0.368675472950191));
#6920=DIRECTION('center_axis',(-0.0196047824230039,0.998460353205412,-0.0518900335620411));
#6921=DIRECTION('ref_axis',(0.352886083614064,0.0554700196225229,0.934020604116742));
#6922=DIRECTION('',(0.,1.,0.));
#6923=DIRECTION('',(0.,-1.,0.));
#6924=DIRECTION('center_axis',(-0.353430241352279,0.,-0.935460883467433));
#6925=DIRECTION('ref_axis',(-0.935460883467433,0.,0.353430241352279));
#6926=DIRECTION('',(-0.935460883467433,0.,0.353430241352279));
#6927=DIRECTION('center_axis',(0.,-1.,0.));
#6928=DIRECTION('ref_axis',(-0.966603963521832,0.,-0.256274808952979));
#6929=DIRECTION('center_axis',(0.,-1.,0.));
#6930=DIRECTION('ref_axis',(-1.,0.,0.));
#6931=DIRECTION('center_axis',(0.,-1.,0.));
#6932=DIRECTION('ref_axis',(-1.,0.,0.));
#6933=DIRECTION('',(-0.707106781186548,0.707106781186548,-8.65956056235493E-17));
#6934=DIRECTION('center_axis',(0.,1.,0.));
#6935=DIRECTION('ref_axis',(-1.,0.,0.));
#6936=DIRECTION('center_axis',(0.,-1.,0.));
#6937=DIRECTION('ref_axis',(-1.,0.,0.));
#6938=DIRECTION('center_axis',(0.,-1.,0.));
#6939=DIRECTION('ref_axis',(-1.,0.,0.));
#6940=DIRECTION('',(0.,-1.,0.));
#6941=DIRECTION('center_axis',(0.,1.,0.));
#6942=DIRECTION('ref_axis',(1.,0.,0.));
#6943=DIRECTION('center_axis',(0.,1.,0.));
#6944=DIRECTION('ref_axis',(1.,0.,0.));
#6945=DIRECTION('center_axis',(0.,1.,0.));
#6946=DIRECTION('ref_axis',(1.,0.,0.));
#6947=DIRECTION('center_axis',(0.,1.,0.));
#6948=DIRECTION('ref_axis',(1.,0.,0.));
#6949=DIRECTION('center_axis',(0.,1.,0.));
#6950=DIRECTION('ref_axis',(1.,0.,0.));
#6951=DIRECTION('center_axis',(0.,1.,0.));
#6952=DIRECTION('ref_axis',(1.,0.,0.));
#6953=DIRECTION('center_axis',(0.,1.,0.));
#6954=DIRECTION('ref_axis',(1.,0.,0.));
#6955=DIRECTION('center_axis',(0.,1.,0.));
#6956=DIRECTION('ref_axis',(1.,0.,0.));
#6957=DIRECTION('center_axis',(0.,1.,0.));
#6958=DIRECTION('ref_axis',(1.,0.,0.));
#6959=DIRECTION('center_axis',(0.,1.,0.));
#6960=DIRECTION('ref_axis',(1.,0.,0.));
#6961=DIRECTION('center_axis',(0.,1.,0.));
#6962=DIRECTION('ref_axis',(1.,0.,0.));
#6963=DIRECTION('center_axis',(0.,-1.,0.));
#6964=DIRECTION('ref_axis',(1.,0.,0.));
#6965=DIRECTION('center_axis',(0.,-1.,0.));
#6966=DIRECTION('ref_axis',(1.,0.,0.));
#6967=DIRECTION('center_axis',(0.,-1.,0.));
#6968=DIRECTION('ref_axis',(1.,0.,0.));
#6969=DIRECTION('center_axis',(0.,-1.,0.));
#6970=DIRECTION('ref_axis',(1.,0.,0.));
#6971=DIRECTION('',(0.707106781186548,0.707106781186547,8.65956056235494E-17));
#6972=DIRECTION('center_axis',(0.,1.,0.));
#6973=DIRECTION('ref_axis',(1.,0.,0.));
#6974=DIRECTION('center_axis',(0.,1.,0.));
#6975=DIRECTION('ref_axis',(1.,0.,0.));
#6976=DIRECTION('',(0.,1.,0.));
#6977=DIRECTION('center_axis',(0.,-1.,0.));
#6978=DIRECTION('ref_axis',(1.,0.,0.));
#6979=DIRECTION('center_axis',(0.,-1.,0.));
#6980=DIRECTION('ref_axis',(1.,0.,0.));
#6981=DIRECTION('',(0.707106781186548,0.707106781186547,8.65956056235494E-17));
#6982=DIRECTION('center_axis',(0.,1.,0.));
#6983=DIRECTION('ref_axis',(1.,0.,0.));
#6984=DIRECTION('center_axis',(0.,1.,0.));
#6985=DIRECTION('ref_axis',(1.,0.,0.));
#6986=DIRECTION('',(0.,1.,0.));
#6987=DIRECTION('center_axis',(0.,-1.,0.));
#6988=DIRECTION('ref_axis',(1.,0.,0.));
#6989=DIRECTION('center_axis',(0.,-1.,0.));
#6990=DIRECTION('ref_axis',(1.,0.,0.));
#6991=DIRECTION('',(0.707106781186548,0.707106781186547,8.65956056235494E-17));
#6992=DIRECTION('center_axis',(0.,1.,0.));
#6993=DIRECTION('ref_axis',(1.,0.,0.));
#6994=DIRECTION('center_axis',(0.,1.,0.));
#6995=DIRECTION('ref_axis',(1.,0.,0.));
#6996=DIRECTION('',(0.,1.,0.));
#6997=DIRECTION('center_axis',(0.,-1.,0.));
#6998=DIRECTION('ref_axis',(1.,0.,0.));
#6999=DIRECTION('center_axis',(0.,1.,0.));
#7000=DIRECTION('ref_axis',(-0.94371405063965,0.,-0.330762438353125));
#7001=DIRECTION('center_axis',(0.,1.,0.));
#7002=DIRECTION('ref_axis',(-0.94371405063965,0.,-0.330762438353125));
#7003=DIRECTION('',(0.,1.,0.));
#7004=DIRECTION('center_axis',(0.,1.,0.));
#7005=DIRECTION('ref_axis',(0.818512746371509,0.,-0.574488367181939));
#7006=DIRECTION('',(0.,-1.,0.));
#7007=DIRECTION('',(0.,1.,0.));
#7008=DIRECTION('center_axis',(0.,1.,0.));
#7009=DIRECTION('ref_axis',(-0.951056516295154,0.,0.309016994374947));
#7010=DIRECTION('',(0.,-1.,0.));
#7011=DIRECTION('center_axis',(0.,1.,0.));
#7012=DIRECTION('ref_axis',(1.,0.,0.));
#7013=DIRECTION('center_axis',(0.,1.,0.));
#7014=DIRECTION('ref_axis',(0.324514932083934,0.,0.945880573251486));
#7015=DIRECTION('',(0.,-1.,0.));
#7016=DIRECTION('',(0.,1.,0.));
#7017=DIRECTION('center_axis',(0.309016994374948,0.,-0.951056516295154));
#7018=DIRECTION('ref_axis',(-0.951056516295153,0.,-0.309016994374948));
#7019=DIRECTION('',(0.,-1.,0.));
#7020=DIRECTION('center_axis',(0.,1.,0.));
#7021=DIRECTION('ref_axis',(0.999866511770188,0.,-0.016338869009678));
#7022=DIRECTION('',(0.,1.,0.));
#7023=DIRECTION('center_axis',(-0.809016994374947,0.,-0.587785252292474));
#7024=DIRECTION('ref_axis',(-0.587785252292474,0.,0.809016994374947));
#7025=DIRECTION('',(0.,-1.,0.));
#7026=DIRECTION('center_axis',(0.,1.,0.));
#7027=DIRECTION('ref_axis',(0.0934815522390143,0.,0.995621011927221));
#7028=DIRECTION('center_axis',(0.,1.,0.));
#7029=DIRECTION('ref_axis',(-0.606197451819484,0.,0.795314182828122));
#7030=DIRECTION('',(0.,-1.,0.));
#7031=DIRECTION('center_axis',(0.,1.,0.));
#7032=DIRECTION('ref_axis',(-0.606197451819484,0.,0.795314182828122));
#7033=DIRECTION('',(0.,1.,0.));
#7034=DIRECTION('center_axis',(0.,1.,0.));
#7035=DIRECTION('ref_axis',(-0.931311064557986,0.,0.364224794641814));
#7036=DIRECTION('center_axis',(0.,1.,0.));
#7037=DIRECTION('ref_axis',(1.,0.,0.));
#7038=DIRECTION('center_axis',(0.,1.,0.));
#7039=DIRECTION('ref_axis',(-0.293436556402839,0.,-0.9559785496372));
#7040=DIRECTION('',(0.,-1.,0.));
#7041=DIRECTION('',(0.,1.,0.));
#7042=DIRECTION('center_axis',(0.,1.,0.));
#7043=DIRECTION('ref_axis',(1.,0.,0.));
#7044=DIRECTION('',(0.,-1.,0.));
#7045=DIRECTION('center_axis',(0.,1.,0.));
#7046=DIRECTION('ref_axis',(1.,0.,0.));
#7047=DIRECTION('center_axis',(0.,1.,0.));
#7048=DIRECTION('ref_axis',(0.975779239456164,0.,0.218757573231992));
#7049=DIRECTION('',(0.,-1.,0.));
#7050=DIRECTION('center_axis',(0.,1.,0.));
#7051=DIRECTION('ref_axis',(0.569063421521632,0.,0.822293635075752));
#7052=DIRECTION('',(0.,-1.,0.));
#7053=DIRECTION('center_axis',(0.,1.,0.));
#7054=DIRECTION('ref_axis',(0.569063421521632,0.,0.822293635075752));
#7055=DIRECTION('',(0.,1.,0.));
#7056=DIRECTION('center_axis',(0.,1.,0.));
#7057=DIRECTION('ref_axis',(1.,0.,0.));
#7058=DIRECTION('center_axis',(0.,1.,0.));
#7059=DIRECTION('ref_axis',(1.,0.,0.));
#7060=DIRECTION('center_axis',(0.,1.,0.));
#7061=DIRECTION('ref_axis',(0.29343655640284,0.,-0.955978549637199));
#7062=DIRECTION('',(0.,1.,0.));
#7063=DIRECTION('center_axis',(-0.809016994374948,0.,0.587785252292473));
#7064=DIRECTION('ref_axis',(0.587785252292473,0.,0.809016994374948));
#7065=DIRECTION('center_axis',(0.,1.,0.));
#7066=DIRECTION('ref_axis',(-0.999866511770188,0.,-0.0163388690096789));
#7067=DIRECTION('',(0.,-1.,0.));
#7068=DIRECTION('',(0.,1.,0.));
#7069=DIRECTION('center_axis',(0.,1.,0.));
#7070=DIRECTION('ref_axis',(1.,0.,0.));
#7071=DIRECTION('',(0.,-1.,0.));
#7072=DIRECTION('center_axis',(0.,1.,0.));
#7073=DIRECTION('ref_axis',(1.,0.,0.));
#7074=DIRECTION('center_axis',(0.,1.,0.));
#7075=DIRECTION('ref_axis',(-0.324514932083934,0.,0.945880573251486));
#7076=DIRECTION('',(0.,-1.,0.));
#7077=DIRECTION('',(0.,1.,0.));
#7078=DIRECTION('center_axis',(0.,1.,0.));
#7079=DIRECTION('ref_axis',(1.,0.,0.));
#7080=DIRECTION('',(0.,-1.,0.));
#7081=DIRECTION('center_axis',(0.,1.,0.));
#7082=DIRECTION('ref_axis',(1.,0.,0.));
#7083=DIRECTION('center_axis',(0.,1.,0.));
#7084=DIRECTION('ref_axis',(-0.818512746371508,0.,-0.57448836718194));
#7085=DIRECTION('',(0.,1.,0.));
#7086=DIRECTION('center_axis',(0.309016994374947,0.,0.951056516295154));
#7087=DIRECTION('ref_axis',(0.951056516295154,0.,-0.309016994374947));
#7088=DIRECTION('',(0.,-1.,0.));
#7089=DIRECTION('center_axis',(0.,1.,0.));
#7090=DIRECTION('ref_axis',(0.509583183261417,0.,-0.860421396373405));
#7091=DIRECTION('center_axis',(0.,1.,0.));
#7092=DIRECTION('ref_axis',(0.957897988074161,0.,-0.287108767618605));
#7093=DIRECTION('center_axis',(0.,1.,0.));
#7094=DIRECTION('ref_axis',(0.957897988074161,0.,-0.287108767618605));
#7095=DIRECTION('',(0.,1.,0.));
#7096=DIRECTION('center_axis',(0.,1.,0.));
#7097=DIRECTION('ref_axis',(-0.660839512105242,0.,-0.750527240838403));
#7098=DIRECTION('',(0.,-1.,0.));
#7099=DIRECTION('center_axis',(0.0196047824230039,-0.998460353205412,0.0518900335620411));
#7100=DIRECTION('ref_axis',(-0.352886083614077,-0.0554700196225229,-0.934020604116738));
#7101=DIRECTION('center_axis',(0.,1.,0.));
#7102=DIRECTION('ref_axis',(-0.698638131005773,0.,-0.7154752000627));
#7103=DIRECTION('',(0.,-1.,0.));
#7104=DIRECTION('center_axis',(0.,1.,0.));
#7105=DIRECTION('ref_axis',(-0.698638131005773,0.,-0.7154752000627));
#7106=DIRECTION('',(0.,1.,0.));
#7107=DIRECTION('center_axis',(0.,1.,0.));
#7108=DIRECTION('ref_axis',(1.,0.,0.));
#7109=DIRECTION('center_axis',(0.0196047824230039,-0.998460353205412,0.0518900335620411));
#7110=DIRECTION('ref_axis',(0.352886083614066,0.0554700196225229,0.934020604116742));
#7111=DIRECTION('center_axis',(0.,1.,0.));
#7112=DIRECTION('ref_axis',(1.,0.,0.));
#7113=DIRECTION('center_axis',(0.,-1.,0.));
#7114=DIRECTION('ref_axis',(0.,0.,-1.));
#7115=DIRECTION('center_axis',(0.,1.,0.));
#7116=DIRECTION('ref_axis',(1.,0.,0.));
#7117=DIRECTION('center_axis',(0.,1.,0.));
#7118=DIRECTION('ref_axis',(-0.799305253885454,0.,0.600925212577331));
#7119=DIRECTION('',(0.,1.,0.));
#7120=DIRECTION('center_axis',(1.,0.,1.20733955305673E-16));
#7121=DIRECTION('ref_axis',(1.20733955305673E-16,0.,-1.));
#7122=DIRECTION('center_axis',(0.,1.,0.));
#7123=DIRECTION('ref_axis',(-0.918004462851354,0.,0.396570052052593));
#7124=DIRECTION('center_axis',(-1.,0.,8.39746036829397E-16));
#7125=DIRECTION('ref_axis',(8.39746036829397E-16,0.,1.));
#7126=DIRECTION('center_axis',(0.0196047824230039,-0.998460353205412,0.0518900335620411));
#7127=DIRECTION('ref_axis',(0.,-0.0519000083396466,-0.9986522864012));
#7128=DIRECTION('',(0.935460883467433,0.,-0.353430241352279));
#7129=DIRECTION('center_axis',(0.,1.,0.));
#7130=DIRECTION('ref_axis',(1.,0.,0.));
#7131=DIRECTION('center_axis',(0.,-1.,0.));
#7132=DIRECTION('ref_axis',(1.,0.,0.));
#7133=DIRECTION('center_axis',(0.,1.,0.));
#7134=DIRECTION('ref_axis',(1.,0.,0.));
#7135=DIRECTION('center_axis',(0.,-1.,0.));
#7136=DIRECTION('ref_axis',(1.,0.,0.));
#7137=DIRECTION('center_axis',(0.,1.,0.));
#7138=DIRECTION('ref_axis',(1.,0.,0.));
#7139=DIRECTION('center_axis',(0.,-1.,0.));
#7140=DIRECTION('ref_axis',(1.,0.,0.));
#7141=DIRECTION('center_axis',(0.,1.,0.));
#7142=DIRECTION('ref_axis',(1.,0.,0.));
#7143=DIRECTION('center_axis',(0.,-1.,0.));
#7144=DIRECTION('ref_axis',(1.,0.,0.));
#7145=DIRECTION('center_axis',(0.,1.,0.));
#7146=DIRECTION('ref_axis',(1.,0.,0.));
#7147=DIRECTION('center_axis',(0.,-1.,0.));
#7148=DIRECTION('ref_axis',(1.,0.,0.));
#7149=DIRECTION('center_axis',(0.,-1.,0.));
#7150=DIRECTION('ref_axis',(0.,0.,-1.));
#7151=DIRECTION('center_axis',(0.,-1.,0.));
#7152=DIRECTION('ref_axis',(0.,0.,-1.));
#7153=DIRECTION('center_axis',(0.,-1.,0.));
#7154=DIRECTION('ref_axis',(0.,0.,-1.));
#7155=DIRECTION('center_axis',(0.,-1.,0.));
#7156=DIRECTION('ref_axis',(0.,0.,-1.));
#7157=DIRECTION('center_axis',(0.,-1.,0.));
#7158=DIRECTION('ref_axis',(0.,0.,-1.));
#7159=DIRECTION('center_axis',(0.,-1.,0.));
#7160=DIRECTION('ref_axis',(0.,0.,-1.));
#7161=DIRECTION('center_axis',(0.,1.,0.));
#7162=DIRECTION('ref_axis',(1.,0.,0.));
#7163=DIRECTION('center_axis',(0.,-1.,0.));
#7164=DIRECTION('ref_axis',(0.,0.,-1.));
#7165=DIRECTION('center_axis',(0.,1.,0.));
#7166=DIRECTION('ref_axis',(1.,0.,0.));
#7167=DIRECTION('center_axis',(0.,-1.,0.));
#7168=DIRECTION('ref_axis',(0.,0.,-1.));
#7169=DIRECTION('center_axis',(0.,1.,0.));
#7170=DIRECTION('ref_axis',(1.,0.,0.));
#7171=DIRECTION('center_axis',(0.,-1.,0.));
#7172=DIRECTION('ref_axis',(0.,0.,-1.));
#7173=DIRECTION('center_axis',(0.,1.,0.));
#7174=DIRECTION('ref_axis',(1.,0.,0.));
#7175=DIRECTION('center_axis',(0.809016994374948,0.,-0.587785252292473));
#7176=DIRECTION('ref_axis',(-0.587785252292473,0.,-0.809016994374948));
#7177=DIRECTION('center_axis',(-0.309016994374947,0.,-0.951056516295154));
#7178=DIRECTION('ref_axis',(-0.951056516295154,0.,0.309016994374947));
#7179=DIRECTION('center_axis',(0.809016994374947,0.,0.587785252292473));
#7180=DIRECTION('ref_axis',(0.587785252292473,0.,-0.809016994374947));
#7181=DIRECTION('center_axis',(-1.,0.,0.));
#7182=DIRECTION('ref_axis',(0.,0.,1.));
#7183=DIRECTION('',(0.,1.,0.));
#7184=DIRECTION('center_axis',(-0.309016994374948,0.,0.951056516295154));
#7185=DIRECTION('ref_axis',(0.951056516295153,0.,0.309016994374948));
#7186=DIRECTION('center_axis',(0.,1.,0.));
#7187=DIRECTION('ref_axis',(1.,0.,0.));
#7188=DIRECTION('center_axis',(0.,1.,0.));
#7189=DIRECTION('ref_axis',(1.,0.,0.));
#7190=DIRECTION('center_axis',(0.,1.,0.));
#7191=DIRECTION('ref_axis',(1.,0.,0.));
#7192=DIRECTION('axis',(0.,0.,1.));
#7193=DIRECTION('refdir',(1.,0.,0.));
#7194=DIRECTION('center_axis',(0.,1.,0.));
#7195=DIRECTION('ref_axis',(-0.996307585787785,0.,-0.0858556608600437));
#7196=DIRECTION('center_axis',(0.,-1.,0.));
#7197=DIRECTION('ref_axis',(-0.996307585787785,0.,-0.0858556608600437));
#7198=DIRECTION('',(0.,1.,0.));
#7199=DIRECTION('center_axis',(0.,1.,0.));
#7200=DIRECTION('ref_axis',(-0.996307585787785,0.,-0.0858556608600437));
#7201=DIRECTION('',(0.,-1.,0.));
#7202=DIRECTION('center_axis',(0.,1.,0.));
#7203=DIRECTION('ref_axis',(1.,0.,0.));
#7204=DIRECTION('center_axis',(0.,-1.,0.));
#7205=DIRECTION('ref_axis',(1.,0.,0.));
#7206=DIRECTION('',(0.,-1.,0.));
#7207=DIRECTION('center_axis',(0.,-1.,0.));
#7208=DIRECTION('ref_axis',(1.,0.,0.));
#7209=DIRECTION('',(0.,1.,0.));
#7210=DIRECTION('center_axis',(0.,1.,0.));
#7211=DIRECTION('ref_axis',(0.309016994374947,0.,0.951056516295154));
#7212=DIRECTION('',(0.,-1.,0.));
#7213=DIRECTION('center_axis',(0.,-1.,0.));
#7214=DIRECTION('ref_axis',(0.309016994374947,0.,0.951056516295154));
#7215=DIRECTION('',(0.,1.,0.));
#7216=DIRECTION('center_axis',(0.,1.,0.));
#7217=DIRECTION('ref_axis',(-0.809016994374948,0.,0.587785252292473));
#7218=DIRECTION('',(0.,-1.,0.));
#7219=DIRECTION('center_axis',(0.,-1.,0.));
#7220=DIRECTION('ref_axis',(-0.809016994374948,0.,0.587785252292473));
#7221=DIRECTION('',(0.,1.,0.));
#7222=DIRECTION('center_axis',(0.,1.,0.));
#7223=DIRECTION('ref_axis',(-0.809016994374947,0.,-0.587785252292473));
#7224=DIRECTION('',(0.,-1.,0.));
#7225=DIRECTION('center_axis',(0.,-1.,0.));
#7226=DIRECTION('ref_axis',(-0.809016994374947,0.,-0.587785252292473));
#7227=DIRECTION('',(0.,1.,0.));
#7228=DIRECTION('center_axis',(0.,1.,0.));
#7229=DIRECTION('ref_axis',(0.309016994374947,0.,-0.951056516295154));
#7230=DIRECTION('',(0.,-1.,0.));
#7231=DIRECTION('center_axis',(0.,-1.,0.));
#7232=DIRECTION('ref_axis',(0.309016994374947,0.,-0.951056516295154));
#7233=DIRECTION('center_axis',(0.,-1.,0.));
#7234=DIRECTION('ref_axis',(1.,0.,0.));
#7235=DIRECTION('center_axis',(0.,1.,0.));
#7236=DIRECTION('ref_axis',(1.,0.,0.));
#7237=DIRECTION('',(0.,-1.,0.));
#7238=DIRECTION('center_axis',(0.,1.,0.));
#7239=DIRECTION('ref_axis',(-0.194666301260888,0.,-0.980869528099128));
#7240=DIRECTION('center_axis',(0.,-1.,0.));
#7241=DIRECTION('ref_axis',(-0.194666301260888,0.,-0.980869528099128));
#7242=DIRECTION('',(0.,1.,0.));
#7243=DIRECTION('center_axis',(0.,1.,0.));
#7244=DIRECTION('ref_axis',(-0.194666301260888,0.,-0.980869528099128));
#7245=DIRECTION('center_axis',(-0.575005252043278,0.,0.818149717425024));
#7246=DIRECTION('ref_axis',(0.818149717425024,0.,0.575005252043278));
#7247=DIRECTION('',(-0.818149717425024,0.,-0.575005252043278));
#7248=DIRECTION('',(0.,-1.,0.));
#7249=DIRECTION('',(0.818149717425024,0.,0.575005252043278));
#7250=DIRECTION('center_axis',(0.,1.,0.));
#7251=DIRECTION('ref_axis',(1.,0.,0.));
#7252=DIRECTION('',(-0.661311865323652,0.,-0.750111069630459));
#7253=DIRECTION('center_axis',(0.,-1.,0.));
#7254=DIRECTION('ref_axis',(0.0549501799124459,0.,0.998489097450538));
#7255=DIRECTION('',(0.750111069630459,0.,-0.661311865323653));
#7256=DIRECTION('center_axis',(0.,-1.,0.));
#7257=DIRECTION('ref_axis',(0.998026728428272,0.,0.062790519529311));
#7258=DIRECTION('center_axis',(0.,-1.,0.));
#7259=DIRECTION('ref_axis',(1.,0.,0.));
#7260=DIRECTION('center_axis',(0.750111069630459,0.,-0.661311865323652));
#7261=DIRECTION('ref_axis',(-0.661311865323652,0.,-0.750111069630459));
#7262=DIRECTION('',(0.,1.,0.));
#7263=DIRECTION('',(-0.661311865323652,0.,-0.750111069630459));
#7264=DIRECTION('center_axis',(0.,1.,0.));
#7265=DIRECTION('ref_axis',(1.,0.,0.));
#7266=DIRECTION('center_axis',(0.,1.,0.));
#7267=DIRECTION('ref_axis',(0.998026728428272,0.,0.062790519529311));
#7268=DIRECTION('',(-0.750111069630459,0.,0.661311865323653));
#7269=DIRECTION('center_axis',(0.,1.,0.));
#7270=DIRECTION('ref_axis',(0.0549501799124459,0.,0.998489097450538));
#7271=DIRECTION('center_axis',(0.,-1.,0.));
#7272=DIRECTION('ref_axis',(1.,0.,0.));
#7273=DIRECTION('center_axis',(0.,1.,0.));
#7274=DIRECTION('ref_axis',(0.998026728428272,0.,0.062790519529311));
#7275=DIRECTION('',(0.,-1.,0.));
#7276=DIRECTION('center_axis',(0.,1.,0.));
#7277=DIRECTION('ref_axis',(0.0549501799124459,0.,0.998489097450538));
#7278=DIRECTION('',(0.,1.,0.));
#7279=DIRECTION('center_axis',(0.,1.,0.));
#7280=DIRECTION('ref_axis',(1.,0.,0.));
#7281=DIRECTION('',(0.,-1.,0.));
#7282=DIRECTION('center_axis',(0.661311865323653,0.,0.750111069630459));
#7283=DIRECTION('ref_axis',(0.750111069630459,0.,-0.661311865323653));
#7284=DIRECTION('center_axis',(0.,1.,0.));
#7285=DIRECTION('ref_axis',(0.866025403784438,0.,0.5));
#7286=DIRECTION('',(-0.20533688934906,0.,-0.978691351689823));
#7287=DIRECTION('center_axis',(0.,-1.,0.));
#7288=DIRECTION('ref_axis',(-0.535873453199284,0.,0.844298313486575));
#7289=DIRECTION('center_axis',(0.,1.,0.));
#7290=DIRECTION('ref_axis',(-0.866025403784438,0.,-0.500000000000001));
#7291=DIRECTION('center_axis',(0.,-1.,0.));
#7292=DIRECTION('ref_axis',(-0.508993848862675,0.,0.860770156208938));
#7293=DIRECTION('',(-0.96524137653291,0.,0.261360067777869));
#7294=DIRECTION('center_axis',(0.,1.,0.));
#7295=DIRECTION('ref_axis',(1.,0.,0.));
#7296=DIRECTION('',(-0.667172638355272,0.,-0.744903128352986));
#7297=DIRECTION('center_axis',(0.,-1.,0.));
#7298=DIRECTION('ref_axis',(-0.0419308669409839,0.,0.999120514451374));
#7299=DIRECTION('center_axis',(0.,1.,0.));
#7300=DIRECTION('ref_axis',(-1.,0.,0.));
#7301=DIRECTION('center_axis',(0.,-1.,0.));
#7302=DIRECTION('ref_axis',(-0.010416525380624,0.,0.999945746527778));
#7303=DIRECTION('',(-0.705243518972426,0.,0.708965146496913));
#7304=DIRECTION('center_axis',(0.,1.,0.));
#7305=DIRECTION('ref_axis',(1.,0.,0.));
#7306=DIRECTION('',(-0.950240017702047,0.,-0.311518713334551));
#7307=DIRECTION('center_axis',(0.,-1.,0.));
#7308=DIRECTION('ref_axis',(0.46324706125209,0.,0.886229180427559));
#7309=DIRECTION('center_axis',(0.,1.,0.));
#7310=DIRECTION('ref_axis',(-0.866025403784439,0.,0.5));
#7311=DIRECTION('center_axis',(0.,-1.,0.));
#7312=DIRECTION('ref_axis',(0.490951897665103,0.,0.871186681589563));
#7313=DIRECTION('',(-0.256276230035997,0.,0.966603586750296));
#7314=DIRECTION('center_axis',(0.,1.,0.));
#7315=DIRECTION('ref_axis',(1.,0.,0.));
#7316=DIRECTION('',(-0.978691351689822,0.,0.20533688934906));
#7317=DIRECTION('center_axis',(0.,-1.,0.));
#7318=DIRECTION('ref_axis',(0.844298313486575,0.,0.535873453199284));
#7319=DIRECTION('center_axis',(0.,1.,0.));
#7320=DIRECTION('ref_axis',(-0.5,0.,0.866025403784439));
#7321=DIRECTION('center_axis',(0.,-1.,0.));
#7322=DIRECTION('ref_axis',(0.860770156208939,0.,0.508993848862675));
#7323=DIRECTION('',(0.26136006777787,0.,0.96524137653291));
#7324=DIRECTION('center_axis',(0.,1.,0.));
#7325=DIRECTION('ref_axis',(1.,0.,0.));
#7326=DIRECTION('',(-0.744903128352986,0.,0.667172638355272));
#7327=DIRECTION('center_axis',(0.,-1.,0.));
#7328=DIRECTION('ref_axis',(0.999120514451374,0.,0.0419308669409839));
#7329=DIRECTION('center_axis',(0.,1.,0.));
#7330=DIRECTION('ref_axis',(-6.12323399573677E-17,0.,1.));
#7331=DIRECTION('center_axis',(0.,-1.,0.));
#7332=DIRECTION('ref_axis',(0.999945746527778,0.,0.0104165253806241));
#7333=DIRECTION('',(0.708965146496913,0.,0.705243518972426));
#7334=DIRECTION('center_axis',(0.,1.,0.));
#7335=DIRECTION('ref_axis',(1.,0.,0.));
#7336=DIRECTION('',(-0.311518713334551,0.,0.950240017702047));
#7337=DIRECTION('center_axis',(0.,-1.,0.));
#7338=DIRECTION('ref_axis',(0.886229180427559,0.,-0.463247061252089));
#7339=DIRECTION('center_axis',(0.,1.,0.));
#7340=DIRECTION('ref_axis',(0.5,0.,0.866025403784439));
#7341=DIRECTION('center_axis',(0.,-1.,0.));
#7342=DIRECTION('ref_axis',(0.871186681589563,0.,-0.490951897665103));
#7343=DIRECTION('',(0.966603586750296,0.,0.256276230035997));
#7344=DIRECTION('center_axis',(0.,1.,0.));
#7345=DIRECTION('ref_axis',(1.,0.,0.));
#7346=DIRECTION('',(0.20533688934906,0.,0.978691351689823));
#7347=DIRECTION('center_axis',(0.,-1.,0.));
#7348=DIRECTION('ref_axis',(0.535873453199284,0.,-0.844298313486575));
#7349=DIRECTION('center_axis',(0.,1.,0.));
#7350=DIRECTION('ref_axis',(0.866025403784438,0.,0.5));
#7351=DIRECTION('center_axis',(0.,-1.,0.));
#7352=DIRECTION('ref_axis',(0.508993848862675,0.,-0.860770156208939));
#7353=DIRECTION('',(0.96524137653291,0.,-0.26136006777787));
#7354=DIRECTION('center_axis',(0.,1.,0.));
#7355=DIRECTION('ref_axis',(1.,0.,0.));
#7356=DIRECTION('',(0.667172638355272,0.,0.744903128352986));
#7357=DIRECTION('center_axis',(0.,-1.,0.));
#7358=DIRECTION('ref_axis',(0.041930866940984,0.,-0.999120514451374));
#7359=DIRECTION('center_axis',(0.,1.,0.));
#7360=DIRECTION('ref_axis',(1.,0.,1.22464679914735E-16));
#7361=DIRECTION('center_axis',(0.,-1.,0.));
#7362=DIRECTION('ref_axis',(0.0104165253806241,0.,-0.999945746527778));
#7363=DIRECTION('',(0.705243518972426,0.,-0.708965146496913));
#7364=DIRECTION('center_axis',(0.,1.,0.));
#7365=DIRECTION('ref_axis',(1.,0.,0.));
#7366=DIRECTION('',(0.950240017702047,0.,0.311518713334551));
#7367=DIRECTION('center_axis',(0.,-1.,0.));
#7368=DIRECTION('ref_axis',(-0.463247061252089,0.,-0.886229180427559));
#7369=DIRECTION('center_axis',(0.,1.,0.));
#7370=DIRECTION('ref_axis',(0.866025403784439,0.,-0.5));
#7371=DIRECTION('center_axis',(0.,-1.,0.));
#7372=DIRECTION('ref_axis',(-0.490951897665103,0.,-0.871186681589563));
#7373=DIRECTION('',(0.256276230035997,0.,-0.966603586750296));
#7374=DIRECTION('center_axis',(0.,1.,0.));
#7375=DIRECTION('ref_axis',(1.,0.,0.));
#7376=DIRECTION('',(0.978691351689823,0.,-0.20533688934906));
#7377=DIRECTION('center_axis',(0.,-1.,0.));
#7378=DIRECTION('ref_axis',(-0.844298313486575,0.,-0.535873453199284));
#7379=DIRECTION('center_axis',(0.,1.,0.));
#7380=DIRECTION('ref_axis',(0.500000000000001,0.,-0.866025403784438));
#7381=DIRECTION('center_axis',(0.,-1.,0.));
#7382=DIRECTION('ref_axis',(-0.860770156208938,0.,-0.508993848862675));
#7383=DIRECTION('',(-0.261360067777869,0.,-0.96524137653291));
#7384=DIRECTION('center_axis',(0.,1.,0.));
#7385=DIRECTION('ref_axis',(1.,0.,0.));
#7386=DIRECTION('',(0.744903128352986,0.,-0.667172638355272));
#7387=DIRECTION('center_axis',(0.,-1.,0.));
#7388=DIRECTION('ref_axis',(-0.999120514451374,0.,-0.0419308669409841));
#7389=DIRECTION('center_axis',(0.,1.,0.));
#7390=DIRECTION('ref_axis',(1.83697019872103E-16,0.,-1.));
#7391=DIRECTION('center_axis',(0.,-1.,0.));
#7392=DIRECTION('ref_axis',(-0.999945746527778,0.,-0.0104165253806242));
#7393=DIRECTION('',(-0.708965146496913,0.,-0.705243518972426));
#7394=DIRECTION('center_axis',(0.,1.,0.));
#7395=DIRECTION('ref_axis',(1.,0.,0.));
#7396=DIRECTION('',(0.311518713334551,0.,-0.950240017702047));
#7397=DIRECTION('center_axis',(0.,-1.,0.));
#7398=DIRECTION('ref_axis',(-0.886229180427559,0.,0.463247061252089));
#7399=DIRECTION('center_axis',(0.,1.,0.));
#7400=DIRECTION('ref_axis',(-0.499999999999999,0.,-0.866025403784439));
#7401=DIRECTION('center_axis',(0.,-1.,0.));
#7402=DIRECTION('ref_axis',(-0.871186681589563,0.,0.490951897665102));
#7403=DIRECTION('',(-0.966603586750296,0.,-0.256276230035998));
#7404=DIRECTION('center_axis',(0.,1.,0.));
#7405=DIRECTION('ref_axis',(1.,0.,0.));
#7406=DIRECTION('center_axis',(0.,-1.,0.));
#7407=DIRECTION('ref_axis',(-0.535873453199284,0.,0.844298313486575));
#7408=DIRECTION('center_axis',(0.,1.,0.));
#7409=DIRECTION('ref_axis',(-0.535873453199284,0.,0.844298313486575));
#7410=DIRECTION('',(0.,1.,0.));
#7411=DIRECTION('',(0.,1.,0.));
#7412=DIRECTION('center_axis',(0.,-1.,0.));
#7413=DIRECTION('ref_axis',(-0.866025403784438,0.,-0.500000000000001));
#7414=DIRECTION('center_axis',(0.,-1.,0.));
#7415=DIRECTION('ref_axis',(-0.866025403784438,0.,-0.500000000000001));
#7416=DIRECTION('',(0.,-1.,0.));
#7417=DIRECTION('center_axis',(0.,1.,0.));
#7418=DIRECTION('ref_axis',(-0.508993848862675,0.,0.860770156208938));
#7419=DIRECTION('center_axis',(0.,1.,0.));
#7420=DIRECTION('ref_axis',(-0.508993848862675,0.,0.860770156208938));
#7421=DIRECTION('',(0.,-1.,0.));
#7422=DIRECTION('center_axis',(-0.978691351689823,0.,0.20533688934906));
#7423=DIRECTION('ref_axis',(0.20533688934906,0.,0.978691351689823));
#7424=DIRECTION('',(0.20533688934906,0.,0.978691351689823));
#7425=DIRECTION('',(0.,1.,0.));
#7426=DIRECTION('center_axis',(0.261360067777869,0.,0.96524137653291));
#7427=DIRECTION('ref_axis',(0.96524137653291,0.,-0.261360067777869));
#7428=DIRECTION('',(0.96524137653291,0.,-0.261360067777869));
#7429=DIRECTION('',(0.,-1.,0.));
#7430=DIRECTION('center_axis',(0.,1.,0.));
#7431=DIRECTION('ref_axis',(1.,0.,0.));
#7432=DIRECTION('center_axis',(0.,1.,0.));
#7433=DIRECTION('ref_axis',(1.,0.,0.));
#7434=DIRECTION('',(0.,-1.,0.));
#7435=DIRECTION('center_axis',(0.,1.,0.));
#7436=DIRECTION('ref_axis',(1.,0.,0.));
#7437=DIRECTION('',(0.,-1.,0.));
#7438=DIRECTION('center_axis',(0.,1.,0.));
#7439=DIRECTION('ref_axis',(1.,0.,0.));
#7440=DIRECTION('center_axis',(-0.20533688934906,0.,-0.978691351689823));
#7441=DIRECTION('ref_axis',(-0.978691351689823,0.,0.20533688934906));
#7442=DIRECTION('',(0.,1.,0.));
#7443=DIRECTION('',(-0.978691351689823,0.,0.20533688934906));
#7444=DIRECTION('',(0.,1.,0.));
#7445=DIRECTION('center_axis',(0.,1.,0.));
#7446=DIRECTION('ref_axis',(1.,0.,0.));
#7447=DIRECTION('',(0.966603586750296,0.,0.256276230035998));
#7448=DIRECTION('center_axis',(0.,1.,0.));
#7449=DIRECTION('ref_axis',(-0.871186681589563,0.,0.490951897665102));
#7450=DIRECTION('center_axis',(0.,-1.,0.));
#7451=DIRECTION('ref_axis',(-0.499999999999999,0.,-0.866025403784439));
#7452=DIRECTION('center_axis',(0.,1.,0.));
#7453=DIRECTION('ref_axis',(-0.886229180427559,0.,0.463247061252089));
#7454=DIRECTION('',(-0.311518713334551,0.,0.950240017702047));
#7455=DIRECTION('center_axis',(0.,1.,0.));
#7456=DIRECTION('ref_axis',(1.,0.,0.));
#7457=DIRECTION('',(0.708965146496913,0.,0.705243518972426));
#7458=DIRECTION('center_axis',(0.,1.,0.));
#7459=DIRECTION('ref_axis',(-0.999945746527778,0.,-0.0104165253806242));
#7460=DIRECTION('center_axis',(0.,-1.,0.));
#7461=DIRECTION('ref_axis',(1.83697019872103E-16,0.,-1.));
#7462=DIRECTION('center_axis',(0.,1.,0.));
#7463=DIRECTION('ref_axis',(-0.999120514451374,0.,-0.0419308669409841));
#7464=DIRECTION('',(-0.744903128352986,0.,0.667172638355272));
#7465=DIRECTION('center_axis',(0.,1.,0.));
#7466=DIRECTION('ref_axis',(1.,0.,0.));
#7467=DIRECTION('',(0.261360067777869,0.,0.96524137653291));
#7468=DIRECTION('center_axis',(0.,1.,0.));
#7469=DIRECTION('ref_axis',(-0.860770156208938,0.,-0.508993848862675));
#7470=DIRECTION('center_axis',(0.,-1.,0.));
#7471=DIRECTION('ref_axis',(0.500000000000001,0.,-0.866025403784438));
#7472=DIRECTION('center_axis',(0.,1.,0.));
#7473=DIRECTION('ref_axis',(-0.844298313486575,0.,-0.535873453199284));
#7474=DIRECTION('center_axis',(0.,1.,0.));
#7475=DIRECTION('ref_axis',(1.,0.,0.));
#7476=DIRECTION('',(-0.256276230035997,0.,0.966603586750296));
#7477=DIRECTION('center_axis',(0.,1.,0.));
#7478=DIRECTION('ref_axis',(-0.490951897665103,0.,-0.871186681589563));
#7479=DIRECTION('center_axis',(0.,-1.,0.));
#7480=DIRECTION('ref_axis',(0.866025403784439,0.,-0.5));
#7481=DIRECTION('center_axis',(0.,1.,0.));
#7482=DIRECTION('ref_axis',(-0.463247061252089,0.,-0.886229180427559));
#7483=DIRECTION('',(-0.950240017702047,0.,-0.311518713334551));
#7484=DIRECTION('center_axis',(0.,1.,0.));
#7485=DIRECTION('ref_axis',(1.,0.,0.));
#7486=DIRECTION('',(-0.705243518972426,0.,0.708965146496913));
#7487=DIRECTION('center_axis',(0.,1.,0.));
#7488=DIRECTION('ref_axis',(0.0104165253806241,0.,-0.999945746527778));
#7489=DIRECTION('center_axis',(0.,-1.,0.));
#7490=DIRECTION('ref_axis',(1.,0.,1.22464679914735E-16));
#7491=DIRECTION('center_axis',(0.,1.,0.));
#7492=DIRECTION('ref_axis',(0.041930866940984,0.,-0.999120514451374));
#7493=DIRECTION('',(-0.667172638355272,0.,-0.744903128352986));
#7494=DIRECTION('center_axis',(0.,1.,0.));
#7495=DIRECTION('ref_axis',(1.,0.,0.));
#7496=DIRECTION('',(-0.96524137653291,0.,0.26136006777787));
#7497=DIRECTION('center_axis',(0.,1.,0.));
#7498=DIRECTION('ref_axis',(0.508993848862675,0.,-0.860770156208939));
#7499=DIRECTION('center_axis',(0.,-1.,0.));
#7500=DIRECTION('ref_axis',(0.866025403784438,0.,0.5));
#7501=DIRECTION('center_axis',(0.,1.,0.));
#7502=DIRECTION('ref_axis',(0.535873453199284,0.,-0.844298313486575));
#7503=DIRECTION('',(-0.20533688934906,0.,-0.978691351689823));
#7504=DIRECTION('center_axis',(0.,1.,0.));
#7505=DIRECTION('ref_axis',(1.,0.,0.));
#7506=DIRECTION('',(-0.966603586750296,0.,-0.256276230035997));
#7507=DIRECTION('center_axis',(0.,1.,0.));
#7508=DIRECTION('ref_axis',(0.871186681589563,0.,-0.490951897665103));
#7509=DIRECTION('center_axis',(0.,-1.,0.));
#7510=DIRECTION('ref_axis',(0.5,0.,0.866025403784439));
#7511=DIRECTION('center_axis',(0.,1.,0.));
#7512=DIRECTION('ref_axis',(0.886229180427559,0.,-0.463247061252089));
#7513=DIRECTION('',(0.311518713334551,0.,-0.950240017702047));
#7514=DIRECTION('center_axis',(0.,1.,0.));
#7515=DIRECTION('ref_axis',(1.,0.,0.));
#7516=DIRECTION('',(-0.708965146496913,0.,-0.705243518972426));
#7517=DIRECTION('center_axis',(0.,1.,0.));
#7518=DIRECTION('ref_axis',(0.999945746527778,0.,0.0104165253806241));
#7519=DIRECTION('center_axis',(0.,-1.,0.));
#7520=DIRECTION('ref_axis',(-6.12323399573677E-17,0.,1.));
#7521=DIRECTION('center_axis',(0.,1.,0.));
#7522=DIRECTION('ref_axis',(0.999120514451374,0.,0.0419308669409839));
#7523=DIRECTION('',(0.744903128352986,0.,-0.667172638355272));
#7524=DIRECTION('center_axis',(0.,1.,0.));
#7525=DIRECTION('ref_axis',(1.,0.,0.));
#7526=DIRECTION('',(-0.26136006777787,0.,-0.96524137653291));
#7527=DIRECTION('center_axis',(0.,1.,0.));
#7528=DIRECTION('ref_axis',(0.860770156208939,0.,0.508993848862675));
#7529=DIRECTION('center_axis',(0.,-1.,0.));
#7530=DIRECTION('ref_axis',(-0.5,0.,0.866025403784439));
#7531=DIRECTION('center_axis',(0.,1.,0.));
#7532=DIRECTION('ref_axis',(0.844298313486575,0.,0.535873453199284));
#7533=DIRECTION('',(0.978691351689822,0.,-0.20533688934906));
#7534=DIRECTION('center_axis',(0.,1.,0.));
#7535=DIRECTION('ref_axis',(1.,0.,0.));
#7536=DIRECTION('',(0.256276230035997,0.,-0.966603586750296));
#7537=DIRECTION('center_axis',(0.,1.,0.));
#7538=DIRECTION('ref_axis',(0.490951897665103,0.,0.871186681589563));
#7539=DIRECTION('center_axis',(0.,-1.,0.));
#7540=DIRECTION('ref_axis',(-0.866025403784439,0.,0.5));
#7541=DIRECTION('center_axis',(0.,1.,0.));
#7542=DIRECTION('ref_axis',(0.46324706125209,0.,0.886229180427559));
#7543=DIRECTION('',(0.950240017702047,0.,0.311518713334551));
#7544=DIRECTION('center_axis',(0.,1.,0.));
#7545=DIRECTION('ref_axis',(1.,0.,0.));
#7546=DIRECTION('',(0.705243518972426,0.,-0.708965146496913));
#7547=DIRECTION('center_axis',(0.,1.,0.));
#7548=DIRECTION('ref_axis',(-0.010416525380624,0.,0.999945746527778));
#7549=DIRECTION('center_axis',(0.,-1.,0.));
#7550=DIRECTION('ref_axis',(-1.,0.,0.));
#7551=DIRECTION('center_axis',(0.,1.,0.));
#7552=DIRECTION('ref_axis',(-0.0419308669409839,0.,0.999120514451374));
#7553=DIRECTION('',(0.667172638355272,0.,0.744903128352986));
#7554=DIRECTION('center_axis',(0.,-1.,0.));
#7555=DIRECTION('ref_axis',(-0.886229180427559,0.,0.463247061252089));
#7556=DIRECTION('',(0.,1.,0.));
#7557=DIRECTION('',(0.,1.,0.));
#7558=DIRECTION('center_axis',(0.,-1.,0.));
#7559=DIRECTION('ref_axis',(-0.499999999999999,0.,-0.866025403784439));
#7560=DIRECTION('',(0.,-1.,0.));
#7561=DIRECTION('center_axis',(0.,1.,0.));
#7562=DIRECTION('ref_axis',(-0.871186681589563,0.,0.490951897665102));
#7563=DIRECTION('',(0.,-1.,0.));
#7564=DIRECTION('center_axis',(-0.950240017702046,0.,-0.311518713334551));
#7565=DIRECTION('ref_axis',(-0.311518713334551,0.,0.950240017702047));
#7566=DIRECTION('',(0.,1.,0.));
#7567=DIRECTION('center_axis',(-0.256276230035998,0.,0.966603586750296));
#7568=DIRECTION('ref_axis',(0.966603586750296,0.,0.256276230035998));
#7569=DIRECTION('center_axis',(0.,1.,0.));
#7570=DIRECTION('ref_axis',(1.,0.,0.));
#7571=DIRECTION('',(0.,-1.,0.));
#7572=DIRECTION('center_axis',(0.311518713334551,0.,-0.950240017702047));
#7573=DIRECTION('ref_axis',(-0.950240017702047,0.,-0.311518713334551));
#7574=DIRECTION('',(0.,1.,0.));
#7575=DIRECTION('',(0.,1.,0.));
#7576=DIRECTION('center_axis',(0.,-1.,0.));
#7577=DIRECTION('ref_axis',(-0.999120514451374,0.,-0.0419308669409841));
#7578=DIRECTION('',(0.,1.,0.));
#7579=DIRECTION('',(0.,1.,0.));
#7580=DIRECTION('center_axis',(0.,-1.,0.));
#7581=DIRECTION('ref_axis',(1.83697019872103E-16,0.,-1.));
#7582=DIRECTION('',(0.,-1.,0.));
#7583=DIRECTION('center_axis',(0.,1.,0.));
#7584=DIRECTION('ref_axis',(-0.999945746527778,0.,-0.0104165253806242));
#7585=DIRECTION('',(0.,-1.,0.));
#7586=DIRECTION('center_axis',(-0.667172638355272,0.,-0.744903128352986));
#7587=DIRECTION('ref_axis',(-0.744903128352986,0.,0.667172638355272));
#7588=DIRECTION('',(0.,1.,0.));
#7589=DIRECTION('center_axis',(-0.705243518972426,0.,0.708965146496913));
#7590=DIRECTION('ref_axis',(0.708965146496913,0.,0.705243518972426));
#7591=DIRECTION('center_axis',(0.,1.,0.));
#7592=DIRECTION('ref_axis',(1.,0.,0.));
#7593=DIRECTION('',(0.,-1.,0.));
#7594=DIRECTION('center_axis',(0.744903128352986,0.,-0.667172638355272));
#7595=DIRECTION('ref_axis',(-0.667172638355272,0.,-0.744903128352986));
#7596=DIRECTION('',(0.,1.,0.));
#7597=DIRECTION('',(0.,1.,0.));
#7598=DIRECTION('center_axis',(0.,-1.,0.));
#7599=DIRECTION('ref_axis',(-0.844298313486575,0.,-0.535873453199284));
#7600=DIRECTION('',(0.,1.,0.));
#7601=DIRECTION('center_axis',(0.,-1.,0.));
#7602=DIRECTION('ref_axis',(0.500000000000001,0.,-0.866025403784438));
#7603=DIRECTION('',(0.,-1.,0.));
#7604=DIRECTION('center_axis',(0.,1.,0.));
#7605=DIRECTION('ref_axis',(-0.860770156208938,0.,-0.508993848862675));
#7606=DIRECTION('',(0.,-1.,0.));
#7607=DIRECTION('center_axis',(-0.96524137653291,0.,0.261360067777869));
#7608=DIRECTION('ref_axis',(0.261360067777869,0.,0.96524137653291));
#7609=DIRECTION('center_axis',(0.,1.,0.));
#7610=DIRECTION('ref_axis',(1.,0.,0.));
#7611=DIRECTION('',(0.,-1.,0.));
#7612=DIRECTION('center_axis',(0.978691351689823,0.,-0.20533688934906));
#7613=DIRECTION('ref_axis',(-0.20533688934906,0.,-0.978691351689823));
#7614=DIRECTION('',(0.,1.,0.));
#7615=DIRECTION('',(0.,1.,0.));
#7616=DIRECTION('center_axis',(0.,-1.,0.));
#7617=DIRECTION('ref_axis',(-0.463247061252089,0.,-0.886229180427559));
#7618=DIRECTION('',(0.,1.,0.));
#7619=DIRECTION('center_axis',(0.,-1.,0.));
#7620=DIRECTION('ref_axis',(0.866025403784439,0.,-0.5));
#7621=DIRECTION('',(0.,-1.,0.));
#7622=DIRECTION('center_axis',(0.,1.,0.));
#7623=DIRECTION('ref_axis',(-0.490951897665103,0.,-0.871186681589563));
#7624=DIRECTION('',(0.,-1.,0.));
#7625=DIRECTION('center_axis',(-0.966603586750296,0.,-0.256276230035997));
#7626=DIRECTION('ref_axis',(-0.256276230035997,0.,0.966603586750296));
#7627=DIRECTION('center_axis',(0.,1.,0.));
#7628=DIRECTION('ref_axis',(1.,0.,0.));
#7629=DIRECTION('',(0.,-1.,0.));
#7630=DIRECTION('center_axis',(0.950240017702047,0.,0.311518713334551));
#7631=DIRECTION('ref_axis',(0.311518713334551,0.,-0.950240017702047));
#7632=DIRECTION('',(0.,1.,0.));
#7633=DIRECTION('',(0.,1.,0.));
#7634=DIRECTION('center_axis',(0.,-1.,0.));
#7635=DIRECTION('ref_axis',(0.041930866940984,0.,-0.999120514451374));
#7636=DIRECTION('',(0.,1.,0.));
#7637=DIRECTION('center_axis',(0.,-1.,0.));
#7638=DIRECTION('ref_axis',(1.,0.,1.22464679914735E-16));
#7639=DIRECTION('',(0.,-1.,0.));
#7640=DIRECTION('center_axis',(0.,1.,0.));
#7641=DIRECTION('ref_axis',(0.0104165253806241,0.,-0.999945746527778));
#7642=DIRECTION('',(0.,-1.,0.));
#7643=DIRECTION('center_axis',(-0.708965146496913,0.,-0.705243518972426));
#7644=DIRECTION('ref_axis',(-0.705243518972426,0.,0.708965146496913));
#7645=DIRECTION('center_axis',(0.,1.,0.));
#7646=DIRECTION('ref_axis',(1.,0.,0.));
#7647=DIRECTION('',(0.,-1.,0.));
#7648=DIRECTION('center_axis',(0.667172638355272,0.,0.744903128352986));
#7649=DIRECTION('ref_axis',(0.744903128352986,0.,-0.667172638355272));
#7650=DIRECTION('',(0.,1.,0.));
#7651=DIRECTION('',(0.,1.,0.));
#7652=DIRECTION('center_axis',(0.,-1.,0.));
#7653=DIRECTION('ref_axis',(0.535873453199284,0.,-0.844298313486575));
#7654=DIRECTION('',(0.,1.,0.));
#7655=DIRECTION('center_axis',(0.,-1.,0.));
#7656=DIRECTION('ref_axis',(0.866025403784438,0.,0.5));
#7657=DIRECTION('',(0.,-1.,0.));
#7658=DIRECTION('center_axis',(0.,1.,0.));
#7659=DIRECTION('ref_axis',(0.508993848862675,0.,-0.860770156208939));
#7660=DIRECTION('',(0.,-1.,0.));
#7661=DIRECTION('center_axis',(-0.26136006777787,0.,-0.96524137653291));
#7662=DIRECTION('ref_axis',(-0.96524137653291,0.,0.26136006777787));
#7663=DIRECTION('center_axis',(0.,1.,0.));
#7664=DIRECTION('ref_axis',(1.,0.,0.));
#7665=DIRECTION('',(0.,-1.,0.));
#7666=DIRECTION('center_axis',(0.20533688934906,0.,0.978691351689822));
#7667=DIRECTION('ref_axis',(0.978691351689822,0.,-0.20533688934906));
#7668=DIRECTION('',(0.,1.,0.));
#7669=DIRECTION('',(0.,1.,0.));
#7670=DIRECTION('center_axis',(0.,-1.,0.));
#7671=DIRECTION('ref_axis',(0.886229180427559,0.,-0.463247061252089));
#7672=DIRECTION('',(0.,1.,0.));
#7673=DIRECTION('center_axis',(0.,-1.,0.));
#7674=DIRECTION('ref_axis',(0.5,0.,0.866025403784439));
#7675=DIRECTION('',(0.,-1.,0.));
#7676=DIRECTION('center_axis',(0.,1.,0.));
#7677=DIRECTION('ref_axis',(0.871186681589563,0.,-0.490951897665103));
#7678=DIRECTION('',(0.,-1.,0.));
#7679=DIRECTION('center_axis',(0.256276230035997,0.,-0.966603586750296));
#7680=DIRECTION('ref_axis',(-0.966603586750296,0.,-0.256276230035997));
#7681=DIRECTION('center_axis',(0.,1.,0.));
#7682=DIRECTION('ref_axis',(1.,0.,0.));
#7683=DIRECTION('',(0.,-1.,0.));
#7684=DIRECTION('center_axis',(-0.311518713334551,0.,0.950240017702047));
#7685=DIRECTION('ref_axis',(0.950240017702047,0.,0.311518713334551));
#7686=DIRECTION('',(0.,1.,0.));
#7687=DIRECTION('',(0.,1.,0.));
#7688=DIRECTION('center_axis',(0.,-1.,0.));
#7689=DIRECTION('ref_axis',(0.999120514451374,0.,0.0419308669409839));
#7690=DIRECTION('',(0.,1.,0.));
#7691=DIRECTION('center_axis',(0.,-1.,0.));
#7692=DIRECTION('ref_axis',(-6.12323399573677E-17,0.,1.));
#7693=DIRECTION('',(0.,-1.,0.));
#7694=DIRECTION('center_axis',(0.,1.,0.));
#7695=DIRECTION('ref_axis',(0.999945746527778,0.,0.0104165253806241));
#7696=DIRECTION('',(0.,-1.,0.));
#7697=DIRECTION('center_axis',(0.705243518972426,0.,-0.708965146496913));
#7698=DIRECTION('ref_axis',(-0.708965146496913,0.,-0.705243518972426));
#7699=DIRECTION('center_axis',(-0.744903128352986,0.,0.667172638355272));
#7700=DIRECTION('ref_axis',(0.667172638355272,0.,0.744903128352986));
#7701=DIRECTION('',(0.,1.,0.));
#7702=DIRECTION('center_axis',(0.,1.,0.));
#7703=DIRECTION('ref_axis',(1.,0.,0.));
#7704=DIRECTION('',(0.,-1.,0.));
#7705=DIRECTION('center_axis',(0.,-1.,0.));
#7706=DIRECTION('ref_axis',(0.844298313486575,0.,0.535873453199284));
#7707=DIRECTION('',(0.,1.,0.));
#7708=DIRECTION('center_axis',(0.,-1.,0.));
#7709=DIRECTION('ref_axis',(-0.5,0.,0.866025403784439));
#7710=DIRECTION('',(0.,-1.,0.));
#7711=DIRECTION('center_axis',(0.,1.,0.));
#7712=DIRECTION('ref_axis',(0.860770156208939,0.,0.508993848862675));
#7713=DIRECTION('',(0.,-1.,0.));
#7714=DIRECTION('center_axis',(0.96524137653291,0.,-0.26136006777787));
#7715=DIRECTION('ref_axis',(-0.26136006777787,0.,-0.96524137653291));
#7716=DIRECTION('center_axis',(0.,-1.,0.));
#7717=DIRECTION('ref_axis',(0.46324706125209,0.,0.886229180427559));
#7718=DIRECTION('',(0.,1.,0.));
#7719=DIRECTION('center_axis',(0.,-1.,0.));
#7720=DIRECTION('ref_axis',(-0.866025403784439,0.,0.5));
#7721=DIRECTION('',(0.,-1.,0.));
#7722=DIRECTION('center_axis',(0.,1.,0.));
#7723=DIRECTION('ref_axis',(0.490951897665103,0.,0.871186681589563));
#7724=DIRECTION('',(0.,-1.,0.));
#7725=DIRECTION('center_axis',(0.966603586750296,0.,0.256276230035997));
#7726=DIRECTION('ref_axis',(0.256276230035997,0.,-0.966603586750296));
#7727=DIRECTION('',(0.,-1.,0.));
#7728=DIRECTION('center_axis',(0.,1.,0.));
#7729=DIRECTION('ref_axis',(1.,0.,0.));
#7730=DIRECTION('',(0.,1.,0.));
#7731=DIRECTION('center_axis',(0.,1.,0.));
#7732=DIRECTION('ref_axis',(1.,0.,0.));
#7733=DIRECTION('center_axis',(0.,-1.,0.));
#7734=DIRECTION('ref_axis',(-0.0419308669409839,0.,0.999120514451374));
#7735=DIRECTION('',(0.,1.,0.));
#7736=DIRECTION('center_axis',(0.,-1.,0.));
#7737=DIRECTION('ref_axis',(-1.,0.,0.));
#7738=DIRECTION('',(0.,-1.,0.));
#7739=DIRECTION('center_axis',(0.,1.,0.));
#7740=DIRECTION('ref_axis',(-0.010416525380624,0.,0.999945746527778));
#7741=DIRECTION('',(0.,-1.,0.));
#7742=DIRECTION('center_axis',(0.708965146496913,0.,0.705243518972426));
#7743=DIRECTION('ref_axis',(0.705243518972426,0.,-0.708965146496913));
#7744=DIRECTION('center_axis',(0.,1.,0.));
#7745=DIRECTION('ref_axis',(-0.389529561354873,0.,0.92101396342872));
#7746=DIRECTION('center_axis',(0.,-1.,0.));
#7747=DIRECTION('ref_axis',(-0.389529561354873,0.,0.92101396342872));
#7748=DIRECTION('center_axis',(0.,1.,0.));
#7749=DIRECTION('ref_axis',(-0.389529561354873,0.,0.92101396342872));
#7750=DIRECTION('',(0.,-1.,0.));
#7751=DIRECTION('center_axis',(0.,1.,0.));
#7752=DIRECTION('ref_axis',(-0.993017551655755,0.,-0.117966699129923));
#7753=DIRECTION('center_axis',(0.,-1.,0.));
#7754=DIRECTION('ref_axis',(-0.993017551655755,0.,-0.117966699129923));
#7755=DIRECTION('',(0.,1.,0.));
#7756=DIRECTION('center_axis',(0.,1.,0.));
#7757=DIRECTION('ref_axis',(-0.993017551655755,0.,-0.117966699129923));
#7758=DIRECTION('center_axis',(0.600420225325884,0.,0.79968465848709));
#7759=DIRECTION('ref_axis',(0.79968465848709,0.,-0.600420225325884));
#7760=DIRECTION('',(-0.79968465848709,0.,0.600420225325884));
#7761=DIRECTION('',(0.,-1.,0.));
#7762=DIRECTION('',(0.79968465848709,0.,-0.600420225325884));
#7763=DIRECTION('center_axis',(0.,1.,0.));
#7764=DIRECTION('ref_axis',(0.309016994374948,0.,-0.951056516295154));
#7765=DIRECTION('',(-0.917754625683981,0.,0.397147890634781));
#7766=DIRECTION('center_axis',(0.,-1.,0.));
#7767=DIRECTION('ref_axis',(0.966600102016907,0.,0.256289373132997));
#7768=DIRECTION('',(-0.397147890634782,0.,-0.917754625683981));
#7769=DIRECTION('center_axis',(0.,-1.,0.));
#7770=DIRECTION('ref_axis',(0.368124552684676,0.,-0.929776485888252));
#7771=DIRECTION('center_axis',(0.,-1.,0.));
#7772=DIRECTION('ref_axis',(0.309016994374948,0.,-0.951056516295154));
#7773=DIRECTION('center_axis',(-0.397147890634781,0.,-0.917754625683981));
#7774=DIRECTION('ref_axis',(-0.917754625683981,0.,0.397147890634781));
#7775=DIRECTION('',(0.,1.,0.));
#7776=DIRECTION('',(-0.917754625683981,0.,0.397147890634781));
#7777=DIRECTION('center_axis',(0.,1.,0.));
#7778=DIRECTION('ref_axis',(0.309016994374948,0.,-0.951056516295154));
#7779=DIRECTION('center_axis',(0.,1.,0.));
#7780=DIRECTION('ref_axis',(0.368124552684676,0.,-0.929776485888252));
#7781=DIRECTION('',(0.397147890634782,0.,0.917754625683981));
#7782=DIRECTION('center_axis',(0.,1.,0.));
#7783=DIRECTION('ref_axis',(0.966600102016907,0.,0.256289373132997));
#7784=DIRECTION('center_axis',(0.,-1.,0.));
#7785=DIRECTION('ref_axis',(0.309016994374948,0.,-0.951056516295154));
#7786=DIRECTION('center_axis',(0.,1.,0.));
#7787=DIRECTION('ref_axis',(0.368124552684676,0.,-0.929776485888252));
#7788=DIRECTION('',(0.,-1.,0.));
#7789=DIRECTION('center_axis',(0.,1.,0.));
#7790=DIRECTION('ref_axis',(0.966600102016907,0.,0.256289373132997));
#7791=DIRECTION('',(0.,1.,0.));
#7792=DIRECTION('center_axis',(0.,1.,0.));
#7793=DIRECTION('ref_axis',(0.309016994374948,0.,-0.951056516295154));
#7794=DIRECTION('',(0.,-1.,0.));
#7795=DIRECTION('center_axis',(0.917754625683981,0.,-0.397147890634782));
#7796=DIRECTION('ref_axis',(-0.397147890634782,0.,-0.917754625683981));
#7797=DIRECTION('center_axis',(0.,1.,0.));
#7798=DIRECTION('ref_axis',(0.755565077247636,0.,0.655073594372246));
#7799=DIRECTION('center_axis',(0.,-1.,0.));
#7800=DIRECTION('ref_axis',(0.755565077247636,0.,0.655073594372246));
#7801=DIRECTION('center_axis',(0.,1.,0.));
#7802=DIRECTION('ref_axis',(0.755565077247636,0.,0.655073594372246));
#7803=DIRECTION('',(0.,-1.,0.));
#7804=DIRECTION('center_axis',(0.,1.,0.));
#7805=DIRECTION('ref_axis',(-0.419052297087573,0.,0.907962098496203));
#7806=DIRECTION('center_axis',(0.,-1.,0.));
#7807=DIRECTION('ref_axis',(-0.419052297087573,0.,0.907962098496203));
#7808=DIRECTION('',(0.,1.,0.));
#7809=DIRECTION('center_axis',(0.,1.,0.));
#7810=DIRECTION('ref_axis',(-0.419052297087573,0.,0.907962098496203));
#7811=DIRECTION('center_axis',(0.946085358827545,0.,-0.32391741819815));
#7812=DIRECTION('ref_axis',(-0.32391741819815,0.,-0.946085358827545));
#7813=DIRECTION('',(0.32391741819815,0.,0.946085358827545));
#7814=DIRECTION('',(0.,-1.,0.));
#7815=DIRECTION('',(-0.32391741819815,0.,-0.946085358827545));
#7816=DIRECTION('center_axis',(0.,1.,0.));
#7817=DIRECTION('ref_axis',(-0.809016994374947,0.,-0.587785252292473));
#7818=DIRECTION('',(0.0941083133185144,0.,0.99556196460308));
#7819=DIRECTION('center_axis',(0.,-1.,0.));
#7820=DIRECTION('ref_axis',(0.542441536663119,0.,-0.840093553898942));
#7821=DIRECTION('',(-0.99556196460308,0.,0.0941083133185152));
#7822=DIRECTION('center_axis',(0.,-1.,0.));
#7823=DIRECTION('ref_axis',(-0.770513242775791,0.,-0.637423989748688));
#7824=DIRECTION('center_axis',(0.,-1.,0.));
#7825=DIRECTION('ref_axis',(-0.809016994374947,0.,-0.587785252292473));
#7826=DIRECTION('center_axis',(-0.99556196460308,0.,0.0941083133185144));
#7827=DIRECTION('ref_axis',(0.0941083133185144,0.,0.99556196460308));
#7828=DIRECTION('',(0.,1.,0.));
#7829=DIRECTION('',(0.0941083133185144,0.,0.99556196460308));
#7830=DIRECTION('center_axis',(0.,1.,0.));
#7831=DIRECTION('ref_axis',(-0.809016994374947,0.,-0.587785252292473));
#7832=DIRECTION('center_axis',(0.,1.,0.));
#7833=DIRECTION('ref_axis',(-0.770513242775791,0.,-0.637423989748688));
#7834=DIRECTION('',(0.99556196460308,0.,-0.0941083133185152));
#7835=DIRECTION('center_axis',(0.,1.,0.));
#7836=DIRECTION('ref_axis',(0.542441536663119,0.,-0.840093553898942));
#7837=DIRECTION('center_axis',(0.,-1.,0.));
#7838=DIRECTION('ref_axis',(-0.809016994374947,0.,-0.587785252292473));
#7839=DIRECTION('center_axis',(0.,1.,0.));
#7840=DIRECTION('ref_axis',(-0.770513242775791,0.,-0.637423989748688));
#7841=DIRECTION('',(0.,-1.,0.));
#7842=DIRECTION('center_axis',(0.,1.,0.));
#7843=DIRECTION('ref_axis',(0.542441536663119,0.,-0.840093553898942));
#7844=DIRECTION('',(0.,1.,0.));
#7845=DIRECTION('center_axis',(0.,1.,0.));
#7846=DIRECTION('ref_axis',(-0.809016994374947,0.,-0.587785252292473));
#7847=DIRECTION('',(0.,-1.,0.));
#7848=DIRECTION('center_axis',(-0.0941083133185152,0.,-0.99556196460308));
#7849=DIRECTION('ref_axis',(-0.99556196460308,0.,0.0941083133185152));
#7850=DIRECTION('center_axis',(0.,1.,0.));
#7851=DIRECTION('ref_axis',(0.856494459806352,0.,-0.516156216974111));
#7852=DIRECTION('center_axis',(0.,-1.,0.));
#7853=DIRECTION('ref_axis',(0.856494459806352,0.,-0.516156216974111));
#7854=DIRECTION('center_axis',(0.,1.,0.));
#7855=DIRECTION('ref_axis',(0.856494459806352,0.,-0.516156216974111));
#7856=DIRECTION('',(0.,-1.,0.));
#7857=DIRECTION('center_axis',(0.,1.,0.));
#7858=DIRECTION('ref_axis',(0.734028988991916,0.,0.679118136497256));
#7859=DIRECTION('center_axis',(0.,-1.,0.));
#7860=DIRECTION('ref_axis',(0.734028988991916,0.,0.679118136497256));
#7861=DIRECTION('',(0.,1.,0.));
#7862=DIRECTION('center_axis',(0.,1.,0.));
#7863=DIRECTION('ref_axis',(0.734028988991916,0.,0.679118136497256));
#7864=DIRECTION('center_axis',(-0.015707317311821,0.,-0.999876632481661));
#7865=DIRECTION('ref_axis',(-0.999876632481661,0.,0.015707317311821));
#7866=DIRECTION('',(0.999876632481661,0.,-0.015707317311821));
#7867=DIRECTION('',(0.,-1.,0.));
#7868=DIRECTION('',(-0.999876632481661,0.,0.015707317311821));
#7869=DIRECTION('center_axis',(0.,1.,0.));
#7870=DIRECTION('ref_axis',(-0.809016994374947,0.,0.587785252292473));
#7871=DIRECTION('',(0.975916761938747,0.,0.218143241396542));
#7872=DIRECTION('center_axis',(0.,-1.,0.));
#7873=DIRECTION('ref_axis',(-0.631352795449378,0.,-0.775495743172234));
#7874=DIRECTION('',(-0.218143241396542,0.,0.975916761938748));
#7875=DIRECTION('center_axis',(0.,-1.,0.));
#7876=DIRECTION('ref_axis',(-0.844327925502014,0.,0.535826794978999));
#7877=DIRECTION('center_axis',(0.,-1.,0.));
#7878=DIRECTION('ref_axis',(-0.809016994374948,0.,0.587785252292473));
#7879=DIRECTION('center_axis',(-0.218143241396542,0.,0.975916761938748));
#7880=DIRECTION('ref_axis',(0.975916761938747,0.,0.218143241396542));
#7881=DIRECTION('',(0.,1.,0.));
#7882=DIRECTION('',(0.975916761938747,0.,0.218143241396542));
#7883=DIRECTION('center_axis',(0.,1.,0.));
#7884=DIRECTION('ref_axis',(-0.809016994374947,0.,0.587785252292473));
#7885=DIRECTION('center_axis',(0.,1.,0.));
#7886=DIRECTION('ref_axis',(-0.844327925502014,0.,0.535826794978999));
#7887=DIRECTION('',(0.218143241396542,0.,-0.975916761938748));
#7888=DIRECTION('center_axis',(0.,1.,0.));
#7889=DIRECTION('ref_axis',(-0.631352795449378,0.,-0.775495743172234));
#7890=DIRECTION('center_axis',(0.,-1.,0.));
#7891=DIRECTION('ref_axis',(-0.809016994374948,0.,0.587785252292473));
#7892=DIRECTION('center_axis',(0.,1.,0.));
#7893=DIRECTION('ref_axis',(-0.844327925502014,0.,0.535826794978999));
#7894=DIRECTION('',(0.,-1.,0.));
#7895=DIRECTION('center_axis',(0.,1.,0.));
#7896=DIRECTION('ref_axis',(-0.631352795449378,0.,-0.775495743172234));
#7897=DIRECTION('',(0.,1.,0.));
#7898=DIRECTION('center_axis',(0.,1.,0.));
#7899=DIRECTION('ref_axis',(-0.809016994374948,0.,0.587785252292473));
#7900=DIRECTION('',(0.,-1.,0.));
#7901=DIRECTION('center_axis',(-0.975916761938748,0.,-0.218143241396542));
#7902=DIRECTION('ref_axis',(-0.218143241396542,0.,0.975916761938748));
#7903=DIRECTION('center_axis',(0.,1.,0.));
#7904=DIRECTION('ref_axis',(-0.22622238991133,0.,-0.974075679966812));
#7905=DIRECTION('center_axis',(0.,-1.,0.));
#7906=DIRECTION('ref_axis',(-0.22622238991133,0.,-0.974075679966812));
#7907=DIRECTION('center_axis',(0.,1.,0.));
#7908=DIRECTION('ref_axis',(-0.22622238991133,0.,-0.974075679966812));
#7909=DIRECTION('',(0.,-1.,0.));
#7910=DIRECTION('center_axis',(0.,1.,0.));
#7911=DIRECTION('ref_axis',(0.8727071610123,0.,-0.488244007764408));
#7912=DIRECTION('center_axis',(0.,-1.,0.));
#7913=DIRECTION('ref_axis',(0.8727071610123,0.,-0.488244007764408));
#7914=DIRECTION('',(0.,1.,0.));
#7915=DIRECTION('center_axis',(0.,1.,0.));
#7916=DIRECTION('ref_axis',(0.8727071610123,0.,-0.488244007764408));
#7917=DIRECTION('center_axis',(-0.95579301479833,0.,-0.294040325232304));
#7918=DIRECTION('ref_axis',(-0.294040325232304,0.,0.95579301479833));
#7919=DIRECTION('',(0.294040325232304,0.,-0.95579301479833));
#7920=DIRECTION('',(0.,-1.,0.));
#7921=DIRECTION('',(-0.294040325232304,0.,0.95579301479833));
#7922=DIRECTION('center_axis',(0.,1.,0.));
#7923=DIRECTION('ref_axis',(0.309016994374947,0.,0.951056516295154));
#7924=DIRECTION('',(0.509041415750371,0.,-0.860742027003944));
#7925=DIRECTION('center_axis',(0.,-1.,0.));
#7926=DIRECTION('ref_axis',(-0.932639023143094,0.,0.360810826487642));
#7927=DIRECTION('',(0.860742027003944,0.,0.509041415750371));
#7928=DIRECTION('center_axis',(0.,-1.,0.));
#7929=DIRECTION('ref_axis',(0.248689887164857,0.,0.968583161128631));
#7930=DIRECTION('center_axis',(0.,-1.,0.));
#7931=DIRECTION('ref_axis',(0.309016994374947,0.,0.951056516295154));
#7932=DIRECTION('center_axis',(0.860742027003944,0.,0.509041415750371));
#7933=DIRECTION('ref_axis',(0.509041415750371,0.,-0.860742027003944));
#7934=DIRECTION('',(0.,1.,0.));
#7935=DIRECTION('',(0.509041415750371,0.,-0.860742027003944));
#7936=DIRECTION('center_axis',(0.,1.,0.));
#7937=DIRECTION('ref_axis',(0.309016994374947,0.,0.951056516295154));
#7938=DIRECTION('center_axis',(0.,1.,0.));
#7939=DIRECTION('ref_axis',(0.248689887164857,0.,0.968583161128631));
#7940=DIRECTION('',(-0.860742027003944,0.,-0.509041415750371));
#7941=DIRECTION('center_axis',(0.,1.,0.));
#7942=DIRECTION('ref_axis',(-0.932639023143094,0.,0.360810826487642));
#7943=DIRECTION('center_axis',(0.,-1.,0.));
#7944=DIRECTION('ref_axis',(0.309016994374947,0.,0.951056516295154));
#7945=DIRECTION('center_axis',(0.,1.,0.));
#7946=DIRECTION('ref_axis',(0.248689887164857,0.,0.968583161128631));
#7947=DIRECTION('',(0.,-1.,0.));
#7948=DIRECTION('center_axis',(0.,1.,0.));
#7949=DIRECTION('ref_axis',(-0.932639023143094,0.,0.360810826487642));
#7950=DIRECTION('',(0.,1.,0.));
#7951=DIRECTION('center_axis',(0.,1.,0.));
#7952=DIRECTION('ref_axis',(0.309016994374947,0.,0.951056516295154));
#7953=DIRECTION('',(0.,-1.,0.));
#7954=DIRECTION('center_axis',(-0.509041415750371,0.,0.860742027003944));
#7955=DIRECTION('ref_axis',(0.860742027003944,0.,0.509041415750371));
#7956=DIRECTION('axis',(0.,0.,1.));
#7957=DIRECTION('refdir',(1.,0.,0.));
#7958=DIRECTION('center_axis',(0.,-1.,0.));
#7959=DIRECTION('ref_axis',(-1.,0.,0.));
#7960=DIRECTION('center_axis',(2.54702629954327E-16,-1.,0.));
#7961=DIRECTION('ref_axis',(-1.,0.,0.));
#7962=DIRECTION('',(0.,-1.,0.));
#7963=DIRECTION('center_axis',(-1.58862869257299E-16,1.,0.));
#7964=DIRECTION('ref_axis',(-1.,0.,0.));
#7965=DIRECTION('center_axis',(0.,0.,-1.));
#7966=DIRECTION('ref_axis',(1.,0.,0.));
#7967=DIRECTION('center_axis',(0.,0.,-1.));
#7968=DIRECTION('ref_axis',(1.,0.,0.));
#7969=DIRECTION('',(-0.707106781186548,-8.65956056235494E-17,-0.707106781186547));
#7970=DIRECTION('center_axis',(0.,0.,1.));
#7971=DIRECTION('ref_axis',(1.,0.,0.));
#7972=DIRECTION('center_axis',(0.,0.,1.));
#7973=DIRECTION('ref_axis',(1.,0.,0.));
#7974=DIRECTION('center_axis',(0.,0.,1.));
#7975=DIRECTION('ref_axis',(0.463926500207221,-0.885873694386214,0.));
#7976=DIRECTION('',(-1.,-2.54702629954327E-16,0.));
#7977=DIRECTION('center_axis',(0.,0.,-1.));
#7978=DIRECTION('ref_axis',(1.,0.,0.));
#7979=DIRECTION('center_axis',(0.,0.,-1.));
#7980=DIRECTION('ref_axis',(1.,0.,0.));
#7981=DIRECTION('center_axis',(0.,0.,-1.));
#7982=DIRECTION('ref_axis',(1.,0.,0.));
#7983=DIRECTION('center_axis',(0.,0.,1.));
#7984=DIRECTION('ref_axis',(1.,0.,0.));
#7985=DIRECTION('',(0.,0.,-1.));
#7986=DIRECTION('center_axis',(0.,0.,1.));
#7987=DIRECTION('ref_axis',(1.,0.,0.));
#7988=DIRECTION('center_axis',(0.,0.,-1.));
#7989=DIRECTION('ref_axis',(6.94178604173932E-16,-1.,0.));
#7990=DIRECTION('center_axis',(0.,0.,-1.));
#7991=DIRECTION('ref_axis',(0.463926500207221,-0.885873694386214,0.));
#7992=DIRECTION('center_axis',(-1.80101956826752E-16,0.707106781186548,
0.707106781186547));
#7993=DIRECTION('ref_axis',(1.,0.,2.54702629954327E-16));
#7994=DIRECTION('',(1.,2.54702629954327E-16,0.));
#7995=DIRECTION('center_axis',(0.,0.,1.));
#7996=DIRECTION('ref_axis',(-1.20349320752935E-13,-1.,0.));
#7997=DIRECTION('',(0.,0.,1.));
#7998=DIRECTION('center_axis',(0.,0.,1.));
#7999=DIRECTION('ref_axis',(-0.463926500207221,0.885873694386214,0.));
#8000=DIRECTION('',(0.,0.,1.));
#8001=DIRECTION('center_axis',(0.,0.,1.));
#8002=DIRECTION('ref_axis',(9.13719671249768E-17,-1.,0.));
#8003=DIRECTION('center_axis',(0.,0.,1.));
#8004=DIRECTION('ref_axis',(-0.57516251312941,0.818039169899988,0.));
#8005=DIRECTION('',(0.,0.,1.));
#8006=DIRECTION('center_axis',(0.,0.,-1.));
#8007=DIRECTION('ref_axis',(-0.57516251312941,0.818039169899988,0.));
#8008=DIRECTION('',(0.,0.,1.));
#8009=DIRECTION('center_axis',(1.58862869257299E-16,-1.,0.));
#8010=DIRECTION('ref_axis',(1.,1.58862869257299E-16,0.));
#8011=DIRECTION('',(-1.,-1.58862869257299E-16,0.));
#8012=DIRECTION('',(1.,1.58862869257299E-16,0.));
#8013=DIRECTION('center_axis',(-2.54702629954327E-16,1.,0.));
#8014=DIRECTION('ref_axis',(-1.,-2.54702629954327E-16,0.));
#8015=DIRECTION('',(-1.,-2.54702629954327E-16,0.));
#8016=DIRECTION('center_axis',(0.,0.,1.));
#8017=DIRECTION('ref_axis',(1.,0.,0.));
#8018=DIRECTION('center_axis',(0.,0.,1.));
#8019=DIRECTION('ref_axis',(1.,0.,0.));
#8020=DIRECTION('',(0.,0.,-1.));
#8021=DIRECTION('center_axis',(0.,0.,-1.));
#8022=DIRECTION('ref_axis',(1.,0.,0.));
#8023=DIRECTION('center_axis',(0.,0.,1.));
#8024=DIRECTION('ref_axis',(1.,0.,0.));
#8025=DIRECTION('',(0.,0.,-1.));
#8026=DIRECTION('center_axis',(0.,0.,-1.));
#8027=DIRECTION('ref_axis',(1.,0.,0.));
#8028=DIRECTION('center_axis',(0.,0.,1.));
#8029=DIRECTION('ref_axis',(1.,0.,0.));
#8030=DIRECTION('',(0.,0.,-1.));
#8031=DIRECTION('center_axis',(0.,0.,-1.));
#8032=DIRECTION('ref_axis',(1.,0.,0.));
#8033=DIRECTION('center_axis',(0.,0.,1.));
#8034=DIRECTION('ref_axis',(1.,0.,0.));
#8035=DIRECTION('center_axis',(0.,0.,1.));
#8036=DIRECTION('ref_axis',(1.,0.,0.));
#8037=DIRECTION('axis',(0.,0.,1.));
#8038=DIRECTION('refdir',(1.,0.,0.));
#8039=DIRECTION('center_axis',(0.,1.,0.));
#8040=DIRECTION('ref_axis',(0.,0.,1.));
#8041=DIRECTION('center_axis',(0.,-1.,0.));
#8042=DIRECTION('ref_axis',(1.,0.,0.));
#8043=DIRECTION('center_axis',(-1.,0.,1.22464679914735E-16));
#8044=DIRECTION('ref_axis',(-1.22464679914735E-16,0.,-1.));
#8045=DIRECTION('center_axis',(0.,1.,0.));
#8046=DIRECTION('ref_axis',(1.,0.,0.));
#8047=DIRECTION('center_axis',(0.,-1.,0.));
#8048=DIRECTION('ref_axis',(1.,0.,0.));
#8049=DIRECTION('center_axis',(0.,1.,0.));
#8050=DIRECTION('ref_axis',(1.,0.,0.));
#8051=DIRECTION('center_axis',(0.,1.,0.));
#8052=DIRECTION('ref_axis',(1.,0.,0.));
#8053=DIRECTION('',(0.,-1.,0.));
#8054=DIRECTION('center_axis',(0.,1.,0.));
#8055=DIRECTION('ref_axis',(1.,0.,0.));
#8056=DIRECTION('center_axis',(0.,1.,0.));
#8057=DIRECTION('ref_axis',(1.,0.,0.));
#8058=DIRECTION('center_axis',(0.,1.,0.));
#8059=DIRECTION('ref_axis',(1.,0.,0.));
#8060=DIRECTION('center_axis',(0.,1.,0.));
#8061=DIRECTION('ref_axis',(0.,0.,1.));
#8062=DIRECTION('center_axis',(0.,-1.,0.));
#8063=DIRECTION('ref_axis',(1.,0.,0.));
#8064=DIRECTION('center_axis',(-1.,0.,1.22464679914735E-16));
#8065=DIRECTION('ref_axis',(-1.22464679914735E-16,0.,-1.));
#8066=DIRECTION('center_axis',(0.,1.,0.));
#8067=DIRECTION('ref_axis',(1.,0.,0.));
#8068=DIRECTION('',(0.5,0.,-0.866025403784438));
#8069=DIRECTION('',(1.,0.,4.80740682341282E-16));
#8070=DIRECTION('',(0.499999999999999,0.,0.866025403784439));
#8071=DIRECTION('',(-0.500000000000001,0.,0.866025403784438));
#8072=DIRECTION('',(-1.,0.,-6.40987576455044E-16));
#8073=DIRECTION('',(-0.5,0.,-0.866025403784439));
#8074=DIRECTION('center_axis',(-0.866025403784438,0.,-0.5));
#8075=DIRECTION('ref_axis',(0.5,0.,-0.866025403784438));
#8076=DIRECTION('',(0.,-1.,0.));
#8077=DIRECTION('',(0.5,0.,-0.866025403784438));
#8078=DIRECTION('',(0.,-1.,0.));
#8079=DIRECTION('center_axis',(-0.866025403784439,0.,0.5));
#8080=DIRECTION('ref_axis',(-0.5,0.,-0.866025403784439));
#8081=DIRECTION('',(0.,-1.,0.));
#8082=DIRECTION('',(-0.5,0.,-0.866025403784439));
#8083=DIRECTION('center_axis',(-6.40987576455044E-16,0.,1.));
#8084=DIRECTION('ref_axis',(-1.,0.,-6.40987576455044E-16));
#8085=DIRECTION('',(0.,-1.,0.));
#8086=DIRECTION('',(-1.,0.,-6.40987576455044E-16));
#8087=DIRECTION('center_axis',(0.866025403784438,0.,0.500000000000001));
#8088=DIRECTION('ref_axis',(-0.500000000000001,0.,0.866025403784438));
#8089=DIRECTION('',(0.,-1.,0.));
#8090=DIRECTION('',(-0.500000000000001,0.,0.866025403784438));
#8091=DIRECTION('center_axis',(0.866025403784439,0.,-0.499999999999999));
#8092=DIRECTION('ref_axis',(0.499999999999999,0.,0.866025403784439));
#8093=DIRECTION('',(0.,-1.,0.));
#8094=DIRECTION('',(0.499999999999999,0.,0.866025403784439));
#8095=DIRECTION('center_axis',(4.80740682341282E-16,0.,-1.));
#8096=DIRECTION('ref_axis',(1.,0.,4.80740682341282E-16));
#8097=DIRECTION('',(1.,0.,4.80740682341282E-16));
#8098=DIRECTION('center_axis',(0.,-1.,0.));
#8099=DIRECTION('ref_axis',(0.,0.,-1.));
#8100=DIRECTION('center_axis',(0.,-1.,0.));
#8101=DIRECTION('ref_axis',(1.,0.,0.));
#8102=DIRECTION('center_axis',(0.,-1.,0.));
#8103=DIRECTION('ref_axis',(1.,0.,0.));
#8104=DIRECTION('',(0.,1.,0.));
#8105=DIRECTION('center_axis',(0.,1.,0.));
#8106=DIRECTION('ref_axis',(1.,0.,0.));
#8107=DIRECTION('axis',(0.,0.,1.));
#8108=DIRECTION('refdir',(1.,0.,0.));
#8109=DIRECTION('center_axis',(0.,1.,0.));
#8110=DIRECTION('ref_axis',(1.,0.,0.));
#8111=DIRECTION('center_axis',(0.,-1.,0.));
#8112=DIRECTION('ref_axis',(1.,0.,0.));
#8113=DIRECTION('center_axis',(0.,1.,0.));
#8114=DIRECTION('ref_axis',(0.,0.,1.));
#8115=DIRECTION('center_axis',(0.,-1.,0.));
#8116=DIRECTION('ref_axis',(1.,0.,0.));
#8117=DIRECTION('center_axis',(-1.,0.,1.22464679914735E-16));
#8118=DIRECTION('ref_axis',(-1.22464679914735E-16,0.,-1.));
#8119=DIRECTION('center_axis',(0.,1.,0.));
#8120=DIRECTION('ref_axis',(1.,0.,0.));
#8121=DIRECTION('center_axis',(0.,-1.,0.));
#8122=DIRECTION('ref_axis',(1.,0.,0.));
#8123=DIRECTION('center_axis',(0.,1.,0.));
#8124=DIRECTION('ref_axis',(1.,0.,0.));
#8125=DIRECTION('center_axis',(0.,1.,0.));
#8126=DIRECTION('ref_axis',(1.,0.,0.));
#8127=DIRECTION('',(0.,-1.,0.));
#8128=DIRECTION('center_axis',(0.,1.,0.));
#8129=DIRECTION('ref_axis',(1.,0.,0.));
#8130=DIRECTION('center_axis',(0.,1.,0.));
#8131=DIRECTION('ref_axis',(1.,0.,0.));
#8132=DIRECTION('center_axis',(0.,1.,0.));
#8133=DIRECTION('ref_axis',(1.,0.,0.));
#8134=DIRECTION('center_axis',(0.,1.,0.));
#8135=DIRECTION('ref_axis',(0.,0.,1.));
#8136=DIRECTION('center_axis',(0.,-1.,0.));
#8137=DIRECTION('ref_axis',(1.,0.,0.));
#8138=DIRECTION('center_axis',(-1.,0.,1.22464679914735E-16));
#8139=DIRECTION('ref_axis',(-1.22464679914735E-16,0.,-1.));
#8140=DIRECTION('center_axis',(0.,1.,0.));
#8141=DIRECTION('ref_axis',(1.,0.,0.));
#8142=DIRECTION('',(0.5,0.,-0.866025403784438));
#8143=DIRECTION('',(1.,0.,4.80740682341282E-16));
#8144=DIRECTION('',(0.499999999999999,0.,0.866025403784439));
#8145=DIRECTION('',(-0.500000000000001,0.,0.866025403784438));
#8146=DIRECTION('',(-1.,0.,-6.40987576455044E-16));
#8147=DIRECTION('',(-0.5,0.,-0.866025403784439));
#8148=DIRECTION('center_axis',(-0.866025403784438,0.,-0.5));
#8149=DIRECTION('ref_axis',(0.5,0.,-0.866025403784438));
#8150=DIRECTION('',(0.,-1.,0.));
#8151=DIRECTION('',(0.5,0.,-0.866025403784438));
#8152=DIRECTION('',(0.,-1.,0.));
#8153=DIRECTION('center_axis',(-0.866025403784439,0.,0.5));
#8154=DIRECTION('ref_axis',(-0.5,0.,-0.866025403784439));
#8155=DIRECTION('',(0.,-1.,0.));
#8156=DIRECTION('',(-0.5,0.,-0.866025403784439));
#8157=DIRECTION('center_axis',(-6.40987576455044E-16,0.,1.));
#8158=DIRECTION('ref_axis',(-1.,0.,-6.40987576455044E-16));
#8159=DIRECTION('',(0.,-1.,0.));
#8160=DIRECTION('',(-1.,0.,-6.40987576455044E-16));
#8161=DIRECTION('center_axis',(0.866025403784438,0.,0.500000000000001));
#8162=DIRECTION('ref_axis',(-0.500000000000001,0.,0.866025403784438));
#8163=DIRECTION('',(0.,-1.,0.));
#8164=DIRECTION('',(-0.500000000000001,0.,0.866025403784438));
#8165=DIRECTION('center_axis',(0.866025403784439,0.,-0.499999999999999));
#8166=DIRECTION('ref_axis',(0.499999999999999,0.,0.866025403784439));
#8167=DIRECTION('',(0.,-1.,0.));
#8168=DIRECTION('',(0.499999999999999,0.,0.866025403784439));
#8169=DIRECTION('center_axis',(4.80740682341282E-16,0.,-1.));
#8170=DIRECTION('ref_axis',(1.,0.,4.80740682341282E-16));
#8171=DIRECTION('',(1.,0.,4.80740682341282E-16));
#8172=DIRECTION('center_axis',(0.,-1.,0.));
#8173=DIRECTION('ref_axis',(0.,0.,-1.));
#8174=DIRECTION('center_axis',(0.,-1.,0.));
#8175=DIRECTION('ref_axis',(1.,0.,0.));
#8176=DIRECTION('',(0.,1.,0.));
#8177=DIRECTION('',(0.,1.,-8.32667268468867E-17));
#8178=DIRECTION('',(1.,0.,0.));
#8179=DIRECTION('',(-0.587785252292477,0.809016994374953,-1.90106043480473E-16));
#8180=DIRECTION('',(0.809016994374945,0.587785252292472,-4.42721696226377E-16));
#8181=DIRECTION('',(-1.05472873783782E-18,-8.32667268468867E-17,-1.));
#8182=DIRECTION('',(1.,-5.4166779685891E-35,-6.50521303491303E-19));
#8183=DIRECTION('',(0.,-1.,8.32667268468867E-17));
#8184=DIRECTION('',(1.,0.,0.));
#8185=DIRECTION('',(0.,-1.,8.32667268468867E-17));
#8186=DIRECTION('',(1.,0.,0.));
#8187=DIRECTION('',(0.,-1.,8.32667268468867E-17));
#8188=DIRECTION('',(1.,0.,0.));
#8189=DIRECTION('',(0.,-1.,8.32667268468867E-17));
#8190=DIRECTION('',(1.,0.,0.));
#8191=DIRECTION('',(0.,-1.,8.32667268468867E-17));
#8192=DIRECTION('',(1.,0.,0.));
#8193=DIRECTION('',(0.,-1.,8.32667268468867E-17));
#8194=DIRECTION('',(1.,0.,0.));
#8195=DIRECTION('',(0.,-1.,8.32667268468867E-17));
#8196=DIRECTION('',(1.,0.,0.));
#8197=DIRECTION('',(0.,-1.,8.32667268468867E-17));
#8198=DIRECTION('',(1.,0.,0.));
#8199=CARTESIAN_POINT('',(0.,0.,0.));
#8200=CARTESIAN_POINT('',(0.,0.,0.));
#8201=CARTESIAN_POINT('Origin',(29.9029105026776,0.,30.9000961724855));
#8202=CARTESIAN_POINT('',(28.4025622446869,1.99365006697839,32.2225768357636));
#8203=CARTESIAN_POINT('',(31.2937435493138,1.87707606316852,32.3373099479499));
#8204=CARTESIAN_POINT('Origin',(29.9029105026776,1.88253934924992,30.9000961724855));
#8205=CARTESIAN_POINT('',(31.2937435493138,5.,32.3373099479499));
#8206=CARTESIAN_POINT('',(31.2937435493138,0.,32.3373099479499));
#8207=CARTESIAN_POINT('',(28.4025622446869,5.,32.2225768357636));
#8208=CARTESIAN_POINT('Origin',(29.9029105026776,5.,30.9000961724855));
#8209=CARTESIAN_POINT('',(28.4025622446869,0.,32.2225768357635));
#8210=CARTESIAN_POINT('Origin',(0.,0.,0.));
#8211=CARTESIAN_POINT('',(44.8690451621251,0.,-3.43056646039332));
#8212=CARTESIAN_POINT('Origin',(0.,2.,0.));
#8213=CARTESIAN_POINT('',(43.1054094633373,0.,-12.9198945428372));
#8214=CARTESIAN_POINT('Origin',(0.,0.,0.));
#8215=CARTESIAN_POINT('',(43.1054094633373,5.,-12.9198945428372));
#8216=CARTESIAN_POINT('',(43.1054094633372,0.,-12.9198945428372));
#8217=CARTESIAN_POINT('Origin',(0.,5.,0.));
#8218=CARTESIAN_POINT('Origin',(28.3676986341805,1.,5.05209602049618));
#8219=CARTESIAN_POINT('',(28.1027140946582,1.9937171037356,31.8824004823021));
#8220=CARTESIAN_POINT('',(21.5060222112999,1.9951919196787,24.3984837411939));
#8221=CARTESIAN_POINT('',(29.8568885310662,1.86050328614374,30.2459287713816));
#8222=CARTESIAN_POINT('Origin',(0.,2.,0.));
#8223=CARTESIAN_POINT('',(33.0897526873369,1.59450719845698,26.6705505584508));
#8224=CARTESIAN_POINT('Origin',(30.9805697128451,1.73177145995741,28.0126933154308));
#8225=CARTESIAN_POINT('',(41.9609411086274,0.,-6.74754927942729));
#8226=CARTESIAN_POINT('Origin',(0.,2.,0.));
#8227=CARTESIAN_POINT('',(41.9024571355662,0.,-6.81425608573969));
#8228=CARTESIAN_POINT('Origin',(0.,0.,0.));
#8229=CARTESIAN_POINT('',(28.1027140946582,2.,31.8824004823021));
#8230=CARTESIAN_POINT('',(28.1027140946582,0.,31.8824004823021));
#8231=CARTESIAN_POINT('',(29.8568885310661,2.,30.2459287713816));
#8232=CARTESIAN_POINT('Origin',(0.,2.,0.));
#8233=CARTESIAN_POINT('',(29.8568885310662,2.,30.2459287713816));
#8234=CARTESIAN_POINT('Origin',(-20.1103855496963,0.,38.0075307411908));
#8235=CARTESIAN_POINT('',(-21.9062569880009,1.99105059486493,37.1272774951975));
#8236=CARTESIAN_POINT('',(-21.0457523194496,1.87473703191098,39.7753228686881));
#8237=CARTESIAN_POINT('Origin',(-20.1103855496963,1.88030427493716,38.0075307411908));
#8238=CARTESIAN_POINT('',(-21.0457523194496,5.,39.7753228686881));
#8239=CARTESIAN_POINT('',(-21.0457523194496,0.,39.7753228686881));
#8240=CARTESIAN_POINT('',(-21.9062569880009,5.,37.1272774951975));
#8241=CARTESIAN_POINT('Origin',(-20.1103855496963,5.,38.0075307411908));
#8242=CARTESIAN_POINT('',(-21.9062569880009,0.,37.1272774951975));
#8243=CARTESIAN_POINT('Origin',(3.96221076450542,1.,28.5403378721703));
#8244=CARTESIAN_POINT('',(-21.6377484905154,1.99379475566178,36.5794729358038));
#8245=CARTESIAN_POINT('',(-17.567781421465,2.03538987901903,28.2760243005199));
#8246=CARTESIAN_POINT('',(-19.5393016941612,1.86058080277344,37.7420943947809));
#8247=CARTESIAN_POINT('Origin',(0.,2.,0.));
#8248=CARTESIAN_POINT('',(-15.1399049817444,1.59458369716719,39.7118782877837));
#8249=CARTESIAN_POINT('Origin',(-17.0681319799287,1.73184726198394,38.1206709966201));
#8250=CARTESIAN_POINT('',(19.3851884967305,0.,37.8214815540881));
#8251=CARTESIAN_POINT('Origin',(0.,2.,0.));
#8252=CARTESIAN_POINT('',(17.1293286183917,0.,41.612331118109));
#8253=CARTESIAN_POINT('',(19.4305553907369,0.,37.7452449615512));
#8254=CARTESIAN_POINT('Origin',(0.,2.,0.));
#8255=CARTESIAN_POINT('Origin',(-21.6377484905154,5.,36.5794729358038));
#8256=CARTESIAN_POINT('',(-21.6377484905154,5.,36.5794729358038));
#8257=CARTESIAN_POINT('',(-12.3138058305395,5.,17.5569900405047));
#8258=CARTESIAN_POINT('',(-21.6377484905154,2.,36.5794729358038));
#8259=CARTESIAN_POINT('',(-21.6377484905154,0.,36.5794729358038));
#8260=CARTESIAN_POINT('',(-21.6377484905154,0.,36.5794729358038));
#8261=CARTESIAN_POINT('Origin',(0.,5.,0.));
#8262=CARTESIAN_POINT('',(25.6078539684734,5.,37.0032135784088));
#8263=CARTESIAN_POINT('Origin',(0.,5.,0.));
#8264=CARTESIAN_POINT('',(26.5712313979773,5.,33.1695592674238));
#8265=CARTESIAN_POINT('Origin',(23.9006637039085,5.,34.5363326731816));
#8266=CARTESIAN_POINT('',(20.4276232436587,5.,37.2687832993664));
#8267=CARTESIAN_POINT('Origin',(0.,5.,0.));
#8268=CARTESIAN_POINT('',(-10.4703125464668,5.,41.1900783584992));
#8269=CARTESIAN_POINT('Origin',(0.,5.,0.));
#8270=CARTESIAN_POINT('',(-11.8892517717205,5.,38.6638809783581));
#8271=CARTESIAN_POINT('Origin',(-9.97759195604483,5.,39.2517217298639));
#8272=CARTESIAN_POINT('',(-11.7991191214565,5.,38.3707693403021));
#8273=CARTESIAN_POINT('',(-11.3358080861994,5.,36.864080520258));
#8274=CARTESIAN_POINT('',(-12.6925319493432,5.,36.0615416271114));
#8275=CARTESIAN_POINT('Origin',(-13.7107789371322,5.,37.7829285887963));
#8276=CARTESIAN_POINT('',(-17.3707440593581,5.,33.2942525193806));
#8277=CARTESIAN_POINT('',(-19.0921310210429,5.,32.2760055315916));
#8278=CARTESIAN_POINT('',(-20.1103780088319,5.,33.9973924932765));
#8279=CARTESIAN_POINT('Origin',(-18.388991047147,5.,35.0156394810654));
#8280=CARTESIAN_POINT('',(-21.6377484905154,5.,36.5794729358038));
#8281=CARTESIAN_POINT('',(-15.8546064883662,5.,37.238993118177));
#8282=CARTESIAN_POINT('Origin',(-17.0681319799287,5.,38.1206709966201));
#8283=CARTESIAN_POINT('Origin',(0.,0.,0.));
#8284=CARTESIAN_POINT('',(-19.5393016941613,2.,37.7420943947808));
#8285=CARTESIAN_POINT('Origin',(0.,2.,0.));
#8286=CARTESIAN_POINT('',(-19.5393016941612,2.,37.7420943947809));
#8287=CARTESIAN_POINT('Origin',(0.,5.,0.));
#8288=CARTESIAN_POINT('',(-44.3210902335847,5.,-7.7872306057058));
#8289=CARTESIAN_POINT('',(-42.1845881432933,5.,-9.43417415624488));
#8290=CARTESIAN_POINT('Origin',(-42.351264000981,5.,-7.44113146767443));
#8291=CARTESIAN_POINT('',(-27.2788853318768,5.,35.7891382272655));
#8292=CARTESIAN_POINT('Origin',(0.,5.,0.));
#8293=CARTESIAN_POINT('',(-23.3351634204776,5.,35.5207002765937));
#8294=CARTESIAN_POINT('Origin',(-25.4602929764184,5.,33.4031956787811));
#8295=CARTESIAN_POINT('',(-29.1322364742752,5.,30.9445115974854));
#8296=CARTESIAN_POINT('Origin',(0.,5.,0.));
#8297=CARTESIAN_POINT('',(-42.4095969428341,5.,2.77057523744782));
#8298=CARTESIAN_POINT('Origin',(0.,5.,0.));
#8299=CARTESIAN_POINT('',(-40.4455167975918,5.,0.640445919434447));
#8300=CARTESIAN_POINT('Origin',(-40.4138512043478,5.,2.64019522627381));
#8301=CARTESIAN_POINT('',(-40.1388985435371,5.,0.635590686390548));
#8302=CARTESIAN_POINT('',(-38.5627813396292,5.,0.610633214914924));
#8303=CARTESIAN_POINT('',(-38.2187722261073,5.,-0.927686012570281));
#8304=CARTESIAN_POINT('Origin',(-40.1705641367811,5.,-1.36415862044881));
#8305=CARTESIAN_POINT('',(-37.0325709330125,5.,-6.23206948704831));
#8306=CARTESIAN_POINT('',(-36.596098325134,5.,-8.18386139772211));
#8307=CARTESIAN_POINT('',(-38.5478902358078,5.,-8.62033400560065));
#8308=CARTESIAN_POINT('Origin',(-38.9843628436863,5.,-6.66854209492684));
#8309=CARTESIAN_POINT('',(-41.4755781018185,5.,-9.27504291741847));
#8310=CARTESIAN_POINT('',(-41.4755781018185,5.,-9.27504291741845));
#8311=CARTESIAN_POINT('',(-41.4754571247088,5.,-9.27558387900435));
#8312=CARTESIAN_POINT('Origin',(0.,5.,0.));
#8313=CARTESIAN_POINT('',(-21.9575949483752,5.,-4.9106032300611));
#8314=CARTESIAN_POINT('',(-40.3157299093451,5.,-3.57114508712765));
#8315=CARTESIAN_POINT('Origin',(-41.5292554009075,5.,-4.45282296556635));
#8316=CARTESIAN_POINT('Origin',(-41.5292554009075,2.,-4.45282296556635));
#8317=CARTESIAN_POINT('',(-40.3157299093451,2.,-3.57114508712765));
#8318=CARTESIAN_POINT('Origin',(-41.5292554009092,2.,-4.45282296556422));
#8319=CARTESIAN_POINT('',(-40.3157299093451,2.,-3.57114508712765));
#8320=CARTESIAN_POINT('Origin',(-17.0681319799286,2.,38.1206709966158));
#8321=CARTESIAN_POINT('',(-15.8546064883662,2.,37.238993118177));
#8322=CARTESIAN_POINT('Origin',(-17.0681319799287,2.,38.1206709966201));
#8323=CARTESIAN_POINT('',(-15.8546064883662,2.,37.238993118177));
#8324=CARTESIAN_POINT('Origin',(-17.0681319799287,2.,38.1206709966201));
#8325=CARTESIAN_POINT('',(-15.1399049817402,2.,39.7118782877853));
#8326=CARTESIAN_POINT('Origin',(-17.0681319799287,2.,38.1206709966201));
#8327=CARTESIAN_POINT('',(-15.1399049817403,2.,39.7118782877853));
#8328=CARTESIAN_POINT('Origin',(0.,5.,0.));
#8329=CARTESIAN_POINT('',(39.7570875473659,5.,-15.0207852574717));
#8330=CARTESIAN_POINT('Origin',(40.2317154991148,5.,-12.0585682399814));
#8331=CARTESIAN_POINT('',(41.7572019482337,5.,-7.91113679912248));
#8332=CARTESIAN_POINT('Origin',(0.,5.,0.));
#8333=CARTESIAN_POINT('',(35.9385879162831,5.,22.6862931873761));
#8334=CARTESIAN_POINT('Origin',(0.,5.,0.));
#8335=CARTESIAN_POINT('',(33.0975551018636,5.,23.2551466621714));
#8336=CARTESIAN_POINT('Origin',(34.2473602496345,5.,21.6187029197349));
#8337=CARTESIAN_POINT('',(32.8466418891681,5.,23.0788489403985));
#8338=CARTESIAN_POINT('',(31.5568666524121,5.,22.1726215106175));
#8339=CARTESIAN_POINT('',(30.3743560781192,5.,23.2149444248443));
#8340=CARTESIAN_POINT('Origin',(31.6968367413973,5.,24.715292682835));
#8341=CARTESIAN_POINT('',(26.2968606944539,5.,26.8090491740473));
#8342=CARTESIAN_POINT('',(24.7965124364632,5.,28.1315298373253));
#8343=CARTESIAN_POINT('',(26.1189930997412,5.,29.631878095316));
#8344=CARTESIAN_POINT('Origin',(27.6193413577319,5.,28.309397432038));
#8345=CARTESIAN_POINT('',(14.0513570473294,5.,15.9412002411508));
#8346=CARTESIAN_POINT('',(30.5170442212802,5.,26.5861085409845));
#8347=CARTESIAN_POINT('Origin',(30.9805697128451,5.,28.0126933154308));
#8348=CARTESIAN_POINT('Origin',(30.9805697128426,2.,28.0126933154272));
#8349=CARTESIAN_POINT('',(30.5170442212802,2.,26.5861085409845));
#8350=CARTESIAN_POINT('Origin',(30.9805697128451,2.,28.0126933154308));
#8351=CARTESIAN_POINT('',(30.5170442212802,2.,26.5861085409845));
#8352=CARTESIAN_POINT('Origin',(-40.129735030773,2.,-4.18003852128809));
#8353=CARTESIAN_POINT('',(-42.4467285524979,2.,-2.12726001949866));
#8354=CARTESIAN_POINT('',(-41.9328410944984,2.,-6.92003162879671));
#8355=CARTESIAN_POINT('Origin',(-41.5292554009092,2.,-4.45282296556422));
#8356=CARTESIAN_POINT('',(-41.4755781018185,2.,-9.27504291741848));
#8357=CARTESIAN_POINT('Origin',(0.,2.,0.));
#8358=CARTESIAN_POINT('',(-38.5478902358078,2.,-8.62033400560065));
#8359=CARTESIAN_POINT('',(-41.4755781018185,2.,-9.27504291741845));
#8360=CARTESIAN_POINT('',(-37.0325709330125,2.,-6.23206948704831));
#8361=CARTESIAN_POINT('Origin',(-38.9843628436863,2.,-6.66854209492684));
#8362=CARTESIAN_POINT('',(-38.2187722261073,2.,-0.927686012570281));
#8363=CARTESIAN_POINT('',(-36.596098325134,2.,-8.18386139772211));
#8364=CARTESIAN_POINT('',(-40.1388985435371,2.,0.635590686390548));
#8365=CARTESIAN_POINT('Origin',(-40.1705641367811,2.,-1.36415862044881));
#8366=CARTESIAN_POINT('',(-40.4455167975918,2.,0.640445919434447));
#8367=CARTESIAN_POINT('',(-38.5627813396292,2.,0.610633214914924));
#8368=CARTESIAN_POINT('',(-42.4095969428341,2.,2.77057523744782));
#8369=CARTESIAN_POINT('Origin',(-40.4138512043478,2.,2.64019522627381));
#8370=CARTESIAN_POINT('Origin',(0.,2.,0.));
#8371=CARTESIAN_POINT('Origin',(-16.3762229783083,2.,36.8739430579946));
#8372=CARTESIAN_POINT('',(-20.1103780088319,2.,33.9973924932765));
#8373=CARTESIAN_POINT('',(-21.6377484905154,2.,36.5794729358038));
#8374=CARTESIAN_POINT('',(-17.3707440593581,2.,33.2942525193806));
#8375=CARTESIAN_POINT('Origin',(-18.388991047147,2.,35.0156394810654));
#8376=CARTESIAN_POINT('',(-12.6925319493432,2.,36.0615416271114));
#8377=CARTESIAN_POINT('',(-19.0921310210429,2.,32.2760055315916));
#8378=CARTESIAN_POINT('',(-11.7991191214565,2.,38.3707693403021));
#8379=CARTESIAN_POINT('Origin',(-13.7107789371322,2.,37.7829285887963));
#8380=CARTESIAN_POINT('',(-11.8892517717205,2.,38.6638809783581));
#8381=CARTESIAN_POINT('',(-11.3358080861994,2.,36.864080520258));
#8382=CARTESIAN_POINT('',(-10.4703125464668,2.,41.1900783584992));
#8383=CARTESIAN_POINT('Origin',(-9.97759195604483,2.,39.2517217298639));
#8384=CARTESIAN_POINT('Origin',(0.,2.,0.));
#8385=CARTESIAN_POINT('Origin',(30.0086726228314,2.,26.969388630357));
#8386=CARTESIAN_POINT('',(33.0897526873369,2.,26.6705505584508));
#8387=CARTESIAN_POINT('Origin',(30.9805697128451,2.,28.0126933154308));
#8388=CARTESIAN_POINT('',(26.1189930997412,2.,29.631878095316));
#8389=CARTESIAN_POINT('',(28.1027140946583,2.,31.8824004823021));
#8390=CARTESIAN_POINT('',(26.2968606944539,2.,26.8090491740473));
#8391=CARTESIAN_POINT('Origin',(27.6193413577319,2.,28.309397432038));
#8392=CARTESIAN_POINT('',(30.3743560781192,2.,23.2149444248443));
#8393=CARTESIAN_POINT('',(24.7965124364632,2.,28.1315298373253));
#8394=CARTESIAN_POINT('',(32.8466418891681,2.,23.0788489403985));
#8395=CARTESIAN_POINT('Origin',(31.6968367413973,2.,24.715292682835));
#8396=CARTESIAN_POINT('',(33.0975551018636,2.,23.2551466621714));
#8397=CARTESIAN_POINT('',(31.5568666524121,2.,22.1726215106175));
#8398=CARTESIAN_POINT('',(35.9385879162831,2.,22.6862931873761));
#8399=CARTESIAN_POINT('Origin',(34.2473602496345,2.,21.6187029197349));
#8400=CARTESIAN_POINT('Origin',(0.,2.,0.));
#8401=CARTESIAN_POINT('Origin',(-5.99999999999997,0.,-42.5793377120875));
#8402=CARTESIAN_POINT('',(-3.99999999999997,2.,-42.5793377120875));
#8403=CARTESIAN_POINT('',(-6.27906976744183,1.86976744186047,-44.5597720242777));
#8404=CARTESIAN_POINT('Origin',(-5.99999999999997,1.88571428571429,-42.5793377120875));
#8405=CARTESIAN_POINT('',(-6.27906976744183,5.,-44.5597720242777));
#8406=CARTESIAN_POINT('',(-6.27906976744183,0.,-44.5597720242777));
#8407=CARTESIAN_POINT('',(-3.99999999999997,5.,-42.5793377120875));
#8408=CARTESIAN_POINT('Origin',(-5.99999999999997,5.,-42.5793377120875));
#8409=CARTESIAN_POINT('',(-3.99999999999997,0.,-42.5793377120875));
#8410=CARTESIAN_POINT('Origin',(0.,0.,0.));
#8411=CARTESIAN_POINT('',(-39.,0.,-22.4499443206437));
#8412=CARTESIAN_POINT('Origin',(0.,2.22857142857143,0.));
#8413=CARTESIAN_POINT('',(-42.4671322787842,0.,-14.8843097258906));
#8414=CARTESIAN_POINT('Origin',(0.,0.,0.));
#8415=CARTESIAN_POINT('',(-42.4671322787842,5.,-14.8843097258906));
#8416=CARTESIAN_POINT('',(-42.4671322787842,0.,-14.8843097258906));
#8417=CARTESIAN_POINT('Origin',(0.,5.,0.));
#8418=CARTESIAN_POINT('Origin',(-21.5,1.,-22.410934831015));
#8419=CARTESIAN_POINT('',(-3.99999999999998,2.,-42.3586930604756));
#8420=CARTESIAN_POINT('',(-3.99999999999995,2.,-22.410934831015));
#8421=CARTESIAN_POINT('',(-3.99999999999997,2.,-42.3113459960801));
#8422=CARTESIAN_POINT('',(-3.99999999999995,2.,-22.410934831015));
#8423=CARTESIAN_POINT('',(-6.37661934708645,1.86419318016649,-42.0189091446025));
#8424=CARTESIAN_POINT('Origin',(0.,2.22857142857143,0.));
#8425=CARTESIAN_POINT('',(-11.0936159749413,1.59465051571764,-41.0265972827448));
#8426=CARTESIAN_POINT('Origin',(-8.59835938530741,1.73723660655386,-40.8726669352219));
#8427=CARTESIAN_POINT('',(-38.4323355530602,0.0324379683965584,-18.1440233668552));
#8428=CARTESIAN_POINT('Origin',(0.,2.22857142857143,0.));
#8429=CARTESIAN_POINT('',(-38.6527936136762,0.0198403649327834,-17.4922219689487));
#8430=CARTESIAN_POINT('Origin',(-35.7194648081383,0.187459153820666,-16.8632687762536));
#8431=CARTESIAN_POINT('',(-39.,0.,-16.8893457540546));
#8432=CARTESIAN_POINT('Ctrl Pts',(-38.6528021706296,0.0196896980354247,
-17.4922258413758));
#8433=CARTESIAN_POINT('Ctrl Pts',(-38.7374148279567,0.0149317439284881,
-17.3562574650165));
#8434=CARTESIAN_POINT('Ctrl Pts',(-38.8313164754558,0.00961672588324041,
-17.1956633639555));
#8435=CARTESIAN_POINT('Ctrl Pts',(-38.9318737985295,0.00388451864492244,
-17.0139244021146));
#8436=CARTESIAN_POINT('Ctrl Pts',(-38.9542362833915,0.00260975919753345,
-16.9735083025332));
#8437=CARTESIAN_POINT('Ctrl Pts',(-38.9769278505952,0.00131439320123934,
-16.9320466665269));
#8438=CARTESIAN_POINT('Ctrl Pts',(-38.9999195788513,0.,-16.8895781554728));
#8439=CARTESIAN_POINT('',(-39.,0.,-22.4109348310149));
#8440=CARTESIAN_POINT('Origin',(0.,5.,0.));
#8441=CARTESIAN_POINT('',(-40.9931555248657,5.,-11.2165591922911));
#8442=CARTESIAN_POINT('Origin',(-39.6359901268653,5.,-13.8920224108313));
#8443=CARTESIAN_POINT('',(-38.4323355530602,5.,-18.1440233668552));
#8444=CARTESIAN_POINT('Origin',(0.,5.,0.));
#8445=CARTESIAN_POINT('',(-15.7402598133883,5.,-39.4777686933676));
#8446=CARTESIAN_POINT('Origin',(0.,5.,0.));
#8447=CARTESIAN_POINT('',(-13.107452301746,5.,-38.2680636321914));
#8448=CARTESIAN_POINT('Origin',(-14.999541704523,5.,-37.6199913430915));
#8449=CARTESIAN_POINT('',(-13.008084449433,5.,-37.9779526931799));
#8450=CARTESIAN_POINT('',(-12.4973014824216,5.,-36.486688438781));
#8451=CARTESIAN_POINT('',(-10.9279682946816,5.,-36.6348831137677));
#8452=CARTESIAN_POINT('Origin',(-11.1159950466561,5.,-38.6260249822798));
#8453=CARTESIAN_POINT('',(-5.51664346803509,5.,-37.1458832826275));
#8454=CARTESIAN_POINT('',(-3.52550159952297,5.,-37.3339100346021));
#8455=CARTESIAN_POINT('',(-3.71352835149751,5.,-39.3250519031142));
#8456=CARTESIAN_POINT('Origin',(-5.70467022000962,5.,-39.1370251511397));
#8457=CARTESIAN_POINT('',(-3.99999999999997,5.,-42.3586930604755));
#8458=CARTESIAN_POINT('',(-3.99556847945932,5.,-42.3117647058824));
#8459=CARTESIAN_POINT('',(-3.99999999999995,5.,-22.410934831015));
#8460=CARTESIAN_POINT('',(-9.06188487686983,5.,-39.4460821607791));
#8461=CARTESIAN_POINT('Origin',(-8.59835938530741,5.,-40.8726669352219));
#8462=CARTESIAN_POINT('Origin',(-41.5292554009092,2.,-4.45282296556422));
#8463=CARTESIAN_POINT('',(-41.9328410944984,1.86674495459453,-6.92003162879684));
#8464=CARTESIAN_POINT('',(-41.9328410944984,2.,-6.92003162879684));
#8465=CARTESIAN_POINT('',(-42.4467285524979,1.60066783091999,-2.12726001949853));
#8466=CARTESIAN_POINT('',(-42.4467285524979,2.,-2.12726001949853));
#8467=CARTESIAN_POINT('Origin',(-41.5292554009092,1.73787552429863,-4.45282296556422));
#8468=CARTESIAN_POINT('Origin',(-8.59835938530741,2.,-40.8726669352219));
#8469=CARTESIAN_POINT('',(-6.37661934708649,2.,-42.0189091446025));
#8470=CARTESIAN_POINT('',(-6.37661934708645,2.,-42.0189091446025));
#8471=CARTESIAN_POINT('',(-11.0936159749413,2.,-41.0265972827449));
#8472=CARTESIAN_POINT('Origin',(-8.59835938530741,2.,-40.8726669352219));
#8473=CARTESIAN_POINT('',(-11.0936159749413,2.,-41.0265972827449));
#8474=CARTESIAN_POINT('Origin',(30.9805697128451,2.,28.0126933154308));
#8475=CARTESIAN_POINT('',(33.0897526873369,2.,26.6705505584508));
#8476=CARTESIAN_POINT('Origin',(-25.8860775324242,1.,12.6554727286391));
#8477=CARTESIAN_POINT('',(-29.9011354939743,0.,30.2021869435143));
#8478=CARTESIAN_POINT('Origin',(0.,2.,0.));
#8479=CARTESIAN_POINT('',(-34.2060791061481,0.,29.239428041327));
#8480=CARTESIAN_POINT('',(-29.8145601164731,0.,30.2215486873392));
#8481=CARTESIAN_POINT('',(-44.3210902335847,1.88480386802175,-7.7872306057058));
#8482=CARTESIAN_POINT('Origin',(0.,2.,0.));
#8483=CARTESIAN_POINT('',(-42.1845881432933,2.,-9.43417415624487));
#8484=CARTESIAN_POINT('Origin',(-42.351264000981,1.88992369610967,-7.44113146767443));
#8485=CARTESIAN_POINT('',(-41.4754571247088,2.,-9.27558387900435));
#8486=CARTESIAN_POINT('',(-21.9575949483752,2.,-4.9106032300611));
#8487=CARTESIAN_POINT('Origin',(0.,2.,0.));
#8488=CARTESIAN_POINT('Origin',(0.,0.,0.));
#8489=CARTESIAN_POINT('',(-42.4095969428341,0.,2.77057523744782));
#8490=CARTESIAN_POINT('',(-29.1322364742752,0.,30.9445115974854));
#8491=CARTESIAN_POINT('',(-29.1322364742752,0.,30.9445115974854));
#8492=CARTESIAN_POINT('Origin',(0.,0.,0.));
#8493=CARTESIAN_POINT('Origin',(0.,0.,0.));
#8494=CARTESIAN_POINT('',(-41.4754571247088,0.,-9.27558387900435));
#8495=CARTESIAN_POINT('',(-41.4755781018185,0.,-9.27504291741845));
#8496=CARTESIAN_POINT('Origin',(0.,0.,0.));
#8497=CARTESIAN_POINT('',(-10.4703125464668,0.,41.1900783584992));
#8498=CARTESIAN_POINT('',(20.4276232436587,0.,37.2687832993664));
#8499=CARTESIAN_POINT('',(20.4276232436587,0.,37.2687832993664));
#8500=CARTESIAN_POINT('Origin',(0.,0.,0.));
#8501=CARTESIAN_POINT('Origin',(0.,0.,0.));
#8502=CARTESIAN_POINT('',(-15.7402598133883,2.,-39.4777686933676));
#8503=CARTESIAN_POINT('Origin',(0.,2.,0.));
#8504=CARTESIAN_POINT('',(-15.7402598133883,0.,-39.4777686933676));
#8505=CARTESIAN_POINT('',(-38.4323355530602,0.,-18.1440233668552));
#8506=CARTESIAN_POINT('Origin',(0.,0.,0.));
#8507=CARTESIAN_POINT('',(35.9385879162831,0.,22.6862931873761));
#8508=CARTESIAN_POINT('',(41.7572019482337,0.,-7.91113679912248));
#8509=CARTESIAN_POINT('',(41.7572019482337,0.,-7.91113679912248));
#8510=CARTESIAN_POINT('Origin',(0.,0.,0.));
#8511=CARTESIAN_POINT('Origin',(-42.351264000981,0.,-7.44113146767443));
#8512=CARTESIAN_POINT('',(-44.3210902335847,0.,-7.7872306057058));
#8513=CARTESIAN_POINT('',(-42.1845881432933,0.,-9.43417415624488));
#8514=CARTESIAN_POINT('Origin',(-43.9151898967505,0.,-9.82120646012226));
#8515=CARTESIAN_POINT('Origin',(34.2473602496345,0.,21.6187029197349));
#8516=CARTESIAN_POINT('',(33.0975551018636,0.,23.2551466621714));
#8517=CARTESIAN_POINT('Origin',(31.5568666524121,5.,22.1726215106175));
#8518=CARTESIAN_POINT('',(32.8466418891681,5.,23.0788489403985));
#8519=CARTESIAN_POINT('Origin',(27.6193413577319,5.,28.309397432038));
#8520=CARTESIAN_POINT('',(26.1189930997412,5.,29.631878095316));
#8521=CARTESIAN_POINT('',(26.2968606944539,5.,26.8090491740473));
#8522=CARTESIAN_POINT('Origin',(28.1027140946583,5.,31.8824004823021));
#8523=CARTESIAN_POINT('Origin',(24.7965124364632,5.,28.1315298373253));
#8524=CARTESIAN_POINT('',(30.3743560781192,5.,23.2149444248443));
#8525=CARTESIAN_POINT('Origin',(31.6968367413973,5.,24.715292682835));
#8526=CARTESIAN_POINT('Origin',(-9.97759195604483,0.,39.2517217298639));
#8527=CARTESIAN_POINT('',(-11.8892517717205,0.,38.6638809783581));
#8528=CARTESIAN_POINT('Origin',(-11.3358080861994,5.,36.864080520258));
#8529=CARTESIAN_POINT('',(-11.7991191214565,5.,38.3707693403021));
#8530=CARTESIAN_POINT('Origin',(-18.388991047147,5.,35.0156394810654));
#8531=CARTESIAN_POINT('',(-20.1103780088319,5.,33.9973924932765));
#8532=CARTESIAN_POINT('',(-17.3707440593581,5.,33.2942525193806));
#8533=CARTESIAN_POINT('Origin',(-21.6377484905154,5.,36.5794729358038));
#8534=CARTESIAN_POINT('Origin',(-19.0921310210429,5.,32.2760055315916));
#8535=CARTESIAN_POINT('',(-12.6925319493432,5.,36.0615416271114));
#8536=CARTESIAN_POINT('Origin',(-13.7107789371322,5.,37.7829285887963));
#8537=CARTESIAN_POINT('Origin',(-40.4138512043478,0.,2.64019522627381));
#8538=CARTESIAN_POINT('',(-40.4455167975918,0.,0.640445919434448));
#8539=CARTESIAN_POINT('Origin',(-38.5627813396292,5.,0.610633214914924));
#8540=CARTESIAN_POINT('',(-40.1388985435371,5.,0.635590686390548));
#8541=CARTESIAN_POINT('Origin',(-38.9843628436863,5.,-6.66854209492684));
#8542=CARTESIAN_POINT('',(-38.5478902358078,5.,-8.62033400560065));
#8543=CARTESIAN_POINT('',(-37.0325709330125,5.,-6.23206948704831));
#8544=CARTESIAN_POINT('Origin',(-41.4755781018185,5.,-9.27504291741845));
#8545=CARTESIAN_POINT('Origin',(-36.596098325134,5.,-8.18386139772211));
#8546=CARTESIAN_POINT('',(-38.2187722261073,5.,-0.927686012570281));
#8547=CARTESIAN_POINT('Origin',(-40.1705641367811,5.,-1.36415862044881));
#8548=CARTESIAN_POINT('Origin',(-14.999541704523,0.,-37.6199913430915));
#8549=CARTESIAN_POINT('',(-13.107452301746,2.,-38.2680636321914));
#8550=CARTESIAN_POINT('Origin',(-14.999541704523,2.,-37.6199913430915));
#8551=CARTESIAN_POINT('',(-13.107452301746,0.,-38.2680636321914));
#8552=CARTESIAN_POINT('Origin',(-12.4973014824216,5.,-36.486688438781));
#8553=CARTESIAN_POINT('',(-13.008084449433,2.,-37.9779526931799));
#8554=CARTESIAN_POINT('',(-12.4973014824216,2.,-36.486688438781));
#8555=CARTESIAN_POINT('',(-13.008084449433,5.,-37.9779526931799));
#8556=CARTESIAN_POINT('Origin',(-5.70467022000962,5.,-39.1370251511397));
#8557=CARTESIAN_POINT('',(-5.51664346803509,2.,-37.1458832826275));
#8558=CARTESIAN_POINT('',(-3.71352835149751,2.,-39.3250519031142));
#8559=CARTESIAN_POINT('Origin',(-5.70467022000962,2.,-39.1370251511397));
#8560=CARTESIAN_POINT('',(-3.71352835149751,5.,-39.3250519031142));
#8561=CARTESIAN_POINT('',(-5.51664346803509,5.,-37.1458832826275));
#8562=CARTESIAN_POINT('Origin',(-3.52550159952297,5.,-37.3339100346021));
#8563=CARTESIAN_POINT('',(-10.9279682946816,2.,-36.6348831137677));
#8564=CARTESIAN_POINT('',(-10.9279682946816,5.,-36.6348831137677));
#8565=CARTESIAN_POINT('',(-3.52550159952297,2.,-37.3339100346021));
#8566=CARTESIAN_POINT('Origin',(-8.4253172302367,2.,-39.4573489384345));
#8567=CARTESIAN_POINT('Origin',(0.,2.,0.));
#8568=CARTESIAN_POINT('',(-3.99556847945932,2.,-42.3117647058824));
#8569=CARTESIAN_POINT('Origin',(-11.1159950466561,2.,-38.6260249822798));
#8570=CARTESIAN_POINT('',(-9.06188487686983,2.,-39.4460821607791));
#8571=CARTESIAN_POINT('Origin',(-8.59835938530741,2.,-40.8726669352219));
#8572=CARTESIAN_POINT('Origin',(-8.59835938530741,2.,-40.8726669352219));
#8573=CARTESIAN_POINT('',(-9.06188487686983,2.,-39.4460821607791));
#8574=CARTESIAN_POINT('Origin',(-3.99556847945932,5.,-42.3117647058824));
#8575=CARTESIAN_POINT('',(-3.99999999999997,2.5,-42.3586930604755));
#8576=CARTESIAN_POINT('Origin',(-11.1159950466561,5.,-38.6260249822798));
#8577=CARTESIAN_POINT('Origin',(0.,0.,0.));
#8578=CARTESIAN_POINT('Origin',(35.458682753111,5.,-17.519469667037));
#8579=CARTESIAN_POINT('',(33.6230977659517,2.,-16.725348923752));
#8580=CARTESIAN_POINT('',(36.252803496396,2.,-15.6838846798777));
#8581=CARTESIAN_POINT('Origin',(35.458682753111,2.,-17.519469667037));
#8582=CARTESIAN_POINT('',(36.252803496396,5.,-15.6838846798777));
#8583=CARTESIAN_POINT('',(36.252803496396,5.,-15.6838846798777));
#8584=CARTESIAN_POINT('',(33.6230977659517,5.,-16.725348923752));
#8585=CARTESIAN_POINT('Origin',(35.458682753111,5.,-17.519469667037));
#8586=CARTESIAN_POINT('',(33.6230977659517,5.,-16.725348923752));
#8587=CARTESIAN_POINT('Origin',(0.,5.,0.));
#8588=CARTESIAN_POINT('',(39.0061809771349,5.,-16.875065794805));
#8589=CARTESIAN_POINT('',(39.0061809771349,5.,-16.8750657948051));
#8590=CARTESIAN_POINT('',(39.3435401298266,5.,-17.0025248140601));
#8591=CARTESIAN_POINT('',(20.3202110998399,5.,-9.81524430964112));
#8592=CARTESIAN_POINT('',(40.43373451443,5.,-19.7512813056924));
#8593=CARTESIAN_POINT('Origin',(38.636679647122,5.,-18.8734465809949));
#8594=CARTESIAN_POINT('',(1.07142857142857,5.,-44.9872430897507));
#8595=CARTESIAN_POINT('Origin',(0.,5.,0.));
#8596=CARTESIAN_POINT('',(-1.96350370987811,5.,-42.4546187496872));
#8597=CARTESIAN_POINT('Origin',(1.,5.,-41.988093550434));
#8598=CARTESIAN_POINT('',(5.37974683544304,5.,-42.1581347308742));
#8599=CARTESIAN_POINT('Origin',(0.,5.,0.));
#8600=CARTESIAN_POINT('',(32.681581386406,5.,-27.1691780899555));
#8601=CARTESIAN_POINT('Origin',(0.,5.,0.));
#8602=CARTESIAN_POINT('',(32.3446657691947,5.,-24.2914099277725));
#8603=CARTESIAN_POINT('Origin',(31.143624615281,5.,-25.8906285327811));
#8604=CARTESIAN_POINT('',(32.0994602252585,5.,-24.1072562739113));
#8605=CARTESIAN_POINT('',(30.8390242558382,5.,-23.1606468070094));
#8606=CARTESIAN_POINT('',(31.4649163920129,5.,-21.7139169256178));
#8607=CARTESIAN_POINT('Origin',(33.3005013791722,5.,-22.5080376689027));
#8608=CARTESIAN_POINT('',(34.4172185092367,5.,-14.8897639365927));
#8609=CARTESIAN_POINT('',(34.7151770533009,5.,-20.8078744112548));
#8610=CARTESIAN_POINT('Origin',(36.2151770533009,5.,-20.8078744112548));
#8611=CARTESIAN_POINT('Origin',(39.0061809771349,5.,-16.8750657948051));
#8612=CARTESIAN_POINT('',(39.0061809771349,2.,-16.875065794805));
#8613=CARTESIAN_POINT('',(39.0061809771349,2.,-16.8750657948051));
#8614=CARTESIAN_POINT('',(39.0061809771349,0.,-16.875065794805));
#8615=CARTESIAN_POINT('Origin',(31.143624615281,0.,-25.8906285327811));
#8616=CARTESIAN_POINT('',(32.681581386406,2.,-27.1691780899555));
#8617=CARTESIAN_POINT('',(32.3446657691947,2.,-24.2914099277725));
#8618=CARTESIAN_POINT('Origin',(31.143624615281,2.,-25.8906285327811));
#8619=CARTESIAN_POINT('',(32.3446657691947,0.,-24.2914099277725));
#8620=CARTESIAN_POINT('',(32.681581386406,0.,-27.1691780899555));
#8621=CARTESIAN_POINT('Origin',(30.8390242558382,5.,-23.1606468070094));
#8622=CARTESIAN_POINT('',(32.0994602252585,2.,-24.1072562739113));
#8623=CARTESIAN_POINT('',(30.8390242558382,2.,-23.1606468070094));
#8624=CARTESIAN_POINT('',(32.0994602252585,5.,-24.1072562739113));
#8625=CARTESIAN_POINT('Origin',(34.4172185092367,5.,-14.8897639365927));
#8626=CARTESIAN_POINT('',(31.4649163920129,2.,-21.7139169256178));
#8627=CARTESIAN_POINT('',(31.4649163920129,5.,-21.7139169256178));
#8628=CARTESIAN_POINT('',(34.4172185092367,2.,-14.8897639365927));
#8629=CARTESIAN_POINT('Origin',(0.,0.,0.));
#8630=CARTESIAN_POINT('',(5.37974683544305,0.0257821812101139,-42.1581347308742));
#8631=CARTESIAN_POINT('',(5.37974683544304,0.,-42.1581347308742));
#8632=CARTESIAN_POINT('',(35.5904968218453,1.60274099018698,-23.2285715439891));
#8633=CARTESIAN_POINT('Origin',(0.,2.1111111111111,0.));
#8634=CARTESIAN_POINT('',(35.5904968218453,2.,-23.2285715439891));
#8635=CARTESIAN_POINT('',(35.5904968218453,2.,-23.2285715439892));
#8636=CARTESIAN_POINT('Origin',(0.,2.,0.));
#8637=CARTESIAN_POINT('Origin',(36.2151770533009,2.,-20.8078744112548));
#8638=CARTESIAN_POINT('',(34.7151770533009,2.,-20.8078744112548));
#8639=CARTESIAN_POINT('Origin',(36.2151770533009,2.,-20.8078744112548));
#8640=CARTESIAN_POINT('',(34.7151770533009,2.,-20.8078744112548));
#8641=CARTESIAN_POINT('Origin',(36.2151770533009,2.,-20.8078744112548));
#8642=CARTESIAN_POINT('',(37.9918736046785,1.86710031184178,-19.0490823927594));
#8643=CARTESIAN_POINT('Origin',(36.2151770533009,1.74081034370732,-20.8078744112548));
#8644=CARTESIAN_POINT('',(37.9918736046785,2.,-19.0490823927594));
#8645=CARTESIAN_POINT('',(37.9918736046785,2.,-19.0490823927594));
#8646=CARTESIAN_POINT('Origin',(36.2151770533009,2.,-20.8078744112548));
#8647=CARTESIAN_POINT('Origin',(0.,0.,0.));
#8648=CARTESIAN_POINT('Origin',(0.,2.1111111111111,0.));
#8649=CARTESIAN_POINT('Origin',(0.,2.,0.));
#8650=CARTESIAN_POINT('Origin',(34.9226026164866,2.,-20.205944228629));
#8651=CARTESIAN_POINT('Origin',(33.3005013791722,2.,-22.5080376689027));
#8652=CARTESIAN_POINT('Origin',(38.636679647122,0.,-18.8734465809949));
#8653=CARTESIAN_POINT('',(39.3435401298266,2.,-17.0025248140601));
#8654=CARTESIAN_POINT('',(40.43373451443,1.87855297157623,-19.7512813056924));
#8655=CARTESIAN_POINT('Origin',(38.636679647122,1.88888888888889,-18.8734465809949));
#8656=CARTESIAN_POINT('',(40.43373451443,0.,-19.7512813056924));
#8657=CARTESIAN_POINT('',(39.3435401298266,0.,-17.0025248140601));
#8658=CARTESIAN_POINT('Origin',(41.3472826823843,0.,-17.7595668523475));
#8659=CARTESIAN_POINT('',(20.3202110998399,2.,-9.81524430964112));
#8660=CARTESIAN_POINT('Origin',(33.3005013791722,5.,-22.5080376689027));
#8661=CARTESIAN_POINT('Origin',(0.,0.5,0.));
#8662=CARTESIAN_POINT('',(6.,0.,7.34788079488412E-16));
#8663=CARTESIAN_POINT('Origin',(0.,0.,0.));
#8664=CARTESIAN_POINT('',(5.,1.,-6.12323399573677E-16));
#8665=CARTESIAN_POINT('',(5.5,0.5,6.73555739531044E-16));
#8666=CARTESIAN_POINT('Origin',(0.,1.,0.));
#8667=CARTESIAN_POINT('Origin',(0.,5.,0.));
#8668=CARTESIAN_POINT('',(5.,5.,-6.12323399573677E-16));
#8669=CARTESIAN_POINT('Origin',(0.,5.,0.));
#8670=CARTESIAN_POINT('',(5.,5.,6.12323399573677E-16));
#8671=CARTESIAN_POINT('Origin',(0.,0.,0.));
#8672=CARTESIAN_POINT('',(5.09889347917888,0.,14.1067815354172));
#8673=CARTESIAN_POINT('',(11.8407017656368,0.,9.20857109964657));
#8674=CARTESIAN_POINT('Origin',(0.,0.,0.));
#8675=CARTESIAN_POINT('',(-5.09889347917889,0.,14.1067815354172));
#8676=CARTESIAN_POINT('Origin',(0.,0.,0.));
#8677=CARTESIAN_POINT('',(-11.8407017656368,0.,9.20857109964657));
#8678=CARTESIAN_POINT('Origin',(0.,0.,0.));
#8679=CARTESIAN_POINT('',(-14.9919912407845,0.,-0.490100638889323));
#8680=CARTESIAN_POINT('Origin',(0.,0.,0.));
#8681=CARTESIAN_POINT('',(-12.4168496209933,0.,-8.4155716080156));
#8682=CARTESIAN_POINT('Origin',(0.,0.,0.));
#8683=CARTESIAN_POINT('',(-2.,0.,-14.8660687473185));
#8684=CARTESIAN_POINT('Origin',(0.,0.,0.));
#8685=CARTESIAN_POINT('',(4.16666666666667,0.,-14.4096803881588));
#8686=CARTESIAN_POINT('Origin',(0.,0.,0.));
#8687=CARTESIAN_POINT('',(12.4168496209933,0.,-8.4155716080156));
#8688=CARTESIAN_POINT('Origin',(0.,0.,0.));
#8689=CARTESIAN_POINT('',(14.9919912407845,0.,-0.490100638889319));
#8690=CARTESIAN_POINT('Origin',(0.,0.,0.));
#8691=CARTESIAN_POINT('Origin',(0.,0.,0.));
#8692=CARTESIAN_POINT('',(6.96025416689227,0.,5.00000007450582));
#8693=CARTESIAN_POINT('Origin',(8.66025416689227,0.,5.00000007450582));
#8694=CARTESIAN_POINT('',(-10.3602541668922,0.,5.00000007450585));
#8695=CARTESIAN_POINT('Origin',(-8.66025416689222,0.,5.00000007450585));
#8696=CARTESIAN_POINT('',(-1.7,0.,-10.0000001490116));
#8697=CARTESIAN_POINT('Origin',(0.,0.,-10.0000001490116));
#8698=CARTESIAN_POINT('Origin',(8.66025416689227,0.1,5.00000007450582));
#8699=CARTESIAN_POINT('',(7.16025416689227,0.2,5.00000007450582));
#8700=CARTESIAN_POINT('',(7.06025416689227,0.1,5.00000007450582));
#8701=CARTESIAN_POINT('Origin',(8.66025416689227,0.2,5.00000007450582));
#8702=CARTESIAN_POINT('Origin',(8.66025416689227,0.,5.00000007450582));
#8703=CARTESIAN_POINT('',(7.16025416689227,5.,5.00000007450582));
#8704=CARTESIAN_POINT('',(7.16025416689227,0.,5.00000007450582));
#8705=CARTESIAN_POINT('Origin',(8.66025416689227,5.,5.00000007450582));
#8706=CARTESIAN_POINT('Origin',(0.,0.1,-10.0000001490116));
#8707=CARTESIAN_POINT('',(-1.5,0.2,-10.0000001490116));
#8708=CARTESIAN_POINT('',(-1.6,0.1,-10.0000001490116));
#8709=CARTESIAN_POINT('Origin',(0.,0.2,-10.0000001490116));
#8710=CARTESIAN_POINT('Origin',(0.,0.,-10.0000001490116));
#8711=CARTESIAN_POINT('',(-1.5,5.,-10.0000001490116));
#8712=CARTESIAN_POINT('',(-1.5,0.,-10.0000001490116));
#8713=CARTESIAN_POINT('Origin',(0.,5.,-10.0000001490116));
#8714=CARTESIAN_POINT('Origin',(-8.66025416689222,0.1,5.00000007450585));
#8715=CARTESIAN_POINT('',(-10.1602541668922,0.2,5.00000007450585));
#8716=CARTESIAN_POINT('',(-10.2602541668922,0.1,5.00000007450585));
#8717=CARTESIAN_POINT('Origin',(-8.66025416689222,0.2,5.00000007450585));
#8718=CARTESIAN_POINT('Origin',(-8.66025416689222,0.,5.00000007450585));
#8719=CARTESIAN_POINT('',(-10.1602541668922,5.,5.00000007450585));
#8720=CARTESIAN_POINT('',(-10.1602541668922,0.,5.00000007450585));
#8721=CARTESIAN_POINT('Origin',(-8.66025416689222,5.,5.00000007450585));
#8722=CARTESIAN_POINT('Origin',(-39.6359901268653,0.,-13.8920224108313));
#8723=CARTESIAN_POINT('',(-40.9931555248657,0.,-11.2165591922912));
#8724=CARTESIAN_POINT('Origin',(-39.6359901268653,0.,-13.8920224108313));
#8725=CARTESIAN_POINT('',(-40.9931555248657,0.,-11.2165591922911));
#8726=CARTESIAN_POINT('Origin',(-17.9903894889414,0.,-0.588120766667187));
#8727=CARTESIAN_POINT('',(-14.9919912407845,5.,-0.490100638889323));
#8728=CARTESIAN_POINT('',(-17.0633385056312,3.64640248776502,-3.4412903154924));
#8729=CARTESIAN_POINT('Ctrl Pts',(-14.991991240784,5.00000014206958,-0.490100638904494));
#8730=CARTESIAN_POINT('Ctrl Pts',(-14.9819438145631,5.00000014206839,-0.797447567202652));
#8731=CARTESIAN_POINT('Ctrl Pts',(-15.0191453268001,4.96365895493572,-1.10029108963064));
#8732=CARTESIAN_POINT('Ctrl Pts',(-15.2020285158822,4.81205586198361,-1.75929622049987));
#8733=CARTESIAN_POINT('Ctrl Pts',(-15.3711048298668,4.68142729840093,-2.09497639126738));
#8734=CARTESIAN_POINT('Ctrl Pts',(-15.7868860083585,4.39069085281895,-2.65080901301732));
#8735=CARTESIAN_POINT('Ctrl Pts',(-16.0257002702222,4.23431761491826,-2.87819908414059));
#8736=CARTESIAN_POINT('Ctrl Pts',(-16.5293534040038,3.93274598074012,-3.2240613470304));
#8737=CARTESIAN_POINT('Ctrl Pts',(-16.7890954567815,3.78775527947877,-3.35218334734267));
#8738=CARTESIAN_POINT('Ctrl Pts',(-17.0633385055952,3.64640248768796,-3.44129031548073));
#8739=CARTESIAN_POINT('',(-17.0633385056461,-1.38766098345284,-3.44129031549725));
#8740=CARTESIAN_POINT('',(-17.0633385058166,0.,-3.44129031555265));
#8741=CARTESIAN_POINT('Ctrl Pts',(-17.0633385056121,-1.38766098352456,-3.44129031548619));
#8742=CARTESIAN_POINT('Ctrl Pts',(-16.8053891617313,-1.25207050868793,-3.35747749300854));
#8743=CARTESIAN_POINT('Ctrl Pts',(-16.5604134179142,-1.11306658742012,-3.23920280605058));
#8744=CARTESIAN_POINT('Ctrl Pts',(-16.0686940610266,-0.814435861627049,
-2.91385478862304));
#8745=CARTESIAN_POINT('Ctrl Pts',(-15.8288161397535,-0.654986974406141,
-2.69398710568563));
#8746=CARTESIAN_POINT('Ctrl Pts',(-15.4115375091642,-0.358303702479795,
-2.16041879380812));
#8747=CARTESIAN_POINT('Ctrl Pts',(-15.2393634067521,-0.223357904626537,
-1.84065235961443));
#8748=CARTESIAN_POINT('Ctrl Pts',(-15.0358178033635,-0.0529183759542806,
-1.19298350533489));
#8749=CARTESIAN_POINT('Ctrl Pts',(-14.9879098158787,-0.00685747986450945,
-0.882115451867998));
#8750=CARTESIAN_POINT('Ctrl Pts',(-14.9906873015104,-0.00023646021464384,
-0.539203054139488));
#8751=CARTESIAN_POINT('Ctrl Pts',(-14.9911894283476,1.46354912667085E-7,
-0.514627774898752));
#8752=CARTESIAN_POINT('Ctrl Pts',(-14.9919912407852,1.46354789416075E-7,
-0.490100638870157));
#8753=CARTESIAN_POINT('',(-14.9919912407845,0.,-0.490100638889323));
#8754=CARTESIAN_POINT('Origin',(0.,0.,0.));
#8755=CARTESIAN_POINT('',(-11.8407017656368,5.,9.20857109964657));
#8756=CARTESIAN_POINT('',(-11.8407017656368,0.,9.20857109964657));
#8757=CARTESIAN_POINT('Origin',(0.,5.,0.));
#8758=CARTESIAN_POINT('Origin',(-14.900219545192,0.,-10.0986859296187));
#8759=CARTESIAN_POINT('',(-12.4168496209933,5.,-8.4155716080156));
#8760=CARTESIAN_POINT('',(-15.8272705281314,3.64640248776502,-7.24551638067301));
#8761=CARTESIAN_POINT('Ctrl Pts',(-15.8272705280952,3.64640248768811,-7.24551638066125));
#8762=CARTESIAN_POINT('Ctrl Pts',(-15.7958454107401,3.66259990122139,-7.23530574107886));
#8763=CARTESIAN_POINT('Ctrl Pts',(-15.7642674010447,3.67884507198856,-7.22561940917535));
#8764=CARTESIAN_POINT('Ctrl Pts',(-15.460883764396,3.83461287676165,-7.13800821691074));
#8765=CARTESIAN_POINT('Ctrl Pts',(-15.1795209274553,3.97695049376754,-7.09835294761051));
#8766=CARTESIAN_POINT('Ctrl Pts',(-14.5695824711254,4.27629637870509,-7.0990755166649));
#8767=CARTESIAN_POINT('Ctrl Pts',(-14.2396262484654,4.43264455795036,-7.15299400168916));
#8768=CARTESIAN_POINT('Ctrl Pts',(-13.5929282871439,4.71065007094816,-7.37626188800814));
#8769=CARTESIAN_POINT('Ctrl Pts',(-13.2774891322383,4.83051183851462,-7.54898784087702));
#8770=CARTESIAN_POINT('Ctrl Pts',(-12.7744203843391,4.96765490509249,-7.96275258485647));
#8771=CARTESIAN_POINT('Ctrl Pts',(-12.5796663727952,5.00000014206816,-8.1753418034294));
#8772=CARTESIAN_POINT('Ctrl Pts',(-12.4168496210041,5.00000014206958,-8.41557160799969));
#8773=CARTESIAN_POINT('',(-12.4168496209933,0.,-8.4155716080156));
#8774=CARTESIAN_POINT('',(-15.8272705281463,-1.38766098345284,-7.24551638067787));
#8775=CARTESIAN_POINT('Ctrl Pts',(-12.4168496209846,1.46354789116836E-7,
-8.41557160802844));
#8776=CARTESIAN_POINT('Ctrl Pts',(-12.4280894198848,1.46354870447896E-7,
-8.39898772053797));
#8777=CARTESIAN_POINT('Ctrl Pts',(-12.4395097437961,-0.00015753999328247,
-8.38249515772459));
#8778=CARTESIAN_POINT('Ctrl Pts',(-12.6412619680123,-0.00566273683767233,
-8.0973074497625));
#8779=CARTESIAN_POINT('Ctrl Pts',(-12.870541619923,-0.0536205883928163,
-7.8665972363241));
#8780=CARTESIAN_POINT('Ctrl Pts',(-13.4437699020189,-0.234805852273262,
-7.4469094357871));
#8781=CARTESIAN_POINT('Ctrl Pts',(-13.7925767842184,-0.381177663773788,
-7.28627550739917));
#8782=CARTESIAN_POINT('Ctrl Pts',(-14.4610840034496,-0.689852215022367,
-7.11369735676325));
#8783=CARTESIAN_POINT('Ctrl Pts',(-14.7792405245852,-0.847705533145655,
-7.08472534226502));
#8784=CARTESIAN_POINT('Ctrl Pts',(-15.3419283920001,-1.13403366720503,-7.12088157308724));
#8785=CARTESIAN_POINT('Ctrl Pts',(-15.5887714807644,-1.26229451199198,-7.16802334266961));
#8786=CARTESIAN_POINT('Ctrl Pts',(-15.8272705281122,-1.38766098352454,-7.24551638066679));
#8787=CARTESIAN_POINT('',(-15.8272705283168,0.,-7.24551638073327));
#8788=CARTESIAN_POINT('Origin',(-13.5204375650791,0.,-6.49598091505801));
#8789=CARTESIAN_POINT('',(-36.6465157914825,-1.48553643933154,-14.0100992274394));
#8790=CARTESIAN_POINT('Ctrl Pts',(-15.8272705281122,-1.38766098352454,-7.2455163806668));
#8791=CARTESIAN_POINT('Ctrl Pts',(-16.3464552341078,-1.6605692210634,-7.41420971762765));
#8792=CARTESIAN_POINT('Ctrl Pts',(-16.8648282448526,-1.90774666879449,-7.58263931881417));
#8793=CARTESIAN_POINT('Ctrl Pts',(-18.7094921063202,-2.7089300965733,-8.18200694033404));
#8794=CARTESIAN_POINT('Ctrl Pts',(-20.2235194260172,-3.20535988996606,-8.67394423713831));
#8795=CARTESIAN_POINT('Ctrl Pts',(-23.316917750081,-3.8520415102572,-9.67905028092052));
#8796=CARTESIAN_POINT('Ctrl Pts',(-24.8962980199702,-4.00224433545674,-10.1922220384492));
#8797=CARTESIAN_POINT('Ctrl Pts',(-27.7835832829024,-4.00224433545674,-11.1303578890189));
#8798=CARTESIAN_POINT('Ctrl Pts',(-29.3575180024492,-3.85310821385586,-11.6417602799844));
#8799=CARTESIAN_POINT('Ctrl Pts',(-32.4400683432277,-3.20931011954443,-12.6433416003328));
#8800=CARTESIAN_POINT('Ctrl Pts',(-33.948680134929,-2.71462787515055,-13.1335192854258));
#8801=CARTESIAN_POINT('Ctrl Pts',(-35.7297106372584,-1.9394182839643,-13.7122111752242));
#8802=CARTESIAN_POINT('Ctrl Pts',(-36.1874292321869,-1.72275280945166,-13.8609329620485));
#8803=CARTESIAN_POINT('Ctrl Pts',(-36.6465157915251,-1.48553643942283,-14.0100992274533));
#8804=CARTESIAN_POINT('',(-36.6465157913401,3.24174610545298,-14.0100992273932));
#8805=CARTESIAN_POINT('',(-36.6465157912631,0.,-14.0100992273682));
#8806=CARTESIAN_POINT('Ctrl Pts',(-36.646515791353,3.24174610542278,-14.0100992273974));
#8807=CARTESIAN_POINT('Ctrl Pts',(-36.4332716847188,3.14138794008972,-13.9408120170463));
#8808=CARTESIAN_POINT('Ctrl Pts',(-36.221099455007,3.04540309098274,-13.8718730806193));
#8809=CARTESIAN_POINT('Ctrl Pts',(-34.6174018516937,2.34735793171657,-13.3508001425013));
#8810=CARTESIAN_POINT('Ctrl Pts',(-33.0388582762704,1.82972504422209,-12.8379002434844));
#8811=CARTESIAN_POINT('Ctrl Pts',(-29.8134118451648,1.15605630914618,-11.789889168874));
#8812=CARTESIAN_POINT('Ctrl Pts',(-28.1665128550339,1.,-11.2547792492744));
#8813=CARTESIAN_POINT('Ctrl Pts',(-25.1436233223755,1.,-10.2725829005774));
#8814=CARTESIAN_POINT('Ctrl Pts',(-23.4891392285219,1.15753806247865,-9.73500843138033));
#8815=CARTESIAN_POINT('Ctrl Pts',(-20.2487872439769,1.83573804161393,-8.68215424887424));
#8816=CARTESIAN_POINT('Ctrl Pts',(-18.6629096738375,2.35634882767456,-8.166871390522));
#8817=CARTESIAN_POINT('Ctrl Pts',(-16.7905594640377,3.1704877226377,-7.55850792911223));
#8818=CARTESIAN_POINT('Ctrl Pts',(-16.3096717478804,3.39775895971611,-7.40225803845626));
#8819=CARTESIAN_POINT('Ctrl Pts',(-15.8272705280954,3.64640248768796,-7.24551638066134));
#8820=CARTESIAN_POINT('Origin',(-14.2088421187641,0.,11.0502853195759));
#8821=CARTESIAN_POINT('',(-11.7817911355247,3.64640248776502,12.8136410762956));
#8822=CARTESIAN_POINT('Ctrl Pts',(-11.7817911355025,3.64640248768796,12.813641076265));
#8823=CARTESIAN_POINT('Ctrl Pts',(-11.7771958265686,3.650234890197,12.8073161761284));
#8824=CARTESIAN_POINT('Ctrl Pts',(-11.7726257128065,3.65407002717214,12.8009739613782));
#8825=CARTESIAN_POINT('Ctrl Pts',(-11.6002701627363,3.79961139724495,12.5598046164704));
#8826=CARTESIAN_POINT('Ctrl Pts',(-11.4672976802274,3.94484043431501,12.3020845576349));
#8827=CARTESIAN_POINT('Ctrl Pts',(-11.2678867007186,4.24587489840437,11.7247204741544));
#8828=CARTESIAN_POINT('Ctrl Pts',(-11.2109625794365,4.40145061327678,11.4004047714584));
#8829=CARTESIAN_POINT('Ctrl Pts',(-11.206719016341,4.68512767227297,10.7184079083277));
#8830=CARTESIAN_POINT('Ctrl Pts',(-11.2659751350763,4.81074878885226,10.3600973761432));
#8831=CARTESIAN_POINT('Ctrl Pts',(-11.499403926078,4.96246196449771,9.72661398186429));
#8832=CARTESIAN_POINT('Ctrl Pts',(-11.6488444954596,5.00000014206906,9.45526786651351));
#8833=CARTESIAN_POINT('Ctrl Pts',(-11.8407017656328,5.00000014206958,9.20857109965174));
#8834=CARTESIAN_POINT('',(-11.7817911355339,-1.38766098345284,12.8136410763083));
#8835=CARTESIAN_POINT('Ctrl Pts',(-11.8407017656383,1.4635479148907E-7,
9.20857109964462));
#8836=CARTESIAN_POINT('Ctrl Pts',(-11.8390131541566,1.46354793263212E-7,
9.21074237515919));
#8837=CARTESIAN_POINT('Ctrl Pts',(-11.8373271974972,-2.82603029496551E-6,
9.21291639908397));
#8838=CARTESIAN_POINT('Ctrl Pts',(-11.6355801270828,-0.000715738802445008,
9.47380776549382));
#8839=CARTESIAN_POINT('Ctrl Pts',(-11.4824982783706,-0.0437723609274481,
9.7587455909615));
#8840=CARTESIAN_POINT('Ctrl Pts',(-11.2494961176817,-0.214600742702717,
10.4240844470391));
#8841=CARTESIAN_POINT('Ctrl Pts',(-11.1970410129348,-0.35512207107,10.8001421772419));
#8842=CARTESIAN_POINT('Ctrl Pts',(-11.2235649119956,-0.658948482740798,
11.4916288686847));
#8843=CARTESIAN_POINT('Ctrl Pts',(-11.2891123248502,-0.818271833365405,
11.8097575754657));
#8844=CARTESIAN_POINT('Ctrl Pts',(-11.4959780734812,-1.11552909323425,12.3587766394659));
#8845=CARTESIAN_POINT('Ctrl Pts',(-11.6237860335764,-1.25327514522361,12.596165710599));
#8846=CARTESIAN_POINT('Ctrl Pts',(-11.7817911355129,-1.38766098352454,12.8136410762793));
#8847=CARTESIAN_POINT('',(-11.7817911356393,0.,12.8136410764533));
#8848=CARTESIAN_POINT('Origin',(-10.3560899579898,0.,10.851331751542));
#8849=CARTESIAN_POINT('',(-24.6487923283959,-1.48553643933153,30.5235488888445));
#8850=CARTESIAN_POINT('Ctrl Pts',(-11.7817911355129,-1.38766098352453,12.8136410762793));
#8851=CARTESIAN_POINT('Ctrl Pts',(-12.1026649302572,-1.6605692210634,13.2552859661184));
#8852=CARTESIAN_POINT('Ctrl Pts',(-12.4230370697481,-1.90774666879449,13.6962403867363));
#8853=CARTESIAN_POINT('Ctrl Pts',(-13.5631020339537,-2.7089300965733,15.2654051916315));
#8854=CARTESIAN_POINT('Ctrl Pts',(-14.4988223774224,-3.20535988996606,16.5533137549989));
#8855=CARTESIAN_POINT('Ctrl Pts',(-16.4106476824358,-3.8520415102572,19.1847155399186));
#8856=CARTESIAN_POINT('Ctrl Pts',(-17.3867583703883,-4.00224433545674,20.5282166431951));
#8857=CARTESIAN_POINT('Ctrl Pts',(-19.1711987980971,-4.00224433545674,22.9842881860514));
#8858=CARTESIAN_POINT('Ctrl Pts',(-20.1439439508506,-3.85310821385586,24.3231570275272));
#8859=CARTESIAN_POINT('Ctrl Pts',(-22.0490648334842,-3.20931011954444,26.9453309666962));
#8860=CARTESIAN_POINT('Ctrl Pts',(-22.9814381965845,-2.71462787515056,28.2286328067963));
#8861=CARTESIAN_POINT('Ctrl Pts',(-24.0821755820244,-1.9394182839643,29.7436678433025));
#8862=CARTESIAN_POINT('Ctrl Pts',(-24.365061230973,-1.72275280945166,30.1330265360762));
#8863=CARTESIAN_POINT('Ctrl Pts',(-24.6487923284223,-1.48553643942283,30.5235488888808));
#8864=CARTESIAN_POINT('',(-24.648792328308,3.24174610545298,30.5235488887235));
#8865=CARTESIAN_POINT('',(-24.6487923282604,0.,30.523548888658));
#8866=CARTESIAN_POINT('Ctrl Pts',(-24.6487923283159,3.24174610542278,30.5235488887344));
#8867=CARTESIAN_POINT('Ctrl Pts',(-24.5170002225154,3.14138794008972,30.3421526170497));
#8868=CARTESIAN_POINT('Ctrl Pts',(-24.3858705730846,3.04540309098274,30.1616681383355));
#8869=CARTESIAN_POINT('Ctrl Pts',(-23.3947309465602,2.34735793171657,28.7974814757248));
#8870=CARTESIAN_POINT('Ctrl Pts',(-22.4191373642259,1.82972504422209,27.4546921072721));
#8871=CARTESIAN_POINT('Ctrl Pts',(-20.4257018409105,1.15605630914618,24.7109634933559));
#8872=CARTESIAN_POINT('Ctrl Pts',(-19.4078622889718,1.,23.3100275361269));
#8873=CARTESIAN_POINT('Ctrl Pts',(-17.5396138135526,1.,20.7386041116121));
#8874=CARTESIAN_POINT('Ctrl Pts',(-16.5170864097051,1.15753806247865,19.33121587977));
#8875=CARTESIAN_POINT('Ctrl Pts',(-14.514438747743,1.83573804161393,16.5748078447716));
#8876=CARTESIAN_POINT('Ctrl Pts',(-13.5343125074008,2.35634882767456,15.2257798077852));
#8877=CARTESIAN_POINT('Ctrl Pts',(-12.3771364389015,3.1704877226377,13.6330635883009));
#8878=CARTESIAN_POINT('Ctrl Pts',(-12.079931485544,3.39775895971611,13.2239960638251));
#8879=CARTESIAN_POINT('Ctrl Pts',(-11.7817911355025,3.64640248768796,12.813641076265));
#8880=CARTESIAN_POINT('Origin',(-27.0758433113852,0.,28.7601931317805));
#8881=CARTESIAN_POINT('Ctrl Pts',(-29.1322364742752,5.,30.9445115974854));
#8882=CARTESIAN_POINT('Ctrl Pts',(-28.8823786564875,5.,31.1797364130333));
#8883=CARTESIAN_POINT('Ctrl Pts',(-28.596685506399,4.96509178802182,31.3679932414842));
#8884=CARTESIAN_POINT('Ctrl Pts',(-27.9467476681249,4.82718171287616,31.6551998279028));
#8885=CARTESIAN_POINT('Ctrl Pts',(-27.5873966765389,4.71952295704643,31.737881534899));
#8886=CARTESIAN_POINT('Ctrl Pts',(-26.8021645405997,4.43434458865827,31.7781943401211));
#8887=CARTESIAN_POINT('Ctrl Pts',(-26.3828352982094,4.24975834050621,31.7081622781228));
#8888=CARTESIAN_POINT('Ctrl Pts',(-25.7263026995889,3.92034617443981,31.4551937539065));
#8889=CARTESIAN_POINT('Ctrl Pts',(-25.4725682409319,3.78025964303779,31.3122721099589));
#8890=CARTESIAN_POINT('Ctrl Pts',(-25.0962689873256,3.55230623412634,31.0220322521876));
#8891=CARTESIAN_POINT('Ctrl Pts',(-24.9593345579125,3.46369193201498,30.8945478957947));
#8892=CARTESIAN_POINT('Ctrl Pts',(-24.7692145403619,3.33128451809556,30.6809224948745));
#8893=CARTESIAN_POINT('Ctrl Pts',(-24.7071100859993,3.28615440386866,30.603816396047));
#8894=CARTESIAN_POINT('Ctrl Pts',(-24.6487923283159,3.24174610542278,30.5235488887344));
#8895=CARTESIAN_POINT('',(-26.9654039932681,-0.113493267722503,31.7581596354316));
#8896=CARTESIAN_POINT('Ctrl Pts',(-24.6487923284223,-1.48553643942282,30.5235488888808));
#8897=CARTESIAN_POINT('Ctrl Pts',(-24.7060659290475,-1.43765224287446,30.6023792372865));
#8898=CARTESIAN_POINT('Ctrl Pts',(-24.7669646139286,-1.38902435434379,30.678122916291));
#8899=CARTESIAN_POINT('Ctrl Pts',(-24.9596269438689,-1.24146359875591,30.8953968998167));
#8900=CARTESIAN_POINT('Ctrl Pts',(-25.1012541780232,-1.1409075402905,31.0268844906442));
#8901=CARTESIAN_POINT('Ctrl Pts',(-25.4889011626339,-0.883670869272562,
31.3232294339983));
#8902=CARTESIAN_POINT('Ctrl Pts',(-25.7498520646443,-0.726045780014958,
31.4676287363087));
#8903=CARTESIAN_POINT('Ctrl Pts',(-26.3246237485862,-0.41108905707609,31.6817483790902));
#8904=CARTESIAN_POINT('Ctrl Pts',(-26.6407618821457,-0.254394552640812,
31.7462004446476));
#8905=CARTESIAN_POINT('Ctrl Pts',(-26.9654039932778,-0.113493267718301,
31.758159635432));
#8906=CARTESIAN_POINT('Ctrl Pts',(-26.9654039932681,-0.113493267722503,
31.7581596354316));
#8907=CARTESIAN_POINT('Ctrl Pts',(-27.0817998359355,-0.0629751025518134,
31.762447434338));
#8908=CARTESIAN_POINT('Ctrl Pts',(-27.2045928311219,-0.0282438155121953,
31.7600406154761));
#8909=CARTESIAN_POINT('Ctrl Pts',(-27.4857291246371,0.0258221539025772,
31.7362043035283));
#8910=CARTESIAN_POINT('Ctrl Pts',(-27.6441617207608,0.0389198644844054,
31.7102485255903));
#8911=CARTESIAN_POINT('Ctrl Pts',(-28.0441879984669,0.0504422063865859,
31.6107349358753));
#8912=CARTESIAN_POINT('Ctrl Pts',(-28.2914467067366,0.0362356780493883,
31.5165956581315));
#8913=CARTESIAN_POINT('Ctrl Pts',(-28.6842820564165,0.0139423813631152,
31.2985805557534));
#8914=CARTESIAN_POINT('Ctrl Pts',(-28.8295290370072,0.00596593659653879,
31.2005469394228));
#8915=CARTESIAN_POINT('Ctrl Pts',(-29.0019476895731,0.00136032853897928,
31.0606932448133));
#8916=CARTESIAN_POINT('Ctrl Pts',(-29.0375018235981,0.00068238721901148,
31.0304520669588));
#8917=CARTESIAN_POINT('Ctrl Pts',(-29.0882215259346,0.000151710302716837,
30.9852293385991));
#8918=CARTESIAN_POINT('Ctrl Pts',(-29.1039419161028,5.0434507736865E-5,
30.9709098202201));
#8919=CARTESIAN_POINT('Ctrl Pts',(-29.121907755652,9.152839891419E-6,30.9541919962905));
#8920=CARTESIAN_POINT('Ctrl Pts',(-29.1243018655077,5.19562288667967E-6,
30.9519568689636));
#8921=CARTESIAN_POINT('Ctrl Pts',(-29.1279242162023,1.55241240184711E-6,
30.9485639433884));
#8922=CARTESIAN_POINT('Ctrl Pts',(-29.129155142993,7.2585501044302E-7,30.9474090267476));
#8923=CARTESIAN_POINT('Ctrl Pts',(-29.1310024675558,1.03924430793393E-7,
30.9456728412781));
#8924=CARTESIAN_POINT('Ctrl Pts',(-29.1316195939219,1.10941291931075E-15,
30.9450923500454));
#8925=CARTESIAN_POINT('Ctrl Pts',(-29.1322364742752,1.11022302462516E-15,
30.9445115974854));
#8926=CARTESIAN_POINT('Origin',(-25.4602929764184,0.,33.4031956787811));
#8927=CARTESIAN_POINT('',(-27.2788853318768,0.,35.7891382272655));
#8928=CARTESIAN_POINT('',(-27.2788853318768,0.,35.7891382272655));
#8929=CARTESIAN_POINT('',(-23.3351634204776,0.,35.5207002765937));
#8930=CARTESIAN_POINT('Origin',(-25.4602929764184,0.,33.4031956787811));
#8931=CARTESIAN_POINT('',(-23.3351634204776,0.,35.5207002765937));
#8932=CARTESIAN_POINT('Origin',(0.,0.,0.));
#8933=CARTESIAN_POINT('Origin',(0.,0.,0.));
#8934=CARTESIAN_POINT('Origin',(-6.11867217501467,0.,16.9281378425006));
#8935=CARTESIAN_POINT('',(-5.09889347917889,5.,14.1067815354172));
#8936=CARTESIAN_POINT('',(-8.5457231580249,3.64640248776502,15.1647820854655));
#8937=CARTESIAN_POINT('Ctrl Pts',(-5.09889347919946,5.00000014206958,14.1067815354097));
#8938=CARTESIAN_POINT('Ctrl Pts',(-5.37565859731027,5.00000014206794,14.0067448365763));
#8939=CARTESIAN_POINT('Ctrl Pts',(-5.66228097729659,4.96673187970944,13.9490057507949));
#8940=CARTESIAN_POINT('Ctrl Pts',(-6.33048192529291,4.8240101855929,13.911562605853));
#8941=CARTESIAN_POINT('Ctrl Pts',(-6.70011747917304,4.69713034329352,13.9631048106854));
#8942=CARTESIAN_POINT('Ctrl Pts',(-7.36133036197236,4.41001902223557,14.177118187922));
#8943=CARTESIAN_POINT('Ctrl Pts',(-7.65617230276872,4.25313057092958,14.3315401982273));
#8944=CARTESIAN_POINT('Ctrl Pts',(-8.15711031125771,3.94493154530571,14.7067129533888));
#8945=CARTESIAN_POINT('Ctrl Pts',(-8.36913204865694,3.79367620097431,14.9217252752551));
#8946=CARTESIAN_POINT('Ctrl Pts',(-8.5457231580027,3.64640248768796,15.1647820854349));
#8947=CARTESIAN_POINT('',(-8.54572315803414,-1.38766098345284,15.1647820854782));
#8948=CARTESIAN_POINT('',(-8.54572315813951,0.,15.1647820856232));
#8949=CARTESIAN_POINT('Ctrl Pts',(-8.54572315801281,-1.38766098352431,15.1647820854488));
#8950=CARTESIAN_POINT('Ctrl Pts',(-8.39921176703407,-1.263050728209,14.9631264557931));
#8951=CARTESIAN_POINT('Ctrl Pts',(-8.22842379038884,-1.1355963639275,14.7809046263888));
#8952=CARTESIAN_POINT('Ctrl Pts',(-7.78902204826394,-0.845269868987116,
14.4152792297984));
#8953=CARTESIAN_POINT('Ctrl Pts',(-7.50573547174946,-0.682684392520739,
14.2475714715563));
#8954=CARTESIAN_POINT('Ctrl Pts',(-6.89579877325689,-0.392224293180606,
14.0126034886995));
#8955=CARTESIAN_POINT('Ctrl Pts',(-6.5694767675115,-0.263424829516318,13.9428214310254));
#8956=CARTESIAN_POINT('Ctrl Pts',(-5.91983685938551,-0.0804700867250761,
13.9186764598503));
#8957=CARTESIAN_POINT('Ctrl Pts',(-5.60447675715603,-0.0228788959914247,
13.9550401813273));
#8958=CARTESIAN_POINT('Ctrl Pts',(-5.22857000249803,-0.00183965024413387,
14.0623978756296));
#8959=CARTESIAN_POINT('Ctrl Pts',(-5.16323696172701,1.46355384291411E-7,
14.0835245959955));
#8960=CARTESIAN_POINT('Ctrl Pts',(-5.09889347914764,1.46354788965047E-7,
14.1067815354285));
#8961=CARTESIAN_POINT('',(-5.09889347917889,0.,14.1067815354172));
#8962=CARTESIAN_POINT('Origin',(0.,0.,0.));
#8963=CARTESIAN_POINT('',(5.09889347917888,5.,14.1067815354172));
#8964=CARTESIAN_POINT('',(5.09889347917888,0.,14.1067815354172));
#8965=CARTESIAN_POINT('Origin',(0.,5.,0.));
#8966=CARTESIAN_POINT('Origin',(18.9856733676357,0.,34.6380456547053));
#8967=CARTESIAN_POINT('',(21.4127243508082,3.24174610545298,32.8746898978934));
#8968=CARTESIAN_POINT('Ctrl Pts',(20.4276232436587,5.,37.2687832993664));
#8969=CARTESIAN_POINT('Ctrl Pts',(20.5860414335498,5.,37.1819517258202));
#8970=CARTESIAN_POINT('Ctrl Pts',(20.7358056112888,4.99034845169128,37.0812642221509));
#8971=CARTESIAN_POINT('Ctrl Pts',(21.0191255883166,4.95190159122477,36.8514909474168));
#8972=CARTESIAN_POINT('Ctrl Pts',(21.1506650332702,4.92272689976391,36.7227622757045));
#8973=CARTESIAN_POINT('Ctrl Pts',(21.5115300119195,4.80752051802786,36.2993539799439));
#8974=CARTESIAN_POINT('Ctrl Pts',(21.6935473262972,4.6955434078268,35.9781795461031));
#8975=CARTESIAN_POINT('Ctrl Pts',(21.957054061053,4.40225381976378,35.2347162782603));
#8976=CARTESIAN_POINT('Ctrl Pts',(22.0094939532047,4.21389926820426,34.8102112942502));
#8977=CARTESIAN_POINT('Ctrl Pts',(21.953488609262,3.88738958026329,34.1198103674761));
#8978=CARTESIAN_POINT('Ctrl Pts',(21.8931495920333,3.75376195855016,33.8489548743534));
#8979=CARTESIAN_POINT('Ctrl Pts',(21.7351228757683,3.53696876110138,33.4248845394813));
#8980=CARTESIAN_POINT('Ctrl Pts',(21.6587022360152,3.45298732874123,33.2645272520245));
#8981=CARTESIAN_POINT('Ctrl Pts',(21.5202495079656,3.32718067600942,33.030314584411));
#8982=CARTESIAN_POINT('Ctrl Pts',(21.4683896387548,3.28413457881865,32.951306593826));
#8983=CARTESIAN_POINT('Ctrl Pts',(21.4127243508161,3.24174610542278,32.8746898979043));
#8984=CARTESIAN_POINT('',(21.4127243508961,-1.48553643933154,32.8746898980144));
#8985=CARTESIAN_POINT('',(21.4127243507606,0.,32.8746898978279));
#8986=CARTESIAN_POINT('',(21.8710365727131,-0.11349326772251,35.4594342197498));
#8987=CARTESIAN_POINT('Ctrl Pts',(21.4127243509225,-1.48553643942283,32.8746898980507));
#8988=CARTESIAN_POINT('Ctrl Pts',(21.4741712830278,-1.43416308515757,32.9592643444852));
#8989=CARTESIAN_POINT('Ctrl Pts',(21.5309456792375,-1.38193696251367,33.0467035050772));
#8990=CARTESIAN_POINT('Ctrl Pts',(21.6767884717175,-1.23355851048849,33.2989852107319));
#8991=CARTESIAN_POINT('Ctrl Pts',(21.7548778234127,-1.13603574996779,33.4692103851593));
#8992=CARTESIAN_POINT('Ctrl Pts',(21.9139737803559,-0.882654308842981,33.9226983662177));
#8993=CARTESIAN_POINT('Ctrl Pts',(21.9702650635395,-0.725837415660453,34.2140355303042));
#8994=CARTESIAN_POINT('Ctrl Pts',(21.9964586074671,-0.411438780772114,34.8256875178554));
#8995=CARTESIAN_POINT('Ctrl Pts',(21.9600820895012,-0.254552099267515,35.1466362716792));
#8996=CARTESIAN_POINT('Ctrl Pts',(21.8710365727105,-0.113493267718393,35.4594342197589));
#8997=CARTESIAN_POINT('Ctrl Pts',(21.8710365727131,-0.11349326772251,35.4594342197498));
#8998=CARTESIAN_POINT('Ctrl Pts',(21.8391462469804,-0.0629751479141136,
35.571458146528));
#8999=CARTESIAN_POINT('Ctrl Pts',(21.7989121475433,-0.0282438779283573,
35.6874973697138));
#9000=CARTESIAN_POINT('Ctrl Pts',(21.6893667226386,0.0258220790826498,35.9475077800339));
#9001=CARTESIAN_POINT('Ctrl Pts',(21.6157230633579,0.0389198113681339,36.0901652014185));
#9002=CARTESIAN_POINT('Ctrl Pts',(21.3974652734589,0.0504422346480585,36.4398613615094));
#9003=CARTESIAN_POINT('Ctrl Pts',(21.2315263720328,0.0362357186194476,36.6459278289118));
#9004=CARTESIAN_POINT('Ctrl Pts',(20.9027888267171,0.0139424098759641,36.952166279395));
#9005=CARTESIAN_POINT('Ctrl Pts',(20.7646694627102,0.00596595248858828,
37.0600104074589));
#9006=CARTESIAN_POINT('Ctrl Pts',(20.5783802431226,0.00136033280149246,
37.1807732577672));
#9007=CARTESIAN_POINT('Ctrl Pts',(20.5386322633322,0.000682389066263092,
37.2052422635447));
#9008=CARTESIAN_POINT('Ctrl Pts',(20.4799495370387,0.000151710599069612,
37.2395050395171));
#9009=CARTESIAN_POINT('Ctrl Pts',(20.4614729731985,5.04345702946804E-5,
37.2500310590382));
#9010=CARTESIAN_POINT('Ctrl Pts',(20.4400216022143,9.15284370722893E-6,
37.261951510514));
#9011=CARTESIAN_POINT('Ctrl Pts',(20.4371560484767,5.19562492471708E-6,
37.2635377523533));
#9012=CARTESIAN_POINT('Ctrl Pts',(20.4328098158506,1.55241316867468E-6,
37.2659343413243));
#9013=CARTESIAN_POINT('Ctrl Pts',(20.4313310475273,7.2585554164477E-7,37.2667481334175));
#9014=CARTESIAN_POINT('Ctrl Pts',(20.4291089819329,1.03924533411696E-7,
37.2679685328895));
#9015=CARTESIAN_POINT('Ctrl Pts',(20.4283661990531,-1.11074380680636E-15,
37.2683760734916));
#9016=CARTESIAN_POINT('Ctrl Pts',(20.4276232436587,-1.11022302462516E-15,
37.2687832993664));
#9017=CARTESIAN_POINT('Origin',(23.9006637039085,0.,34.5363326731816));
#9018=CARTESIAN_POINT('',(25.6078539684734,0.,37.0032135784088));
#9019=CARTESIAN_POINT('',(25.6078539684734,0.,37.0032135784088));
#9020=CARTESIAN_POINT('',(26.5712313979774,0.,33.1695592674238));
#9021=CARTESIAN_POINT('Origin',(23.9006637039085,0.,34.5363326731816));
#9022=CARTESIAN_POINT('',(26.5712313979773,0.,33.1695592674238));
#9023=CARTESIAN_POINT('Origin',(0.,0.,0.));
#9024=CARTESIAN_POINT('Origin',(0.,0.,0.));
#9025=CARTESIAN_POINT('Origin',(6.11867217501466,0.,16.9281378425006));
#9026=CARTESIAN_POINT('',(8.54572315802489,3.64640248776503,15.1647820854655));
#9027=CARTESIAN_POINT('Ctrl Pts',(8.54572315800249,3.64640248768813,15.1647820854346));
#9028=CARTESIAN_POINT('Ctrl Pts',(8.39589824098288,3.77135369250271,14.9585657784464));
#9029=CARTESIAN_POINT('Ctrl Pts',(8.22061877431513,3.89908058649549,14.7725834844872));
#9030=CARTESIAN_POINT('Ctrl Pts',(7.7762521995912,4.18455930466433,14.4071063561154));
#9031=CARTESIAN_POINT('Ctrl Pts',(7.4940365044016,4.34185929418406,14.2418106286947));
#9032=CARTESIAN_POINT('Ctrl Pts',(6.85557575333283,4.63682951434193,13.9985054430568));
#9033=CARTESIAN_POINT('Ctrl Pts',(6.49485004485661,4.77189627152715,13.9284051420944));
#9034=CARTESIAN_POINT('Ctrl Pts',(5.8080679158779,4.94400109940004,13.9279157467646));
#9035=CARTESIAN_POINT('Ctrl Pts',(5.49315472629882,4.99128777937936,13.9764250634777));
#9036=CARTESIAN_POINT('Ctrl Pts',(5.15728196891496,4.99963531724619,14.0861855524713));
#9037=CARTESIAN_POINT('Ctrl Pts',(5.12797991234749,5.00000014206975,14.0962682497292));
#9038=CARTESIAN_POINT('Ctrl Pts',(5.09889347915831,5.00000014206958,14.1067815354246));
#9039=CARTESIAN_POINT('',(8.54572315803413,-1.38766098345284,15.1647820854782));
#9040=CARTESIAN_POINT('Ctrl Pts',(5.09889347921013,1.46354789285971E-7,
14.1067815354059));
#9041=CARTESIAN_POINT('Ctrl Pts',(5.33633040705842,1.46352592327344E-7,
14.0209600033973));
#9042=CARTESIAN_POINT('Ctrl Pts',(5.58192117886178,-0.025185651877383,13.9659698695411));
#9043=CARTESIAN_POINT('Ctrl Pts',(6.19975004900804,-0.143873781735766,13.906420013033));
#9044=CARTESIAN_POINT('Ctrl Pts',(6.56144148687705,-0.261379757895853,13.9403851149185));
#9045=CARTESIAN_POINT('Ctrl Pts',(7.23100335241319,-0.541213447607791,14.1209174641687));
#9046=CARTESIAN_POINT('Ctrl Pts',(7.53901297141824,-0.701838310334203,14.264916170238));
#9047=CARTESIAN_POINT('Ctrl Pts',(8.07503179062592,-1.02602509005201,14.6317128273544));
#9048=CARTESIAN_POINT('Ctrl Pts',(8.30690063964198,-1.1897771472013,14.8514835337149));
#9049=CARTESIAN_POINT('Ctrl Pts',(8.51551679286147,-1.36215738631323,15.1237587049441));
#9050=CARTESIAN_POINT('Ctrl Pts',(8.53074843234437,-1.37492474249654,15.1441711437779));
#9051=CARTESIAN_POINT('Ctrl Pts',(8.54572315801278,-1.38766098352429,15.1647820854488));
#9052=CARTESIAN_POINT('',(8.5457231581395,0.,15.1647820856232));
#9053=CARTESIAN_POINT('Origin',(7.12002198048996,0.,13.2024727607119));
#9054=CARTESIAN_POINT('Ctrl Pts',(21.4127243508161,3.24174610542278,32.8746898979043));
#9055=CARTESIAN_POINT('Ctrl Pts',(21.2809322450156,3.14138794008973,32.6932936262196));
#9056=CARTESIAN_POINT('Ctrl Pts',(21.1498025955848,3.04540309098274,32.5128091475054));
#9057=CARTESIAN_POINT('Ctrl Pts',(20.1586629690604,2.34735793171657,31.1486224848947));
#9058=CARTESIAN_POINT('Ctrl Pts',(19.1830693867261,1.82972504422209,29.805833116442));
#9059=CARTESIAN_POINT('Ctrl Pts',(17.1896338634107,1.15605630914618,27.0621045025258));
#9060=CARTESIAN_POINT('Ctrl Pts',(16.171794311472,1.,25.6611685452968));
#9061=CARTESIAN_POINT('Ctrl Pts',(14.3035458360528,1.,23.089745120782));
#9062=CARTESIAN_POINT('Ctrl Pts',(13.2810184322052,1.15753806247865,21.6823568889399));
#9063=CARTESIAN_POINT('Ctrl Pts',(11.2783707702432,1.83573804161393,18.9259488539415));
#9064=CARTESIAN_POINT('Ctrl Pts',(10.298244529901,2.35634882767456,17.5769208169551));
#9065=CARTESIAN_POINT('Ctrl Pts',(9.14106846140175,3.17048772263771,15.9842045974708));
#9066=CARTESIAN_POINT('Ctrl Pts',(8.84386350804423,3.39775895971611,15.575137072995));
#9067=CARTESIAN_POINT('Ctrl Pts',(8.54572315800269,3.64640248768796,15.1647820854349));
#9068=CARTESIAN_POINT('Ctrl Pts',(8.54572315801306,-1.38766098352453,15.1647820854492));
#9069=CARTESIAN_POINT('Ctrl Pts',(8.86659695275745,-1.6605692210634,15.6064269752883));
#9070=CARTESIAN_POINT('Ctrl Pts',(9.18696909224832,-1.90774666879449,16.0473813959062));
#9071=CARTESIAN_POINT('Ctrl Pts',(10.3270340564539,-2.7089300965733,17.6165462008014));
#9072=CARTESIAN_POINT('Ctrl Pts',(11.2627543999226,-3.20535988996606,18.9044547641688));
#9073=CARTESIAN_POINT('Ctrl Pts',(13.174579704936,-3.8520415102572,21.5358565490885));
#9074=CARTESIAN_POINT('Ctrl Pts',(14.1506903928885,-4.00224433545674,22.879357652365));
#9075=CARTESIAN_POINT('Ctrl Pts',(15.9351308205973,-4.00224433545674,25.3354291952213));
#9076=CARTESIAN_POINT('Ctrl Pts',(16.9078759733507,-3.85310821385586,26.6742980366971));
#9077=CARTESIAN_POINT('Ctrl Pts',(18.8129968559844,-3.20931011954444,29.2964719758661));
#9078=CARTESIAN_POINT('Ctrl Pts',(19.7453702190847,-2.71462787515056,30.5797738159662));
#9079=CARTESIAN_POINT('Ctrl Pts',(20.8461076045246,-1.9394182839643,32.0948088524725));
#9080=CARTESIAN_POINT('Ctrl Pts',(21.1289932534732,-1.72275280945165,32.4841675452461));
#9081=CARTESIAN_POINT('Ctrl Pts',(21.4127243509225,-1.48553643942282,32.8746898980507));
#9082=CARTESIAN_POINT('Origin',(14.2088421187641,0.,11.0502853195759));
#9083=CARTESIAN_POINT('',(11.8407017656368,5.,9.20857109964657));
#9084=CARTESIAN_POINT('',(11.7817911355247,3.64640248776502,12.8136410762956));
#9085=CARTESIAN_POINT('Ctrl Pts',(11.8407017656408,5.00000014206958,9.20857109964139));
#9086=CARTESIAN_POINT('Ctrl Pts',(11.8362262439994,5.00000014206959,9.21432588140152));
#9087=CARTESIAN_POINT('Ctrl Pts',(11.8317695003287,4.99997987326041,9.22009980432057));
#9088=CARTESIAN_POINT('Ctrl Pts',(11.6243325291946,4.99808226330479,9.49088217101921));
#9089=CARTESIAN_POINT('Ctrl Pts',(11.4703458865775,4.95342080072974,9.78305408712807));
#9090=CARTESIAN_POINT('Ctrl Pts',(11.241858943616,4.78010482906035,10.4596227254133));
#9091=CARTESIAN_POINT('Ctrl Pts',(11.1936348658112,4.63997541685529,10.8393081692597));
#9092=CARTESIAN_POINT('Ctrl Pts',(11.2298729784046,4.34097186393875,11.5295785522329));
#9093=CARTESIAN_POINT('Ctrl Pts',(11.2983694587552,4.18672020629013,11.8430997570659));
#9094=CARTESIAN_POINT('Ctrl Pts',(11.5059028903689,3.90257506904256,12.3771240267104));
#9095=CARTESIAN_POINT('Ctrl Pts',(11.6299264368288,3.7730548326357,12.6046172506186));
#9096=CARTESIAN_POINT('Ctrl Pts',(11.7817911355025,3.64640248768797,12.813641076265));
#9097=CARTESIAN_POINT('',(11.7817911355339,-1.38766098345284,12.8136410763083));
#9098=CARTESIAN_POINT('',(11.7817911356393,0.,12.8136410764533));
#9099=CARTESIAN_POINT('Ctrl Pts',(11.7817911355129,-1.38766098352454,12.8136410762793));
#9100=CARTESIAN_POINT('Ctrl Pts',(11.7797132541339,-1.38589371254668,12.8107811179159));
#9101=CARTESIAN_POINT('Ctrl Pts',(11.7776405349684,-1.38412584159007,12.8079176341882));
#9102=CARTESIAN_POINT('Ctrl Pts',(11.603573191097,-1.23523874172239,12.5665447906712));
#9103=CARTESIAN_POINT('Ctrl Pts',(11.4677330043309,-1.08408071019621,12.304236193482));
#9104=CARTESIAN_POINT('Ctrl Pts',(11.2668415953218,-0.772862878622745,11.7207013995225));
#9105=CARTESIAN_POINT('Ctrl Pts',(11.2101778767261,-0.612787579731908,11.3950010923798));
#9106=CARTESIAN_POINT('Ctrl Pts',(11.2074975137584,-0.323015951352034,10.7151533133778));
#9107=CARTESIAN_POINT('Ctrl Pts',(11.2663375978542,-0.195094522853562,10.3601720513634));
#9108=CARTESIAN_POINT('Ctrl Pts',(11.4983199017674,-0.0390106053413689,
9.72868124542296));
#9109=CARTESIAN_POINT('Ctrl Pts',(11.6480022134726,1.46354586950152E-7,
9.45635090205684));
#9110=CARTESIAN_POINT('Ctrl Pts',(11.8407017656353,1.46354789684958E-7,
9.20857109964851));
#9111=CARTESIAN_POINT('',(11.8407017656368,0.,9.20857109964657));
#9112=CARTESIAN_POINT('Origin',(0.,0.,0.));
#9113=CARTESIAN_POINT('',(14.9919912407845,5.,-0.490100638889319));
#9114=CARTESIAN_POINT('',(14.9919912407845,0.,-0.490100638889319));
#9115=CARTESIAN_POINT('Origin',(0.,5.,0.));
#9116=CARTESIAN_POINT('Origin',(14.900219545192,0.,-10.0986859296187));
#9117=CARTESIAN_POINT('',(12.4168496209933,5.,-8.4155716080156));
#9118=CARTESIAN_POINT('',(15.8272705281314,3.64640248776502,-7.24551638067301));
#9119=CARTESIAN_POINT('Ctrl Pts',(12.4168496209825,5.00000014206958,-8.41557160803151));
#9120=CARTESIAN_POINT('Ctrl Pts',(12.4323594844049,5.00000014206972,-8.39268740589631));
#9121=CARTESIAN_POINT('Ctrl Pts',(12.4482109127999,4.99970866739235,-8.36998029953642));
#9122=CARTESIAN_POINT('Ctrl Pts',(12.660568317499,4.99202785966157,-8.07460850025298));
#9123=CARTESIAN_POINT('Ctrl Pts',(12.8972415516105,4.94175136334657,-7.84168103709471));
#9124=CARTESIAN_POINT('Ctrl Pts',(13.4840673764388,4.75682815201994,-7.42474024787181));
#9125=CARTESIAN_POINT('Ctrl Pts',(13.8384452914343,4.61026749224404,-7.26814721452027));
#9126=CARTESIAN_POINT('Ctrl Pts',(14.5086061658119,4.3061798516251,-7.10763063617709));
#9127=CARTESIAN_POINT('Ctrl Pts',(14.8223664562712,4.15370873602436,-7.08375408987786));
#9128=CARTESIAN_POINT('Ctrl Pts',(15.3674120566391,3.88192394018435,-7.12582296275041));
#9129=CARTESIAN_POINT('Ctrl Pts',(15.601131177112,3.76296124362336,-7.1720392514529));
#9130=CARTESIAN_POINT('Ctrl Pts',(15.8272705280954,3.64640248768799,-7.24551638066132));
#9131=CARTESIAN_POINT('',(15.8272705281463,-1.38766098345284,-7.24551638067786));
#9132=CARTESIAN_POINT('',(15.8272705283168,0.,-7.24551638073326));
#9133=CARTESIAN_POINT('Ctrl Pts',(15.827270528112,-1.38766098352444,-7.24551638066673));
#9134=CARTESIAN_POINT('Ctrl Pts',(15.8017618202373,-1.37425239034481,-7.23722809905478));
#9135=CARTESIAN_POINT('Ctrl Pts',(15.7761533238629,-1.36080997182888,-7.22928559734803));
#9136=CARTESIAN_POINT('Ctrl Pts',(15.474653373915,-1.20277120383809,-7.14018396248399));
#9137=CARTESIAN_POINT('Ctrl Pts',(15.1887524120475,-1.05486291297426,-7.09879510958246));
#9138=CARTESIAN_POINT('Ctrl Pts',(14.5743771169247,-0.746100486754425,-7.09856217269659));
#9139=CARTESIAN_POINT('Ctrl Pts',(14.2443568736945,-0.585615949873935,-7.15193138713774));
#9140=CARTESIAN_POINT('Ctrl Pts',(13.6000725090251,-0.300862097470199,-7.37322040707291));
#9141=CARTESIAN_POINT('Ctrl Pts',(13.2864370764229,-0.177840293013048,-7.54365153550095));
#9142=CARTESIAN_POINT('Ctrl Pts',(12.7804869658702,-0.0344149994124553,
-7.95621948841035));
#9143=CARTESIAN_POINT('Ctrl Pts',(12.5823073587623,1.46353591534307E-7,
-8.17144513103005));
#9144=CARTESIAN_POINT('Ctrl Pts',(12.416849621002,1.46354789281634E-7,-8.41557160800276));
#9145=CARTESIAN_POINT('',(12.4168496209933,0.,-8.4155716080156));
#9146=CARTESIAN_POINT('Origin',(0.,0.,0.));
#9147=CARTESIAN_POINT('',(4.16666666666667,5.,-14.4096803881588));
#9148=CARTESIAN_POINT('',(4.16666666666667,0.,-14.4096803881588));
#9149=CARTESIAN_POINT('Origin',(0.,5.,0.));
#9150=CARTESIAN_POINT('Origin',(17.9903894889414,0.,-0.588120766667183));
#9151=CARTESIAN_POINT('',(17.0633385056312,3.64640248776503,-3.44129031549239));
#9152=CARTESIAN_POINT('Ctrl Pts',(17.0633385055952,3.64640248768798,-3.44129031548071));
#9153=CARTESIAN_POINT('Ctrl Pts',(16.8079692655443,3.77802717307142,-3.35831581955422));
#9154=CARTESIAN_POINT('Ctrl Pts',(16.5652077284169,3.91275974892166,-3.24152931453191));
#9155=CARTESIAN_POINT('Ctrl Pts',(16.0736129575841,4.20417869949325,-2.91809528696654));
#9156=CARTESIAN_POINT('Ctrl Pts',(15.8323480839687,4.36048328581932,-2.6977980305379));
#9157=CARTESIAN_POINT('Ctrl Pts',(15.4115571837916,4.65174520516369,-2.16119424129805));
#9158=CARTESIAN_POINT('Ctrl Pts',(15.2380707581559,4.7840189485612,-1.83863396425808));
#9159=CARTESIAN_POINT('Ctrl Pts',(15.0336623187219,4.95046369123581,-1.18434239073321));
#9160=CARTESIAN_POINT('Ctrl Pts',(14.9863661592612,4.99482870090723,-0.86970595653066));
#9161=CARTESIAN_POINT('Ctrl Pts',(14.990914700352,4.99985785595715,-0.528740765392402));
#9162=CARTESIAN_POINT('Ctrl Pts',(14.9913601411151,5.00000014206965,-0.50940573658552));
#9163=CARTESIAN_POINT('Ctrl Pts',(14.991991240785,5.00000014206958,-0.490100638874148));
#9164=CARTESIAN_POINT('',(17.0633385056461,-1.38766098345284,-3.44129031549725));
#9165=CARTESIAN_POINT('Ctrl Pts',(14.9919912407839,1.46354788340547E-7,
-0.490100638908485));
#9166=CARTESIAN_POINT('Ctrl Pts',(14.9822438349085,1.46353290079575E-7,
-0.788270059506583));
#9167=CARTESIAN_POINT('Ctrl Pts',(15.0169645161212,-0.0352228651786418,
-1.08222620526646));
#9168=CARTESIAN_POINT('Ctrl Pts',(15.191055391767,-0.184586899001315,-1.73201448418829));
#9169=CARTESIAN_POINT('Ctrl Pts',(15.3555361916646,-0.315881273209691,-2.06682101399201));
#9170=CARTESIAN_POINT('Ctrl Pts',(15.764900469391,-0.611354337257493,-2.62760905555747));
#9171=CARTESIAN_POINT('Ctrl Pts',(16.0036467872449,-0.772486152649764,-2.8594735336267));
#9172=CARTESIAN_POINT('Ctrl Pts',(16.513548744498,-1.08632883662641,-3.21620228124503));
#9173=CARTESIAN_POINT('Ctrl Pts',(16.7806890636148,-1.23908695935322,-3.34945194462963));
#9174=CARTESIAN_POINT('Ctrl Pts',(17.063338505612,-1.38766098352454,-3.44129031548618));
#9175=CARTESIAN_POINT('',(17.0633385058166,0.,-3.44129031555265));
#9176=CARTESIAN_POINT('Origin',(14.7565055425789,0.,-2.69175484987739));
#9177=CARTESIAN_POINT('',(37.8825837689823,-1.48553643933154,-10.2058731622588));
#9178=CARTESIAN_POINT('Ctrl Pts',(17.063338505612,-1.38766098352453,-3.44129031548617));
#9179=CARTESIAN_POINT('Ctrl Pts',(17.5825232116076,-1.6605692210634,-3.60998365244702));
#9180=CARTESIAN_POINT('Ctrl Pts',(18.1008962223524,-1.90774666879449,-3.77841325363355));
#9181=CARTESIAN_POINT('Ctrl Pts',(19.94556008382,-2.7089300965733,-4.37778087515342));
#9182=CARTESIAN_POINT('Ctrl Pts',(21.4595874035169,-3.20535988996606,-4.86971817195769));
#9183=CARTESIAN_POINT('Ctrl Pts',(24.5529857275808,-3.8520415102572,-5.87482421573989));
#9184=CARTESIAN_POINT('Ctrl Pts',(26.13236599747,-4.00224433545674,-6.38799597326853));
#9185=CARTESIAN_POINT('Ctrl Pts',(29.0196512604022,-4.00224433545674,-7.32613182383823));
#9186=CARTESIAN_POINT('Ctrl Pts',(30.593585979949,-3.85310821385586,-7.8375342148038));
#9187=CARTESIAN_POINT('Ctrl Pts',(33.6761363207275,-3.20931011954444,-8.83911553515218));
#9188=CARTESIAN_POINT('Ctrl Pts',(35.1847481124287,-2.71462787515056,-9.32929322024513));
#9189=CARTESIAN_POINT('Ctrl Pts',(36.9657786147582,-1.9394182839643,-9.90798511004357));
#9190=CARTESIAN_POINT('Ctrl Pts',(37.4234972096867,-1.72275280945165,-10.0567068968679));
#9191=CARTESIAN_POINT('Ctrl Pts',(37.8825837690249,-1.48553643942282,-10.2058731622727));
#9192=CARTESIAN_POINT('',(37.8825837688399,3.24174610545298,-10.2058731622126));
#9193=CARTESIAN_POINT('',(37.8825837687629,0.,-10.2058731621875));
#9194=CARTESIAN_POINT('Ctrl Pts',(37.8825837688528,3.24174610542278,-10.2058731622167));
#9195=CARTESIAN_POINT('Ctrl Pts',(37.6693396622186,3.14138794008973,-10.1365859518657));
#9196=CARTESIAN_POINT('Ctrl Pts',(37.4571674325068,3.04540309098274,-10.0676470154387));
#9197=CARTESIAN_POINT('Ctrl Pts',(35.8534698291935,2.34735793171657,-9.54657407732067));
#9198=CARTESIAN_POINT('Ctrl Pts',(34.2749262537702,1.82972504422209,-9.03367417830375));
#9199=CARTESIAN_POINT('Ctrl Pts',(31.0494798226646,1.15605630914618,-7.98566310369338));
#9200=CARTESIAN_POINT('Ctrl Pts',(29.4025808325337,1.,-7.45055318409379));
#9201=CARTESIAN_POINT('Ctrl Pts',(26.3796912998753,1.,-6.46835683539677));
#9202=CARTESIAN_POINT('Ctrl Pts',(24.7252072060218,1.15753806247865,-5.93078236619971));
#9203=CARTESIAN_POINT('Ctrl Pts',(21.4848552214767,1.83573804161393,-4.87792818369363));
#9204=CARTESIAN_POINT('Ctrl Pts',(19.8989776513373,2.35634882767456,-4.36264532534138));
#9205=CARTESIAN_POINT('Ctrl Pts',(18.0266274415375,3.17048772263771,-3.75428186393161));
#9206=CARTESIAN_POINT('Ctrl Pts',(17.5457397253802,3.39775895971611,-3.59803197327564));
#9207=CARTESIAN_POINT('Ctrl Pts',(17.0633385055952,3.64640248768796,-3.44129031548072));
#9208=CARTESIAN_POINT('Origin',(38.8096347518878,0.,-7.35270361330207));
#9209=CARTESIAN_POINT('Ctrl Pts',(41.7572019482337,5.,-7.91113679912248));
#9210=CARTESIAN_POINT('Ctrl Pts',(41.7164721103545,5.,-8.12612032283394));
#9211=CARTESIAN_POINT('Ctrl Pts',(41.652544481538,4.98583407504894,-8.3350422686592));
#9212=CARTESIAN_POINT('Ctrl Pts',(41.419193878615,4.91065046627388,-8.8794680955595));
#9213=CARTESIAN_POINT('Ctrl Pts',(41.2110992851532,4.82437436895888,-9.18668392922829));
#9214=CARTESIAN_POINT('Ctrl Pts',(40.6762207853746,4.58334708695564,-9.73603256087393));
#9215=CARTESIAN_POINT('Ctrl Pts',(40.3435439242063,4.42425843707993,-9.96011230385955));
#9216=CARTESIAN_POINT('Ctrl Pts',(39.6455155152959,4.08718406204309,-10.2575068397042));
#9217=CARTESIAN_POINT('Ctrl Pts',(39.2840718347136,3.91131097863531,-10.3373203101589));
#9218=CARTESIAN_POINT('Ctrl Pts',(38.6428761597657,3.60252337548845,-10.3608365636618));
#9219=CARTESIAN_POINT('Ctrl Pts',(38.3649110364971,3.46966211505827,-10.3326696221963));
#9220=CARTESIAN_POINT('Ctrl Pts',(38.0227668033027,3.30780396249188,-10.2485937216188));
#9221=CARTESIAN_POINT('Ctrl Pts',(37.9523330442368,3.27457190971476,-10.2285360755845));
#9222=CARTESIAN_POINT('Ctrl Pts',(37.8825837688533,3.241746105423,-10.2058731622169));
#9223=CARTESIAN_POINT('',(40.4824479643967,-0.113493267722509,-9.84302406578513));
#9224=CARTESIAN_POINT('Ctrl Pts',(37.8825837690249,-1.48553643942283,-10.2058731622727));
#9225=CARTESIAN_POINT('Ctrl Pts',(38.134381868229,-1.35542888158461,-10.2876873241525));
#9226=CARTESIAN_POINT('Ctrl Pts',(38.3941180383181,-1.21992966841996,-10.3352454460331));
#9227=CARTESIAN_POINT('Ctrl Pts',(38.9968669457986,-0.902622305772089,-10.3663673678155));
#9228=CARTESIAN_POINT('Ctrl Pts',(39.3402232100828,-0.71967371478832,-10.3254150179361));
#9229=CARTESIAN_POINT('Ctrl Pts',(39.9546416605682,-0.392163981926442,-10.1414685875401));
#9230=CARTESIAN_POINT('Ctrl Pts',(40.229142873359,-0.245843759395062,-10.0131757033622));
#9231=CARTESIAN_POINT('Ctrl Pts',(40.482447964391,-0.113493267725488,-9.84302406578897));
#9232=CARTESIAN_POINT('Ctrl Pts',(40.4824479643967,-0.113493267722509,-9.84302406578513));
#9233=CARTESIAN_POINT('Ctrl Pts',(40.5802656049775,-0.0623840982538968,
-9.77731740485448));
#9234=CARTESIAN_POINT('Ctrl Pts',(40.6793440324649,-0.0274327488157478,
-9.70222133410311));
#9235=CARTESIAN_POINT('Ctrl Pts',(40.8955069688339,0.0267894515774667,-9.51477637848974));
#9236=CARTESIAN_POINT('Ctrl Pts',(41.0098733286989,0.0395992495731844,-9.39856930161382));
#9237=CARTESIAN_POINT('Ctrl Pts',(41.2748858249493,0.0500666910089509,-9.08054877948809));
#9238=CARTESIAN_POINT('Ctrl Pts',(41.4183139214501,0.0357036965169727,-8.85926087384796));
#9239=CARTESIAN_POINT('Ctrl Pts',(41.6034662328829,0.0138372312719275,-8.45844382297528));
#9240=CARTESIAN_POINT('Ctrl Pts',(41.6610410815535,0.00622892392240834,
-8.30025393414536));
#9241=CARTESIAN_POINT('Ctrl Pts',(41.7213620571728,0.00121831696509348,
-8.07775545320764));
#9242=CARTESIAN_POINT('Ctrl Pts',(41.7357409894684,0.000380104341076497,
-8.01735426598757));
#9243=CARTESIAN_POINT('Ctrl Pts',(41.750053966212,6.30457769176649E-5,-7.94769590689415));
#9244=CARTESIAN_POINT('Ctrl Pts',(41.7518255381719,3.46067172295977E-5,
-7.938872841292));
#9245=CARTESIAN_POINT('Ctrl Pts',(41.7543074059135,1.06465369498859E-5,
-7.9262174741339));
#9246=CARTESIAN_POINT('Ctrl Pts',(41.7550499470597,5.60356950945768E-6,
-7.9223916999142));
#9247=CARTESIAN_POINT('Ctrl Pts',(41.7562604586532,9.19811598725448E-7,
-7.91608918052679));
#9248=CARTESIAN_POINT('Ctrl Pts',(41.7567327636635,-3.17472475001279E-16,
-7.91361328705929));
#9249=CARTESIAN_POINT('Ctrl Pts',(41.7572019482337,-2.77555756156289E-16,
-7.91113679912233));
#9250=CARTESIAN_POINT('Origin',(40.2317154991148,0.,-12.0585682399814));
#9251=CARTESIAN_POINT('',(39.7570875473659,0.,-15.0207852574718));
#9252=CARTESIAN_POINT('Origin',(40.2317154991148,0.,-12.0585682399814));
#9253=CARTESIAN_POINT('',(39.7570875473659,0.,-15.0207852574717));
#9254=CARTESIAN_POINT('Origin',(5.,0.,-39.1822663969301));
#9255=CARTESIAN_POINT('',(2.,3.24174610545298,-39.1822663970111));
#9256=CARTESIAN_POINT('Ctrl Pts',(5.37974683544304,5.,-42.1581347308742));
#9257=CARTESIAN_POINT('Ctrl Pts',(5.07491953939567,5.,-42.1970333608002));
#9258=CARTESIAN_POINT('Ctrl Pts',(4.76852082198334,4.97202202655765,-42.1886077284061));
#9259=CARTESIAN_POINT('Ctrl Pts',(4.09435599408016,4.85198838586357,-42.0677202974461));
#9260=CARTESIAN_POINT('Ctrl Pts',(3.74282055698521,4.74721098064202,-41.930675618555));
#9261=CARTESIAN_POINT('Ctrl Pts',(3.06681461238674,4.46752895079754,-41.5157092077088));
#9262=CARTESIAN_POINT('Ctrl Pts',(2.76186012956327,4.28656929351206,-41.2218542681246));
#9263=CARTESIAN_POINT('Ctrl Pts',(2.34210678850006,3.94268416122178,-40.6119180362295));
#9264=CARTESIAN_POINT('Ctrl Pts',(2.20192880189959,3.78376602712854,-40.3127408290958));
#9265=CARTESIAN_POINT('Ctrl Pts',(2.04465631654289,3.50648330022907,-39.7559086814144));
#9266=CARTESIAN_POINT('Ctrl Pts',(2.00664725567062,3.38747817732991,-39.5052290316648));
#9267=CARTESIAN_POINT('Ctrl Pts',(2.0002658433092,3.26242836895491,-39.2283694093324));
#9268=CARTESIAN_POINT('Ctrl Pts',(2.00000000000073,3.25206681962111,-39.2053247217205));
#9269=CARTESIAN_POINT('Ctrl Pts',(2.,3.24174610542281,-39.1822663970247));
#9270=CARTESIAN_POINT('',(2.,-1.48553643933154,-39.1822663971608));
#9271=CARTESIAN_POINT('',(2.,0.,-39.1822663969301));
#9272=CARTESIAN_POINT('',(3.14849221708309,-0.113493267722515,-41.5427576444882));
#9273=CARTESIAN_POINT('Ctrl Pts',(2.,-1.48553643942282,-39.1822663972056));
#9274=CARTESIAN_POINT('Ctrl Pts',(2.0000000000007,-1.48179668404995,-39.1898764346117));
#9275=CARTESIAN_POINT('Ctrl Pts',(2.00002895632525,-1.47805218234854,-39.1974846821656));
#9276=CARTESIAN_POINT('Ctrl Pts',(2.00207385343763,-1.34557544940654,-39.4662526057679));
#9277=CARTESIAN_POINT('Ctrl Pts',(2.03812780256832,-1.21170386868578,-39.7242364040531));
#9278=CARTESIAN_POINT('Ctrl Pts',(2.19362082466565,-0.90135066072406,-40.2934277124236));
#9279=CARTESIAN_POINT('Ctrl Pts',(2.33408025748897,-0.723884945740092,-40.5980694171435));
#9280=CARTESIAN_POINT('Ctrl Pts',(2.69330410659966,-0.398010324970241,-41.1241509930074));
#9281=CARTESIAN_POINT('Ctrl Pts',(2.90359567305297,-0.248488098195134,-41.3506671812202));
#9282=CARTESIAN_POINT('Ctrl Pts',(3.14849221707776,-0.113493267725449,-41.542757644484));
#9283=CARTESIAN_POINT('',(4.81983923133412,0.0138156577609464,-42.1768518603013));
#9284=CARTESIAN_POINT('Ctrl Pts',(3.14849221708309,-0.113493267722515,-41.5427576444882));
#9285=CARTESIAN_POINT('Ctrl Pts',(3.24013800741025,-0.062975168425947,-41.6146422126847));
#9286=CARTESIAN_POINT('Ctrl Pts',(3.3408941772561,-0.0282439061515869,-41.6848708783799));
#9287=CARTESIAN_POINT('Ctrl Pts',(3.58234844713073,0.0258220452506504,-41.8308344749025));
#9288=CARTESIAN_POINT('Ctrl Pts',(3.72577926337447,0.0389197873500479,-41.9029600707302));
#9289=CARTESIAN_POINT('Ctrl Pts',(4.10789969317687,0.0504422474272408,-42.0575815263869));
#9290=CARTESIAN_POINT('Ctrl Pts',(4.3632699356523,0.0362357369643799,-42.1267564014057));
#9291=CARTESIAN_POINT('Ctrl Pts',(4.697024882751,0.0195513760775921,-42.167563085767));
#9292=CARTESIAN_POINT('Ctrl Pts',(4.75835960371421,0.0165527675065857,-42.1731531123093));
#9293=CARTESIAN_POINT('Ctrl Pts',(4.81983923133412,0.0138156577609478,-42.1768518603013));
#9294=CARTESIAN_POINT('Origin',(5.,0.172981870379596,-39.1822663969301));
#9295=CARTESIAN_POINT('Origin',(1.,0.,-41.988093550434));
#9296=CARTESIAN_POINT('',(1.07142857142857,0.,-44.9872430897507));
#9297=CARTESIAN_POINT('',(1.07142857142857,0.,-44.9872430897507));
#9298=CARTESIAN_POINT('',(-1.96350370987811,0.,-42.4546187496872));
#9299=CARTESIAN_POINT('Origin',(1.,0.,-41.988093550434));
#9300=CARTESIAN_POINT('',(-2.00000000000001,0.031243739465199,-41.9880935504173));
#9301=CARTESIAN_POINT('Ctrl Pts',(-1.9635028994268,0.,-42.4546190533109));
#9302=CARTESIAN_POINT('Ctrl Pts',(-1.96989873075711,0.0125516936386062,
-42.4139921340305));
#9303=CARTESIAN_POINT('Ctrl Pts',(-1.97555291905176,0.0223980239793511,
-42.3725867466697));
#9304=CARTESIAN_POINT('Ctrl Pts',(-1.98037797441599,0.0295786359433717,
-42.3306301200833));
#9305=CARTESIAN_POINT('Ctrl Pts',(-1.98485432358682,0.0362403059108196,
-42.2917056940501));
#9306=CARTESIAN_POINT('Ctrl Pts',(-1.98861704205035,0.0406070425965839,
-42.2523060092237));
#9307=CARTESIAN_POINT('Ctrl Pts',(-1.99159793236771,0.0426704850517578,
-42.2126144344876));
#9308=CARTESIAN_POINT('Ctrl Pts',(-1.99475671839542,0.0448570711057385,
-42.1705541174864));
#9309=CARTESIAN_POINT('Ctrl Pts',(-1.99701785553724,0.0444449333976319,
-42.1284194241202));
#9310=CARTESIAN_POINT('Ctrl Pts',(-1.99839484153822,0.0414693542028749,
-42.0864277049317));
#9311=CARTESIAN_POINT('Ctrl Pts',(-1.99947145626097,0.039142858241781,-42.0535959237231));
#9312=CARTESIAN_POINT('Ctrl Pts',(-2.00000757820728,0.035248234688944,-42.0208512448921));
#9313=CARTESIAN_POINT('Ctrl Pts',(-2.00000993091014,0.0297804717299934,
-41.9883013705759));
#9314=CARTESIAN_POINT('',(-2.,4.71178889630441,-41.9880935503807));
#9315=CARTESIAN_POINT('',(-2.,0.,-41.988093550434));
#9316=CARTESIAN_POINT('Ctrl Pts',(-2.,4.71178889632804,-41.9880935503664));
#9317=CARTESIAN_POINT('Ctrl Pts',(-2.00000000000354,4.80672112360812,-42.1449066004318));
#9318=CARTESIAN_POINT('Ctrl Pts',(-1.98770565589273,4.90309798035905,-42.3008809517822));
#9319=CARTESIAN_POINT('Ctrl Pts',(-1.96350370987818,5.,-42.4546187496872));
#9320=CARTESIAN_POINT('Origin',(0.,0.,0.));
#9321=CARTESIAN_POINT('',(9.1179453200634,0.,-44.0665754641807));
#9322=CARTESIAN_POINT('Origin',(0.,2.1111111111111,0.));
#9323=CARTESIAN_POINT('Origin',(0.,0.,0.));
#9324=CARTESIAN_POINT('Origin',(-1.29504742772084E-16,26.6328121158294,
0.));
#9325=CARTESIAN_POINT('',(-2.,5.,-14.8660687473185));
#9326=CARTESIAN_POINT('Ctrl Pts',(-2.,5.00000010170959,-14.8660688113888));
#9327=CARTESIAN_POINT('Ctrl Pts',(-2.,4.18755420201199,-16.1558019239126));
#9328=CARTESIAN_POINT('Ctrl Pts',(-2.,3.49994838660961,-17.5077948900375));
#9329=CARTESIAN_POINT('Ctrl Pts',(-2.,2.35634882767456,-20.2731839088769));
#9330=CARTESIAN_POINT('Ctrl Pts',(-2.,1.83573804161393,-21.9406742661452));
#9331=CARTESIAN_POINT('Ctrl Pts',(-2.,1.15753806247865,-25.3477819711298));
#9332=CARTESIAN_POINT('Ctrl Pts',(-2.,1.,-27.0874094964199));
#9333=CARTESIAN_POINT('Ctrl Pts',(-2.,1.,-30.2658636480555));
#9334=CARTESIAN_POINT('Ctrl Pts',(-2.,1.15605630914618,-31.9975157233142));
#9335=CARTESIAN_POINT('Ctrl Pts',(-2.,1.82972504422208,-35.388950801926));
#9336=CARTESIAN_POINT('Ctrl Pts',(-2.,2.34735793171657,-37.0487297407975));
#9337=CARTESIAN_POINT('Ctrl Pts',(-2.,3.42587434776195,-39.6540396706435));
#9338=CARTESIAN_POINT('Ctrl Pts',(-2.,4.01752715133241,-40.8412827686555));
#9339=CARTESIAN_POINT('Ctrl Pts',(-2.,4.71178889632805,-41.9880935503664));
#9340=CARTESIAN_POINT('Origin',(0.,5.,0.));
#9341=CARTESIAN_POINT('',(2.,3.64640248776503,-17.2916164655956));
#9342=CARTESIAN_POINT('Ctrl Pts',(2.,3.64640248768797,-17.2916164655578));
#9343=CARTESIAN_POINT('Ctrl Pts',(2.0000000000223,3.78728185629416,-17.0042260310736));
#9344=CARTESIAN_POINT('Ctrl Pts',(2.04131010083852,3.93178154737956,-16.7185424527606));
#9345=CARTESIAN_POINT('Ctrl Pts',(2.21321709713418,4.23195358840387,-16.1353187827071));
#9346=CARTESIAN_POINT('Ctrl Pts',(2.354207110131,4.38743772624795,-15.8395603717296));
#9347=CARTESIAN_POINT('Ctrl Pts',(2.74540964789537,4.6736588510632,-15.2814859724685));
#9348=CARTESIAN_POINT('Ctrl Pts',(3.00235984728288,4.80172820381322,-15.0228542691221));
#9349=CARTESIAN_POINT('Ctrl Pts',(3.56713038440745,4.95962295919466,-14.6374665947124));
#9350=CARTESIAN_POINT('Ctrl Pts',(3.85374950642235,4.99957059010824,-14.5007489701818));
#9351=CARTESIAN_POINT('Ctrl Pts',(4.16332033701135,4.99999898503197,-14.4106495834753));
#9352=CARTESIAN_POINT('Ctrl Pts',(4.16499339565554,5.00000014206958,-14.4101642269643));
#9353=CARTESIAN_POINT('Ctrl Pts',(4.1666666666682,5.00000014206958,-14.4096803881584));
#9354=CARTESIAN_POINT('Ctrl Pts',(2.,3.24174610542278,-39.1822663970246));
#9355=CARTESIAN_POINT('Ctrl Pts',(2.,3.14138794008972,-38.9580482743573));
#9356=CARTESIAN_POINT('Ctrl Pts',(2.,3.04540309098274,-38.734957189783));
#9357=CARTESIAN_POINT('Ctrl Pts',(2.,2.34735793171657,-37.0487297407975));
#9358=CARTESIAN_POINT('Ctrl Pts',(2.,1.82972504422209,-35.388950801926));
#9359=CARTESIAN_POINT('Ctrl Pts',(2.,1.15605630914618,-31.9975157233143));
#9360=CARTESIAN_POINT('Ctrl Pts',(2.,1.,-30.2658636480555));
#9361=CARTESIAN_POINT('Ctrl Pts',(2.,1.,-27.0874094964199));
#9362=CARTESIAN_POINT('Ctrl Pts',(2.,1.15753806247865,-25.3477819711298));
#9363=CARTESIAN_POINT('Ctrl Pts',(2.,1.83573804161394,-21.9406742661452));
#9364=CARTESIAN_POINT('Ctrl Pts',(2.,2.35634882767456,-20.2731839088769));
#9365=CARTESIAN_POINT('Ctrl Pts',(2.,3.1704877226377,-18.3044783927278));
#9366=CARTESIAN_POINT('Ctrl Pts',(2.,3.39775895971611,-17.7988431250882));
#9367=CARTESIAN_POINT('Ctrl Pts',(2.,3.64640248768796,-17.2916164655578));
#9368=CARTESIAN_POINT('Origin',(5.,0.,-17.2916164657906));
#9369=CARTESIAN_POINT('',(2.,-1.38766098345284,-17.2916164656113));
#9370=CARTESIAN_POINT('Ctrl Pts',(4.16666666666299,1.46354789684958E-7,
-14.4096803881599));
#9371=CARTESIAN_POINT('Ctrl Pts',(3.85736990885067,1.46354466753659E-7,
-14.4991158548861));
#9372=CARTESIAN_POINT('Ctrl Pts',(3.56961728604688,-0.0410576283039921,
-14.6360081626973));
#9373=CARTESIAN_POINT('Ctrl Pts',(2.99208063291612,-0.206894412916332,-15.0295768094105));
#9374=CARTESIAN_POINT('Ctrl Pts',(2.72752705972298,-0.345106555424304,-15.2995765113929));
#9375=CARTESIAN_POINT('Ctrl Pts',(2.3369479491079,-0.646966968999973,-15.8716462939246));
#9376=CARTESIAN_POINT('Ctrl Pts',(2.19976462533614,-0.806856580094335,-16.1684373953724));
#9377=CARTESIAN_POINT('Ctrl Pts',(2.03804269192522,-1.10833868869079,-16.7417057468873));
#9378=CARTESIAN_POINT('Ctrl Pts',(2.00000000001977,-1.24977636517136,-17.0158034594365));
#9379=CARTESIAN_POINT('Ctrl Pts',(2.,-1.38766098352455,-17.2916164655755));
#9380=CARTESIAN_POINT('',(2.,0.,-17.2916164657906));
#9381=CARTESIAN_POINT('Origin',(2.,0.,-14.8660687473185));
#9382=CARTESIAN_POINT('Ctrl Pts',(2.,-1.38766098352453,-17.2916164655755));
#9383=CARTESIAN_POINT('Ctrl Pts',(2.,-1.6605692210634,-17.8375195713321));
#9384=CARTESIAN_POINT('Ctrl Pts',(2.,-1.90774666879449,-18.3825692101948));
#9385=CARTESIAN_POINT('Ctrl Pts',(2.,-2.7089300965733,-20.3221635769455));
#9386=CARTESIAN_POINT('Ctrl Pts',(2.,-3.20535988996606,-21.9141061100716));
#9387=CARTESIAN_POINT('Ctrl Pts',(2.,-3.8520415102572,-25.1666975923467));
#9388=CARTESIAN_POINT('Ctrl Pts',(2.,-4.00224433545674,-26.8273562838424));
#9389=CARTESIAN_POINT('Ctrl Pts',(2.,-4.00224433545674,-29.8632276684156));
#9390=CARTESIAN_POINT('Ctrl Pts',(2.,-3.85310821385586,-31.5181605694361));
#9391=CARTESIAN_POINT('Ctrl Pts',(2.,-3.20931011954444,-34.7593458070774));
#9392=CARTESIAN_POINT('Ctrl Pts',(2.,-2.71462787515056,-36.3455941170917));
#9393=CARTESIAN_POINT('Ctrl Pts',(2.,-1.9394182839643,-38.2182804105073));
#9394=CARTESIAN_POINT('Ctrl Pts',(2.,-1.72275280945165,-38.6995542224059));
#9395=CARTESIAN_POINT('Ctrl Pts',(2.,-1.48553643942282,-39.1822663972056));
#9396=CARTESIAN_POINT('Origin',(-35.7194648081383,0.,-16.8632687762536));
#9397=CARTESIAN_POINT('Ctrl Pts',(-38.4323355530602,5.,-18.1440233668552));
#9398=CARTESIAN_POINT('Ctrl Pts',(-38.5636506649139,5.,-17.8658741195846));
#9399=CARTESIAN_POINT('Ctrl Pts',(-38.6503579804645,4.97196920103155,-17.5715794990931));
#9400=CARTESIAN_POINT('Ctrl Pts',(-38.7434660647177,4.85190574484272,-16.8934545632563));
#9401=CARTESIAN_POINT('Ctrl Pts',(-38.7218298322252,4.74734065809308,-16.5174719252159));
#9402=CARTESIAN_POINT('Ctrl Pts',(-38.5369816747508,4.46869424515711,-15.7487676473653));
#9403=CARTESIAN_POINT('Ctrl Pts',(-38.3531173528774,4.28873329432532,-15.3694327600016));
#9404=CARTESIAN_POINT('Ctrl Pts',(-37.8837342265756,3.92951957556984,-14.7540547545893));
#9405=CARTESIAN_POINT('Ctrl Pts',(-37.6122982233231,3.75289129089369,-14.5076726158041));
#9406=CARTESIAN_POINT('Ctrl Pts',(-37.0992297769927,3.46443391232051,-14.1884730724316));
#9407=CARTESIAN_POINT('Ctrl Pts',(-36.8785242811361,3.3509352724488,-14.0854833554292));
#9408=CARTESIAN_POINT('Ctrl Pts',(-36.6465157913523,3.24174610542248,-14.0100992273971));
#9409=CARTESIAN_POINT('',(-38.5365727609249,-0.113493267722509,-15.8318121449081));
#9410=CARTESIAN_POINT('Ctrl Pts',(-36.6465157915246,-1.48553643942308,-14.0100992274531));
#9411=CARTESIAN_POINT('Ctrl Pts',(-36.8834410704774,-1.3631138733515,-14.0870809171443));
#9412=CARTESIAN_POINT('Ctrl Pts',(-37.1083232712925,-1.23587359671181,-14.192765553618));
#9413=CARTESIAN_POINT('Ctrl Pts',(-37.6338893402218,-0.910090806114841,
-14.523290293612));
#9414=CARTESIAN_POINT('Ctrl Pts',(-37.9119381214993,-0.709358979303433,
-14.7811339962727));
#9415=CARTESIAN_POINT('Ctrl Pts',(-38.3016637263134,-0.375447873825071,
-15.3105884695657));
#9416=CARTESIAN_POINT('Ctrl Pts',(-38.4376738852292,-0.238253811212035,
-15.5617001491391));
#9417=CARTESIAN_POINT('Ctrl Pts',(-38.5365727609223,-0.113493267725707,
-15.8318121449011));
#9418=CARTESIAN_POINT('Ctrl Pts',(-38.5365727609249,-0.113493267722509,
-15.8318121449081));
#9419=CARTESIAN_POINT('Ctrl Pts',(-38.5766189002544,-0.0629752201483025,
-15.9411859122146));
#9420=CARTESIAN_POINT('Ctrl Pts',(-38.612274930083,-0.0282439773189071,
-16.0587124472523));
#9421=CARTESIAN_POINT('Ctrl Pts',(-38.6764810431528,0.0258219599403868,
-16.3334539898243));
#9422=CARTESIAN_POINT('Ctrl Pts',(-38.7007540054386,0.0389197267863195,
-16.4921526155508));
#9423=CARTESIAN_POINT('Ctrl Pts',(-38.7297261721922,0.0504422796509768,
-16.903351235893));
#9424=CARTESIAN_POINT('Ctrl Pts',(-38.7166017227885,0.03623578322253,-17.1675990617211));
#9425=CARTESIAN_POINT('Ctrl Pts',(-38.6604718523257,0.0216773566271892,
-17.4555761582379));
#9426=CARTESIAN_POINT('Ctrl Pts',(-38.6567184591506,0.0207533122985663,
-17.4739171691304));
#9427=CARTESIAN_POINT('Ctrl Pts',(-38.6527936136762,0.0198403649327841,
-17.4922219689487));
#9428=CARTESIAN_POINT('Origin',(-3.99999999999997,0.,-44.8218696620299));
#9429=CARTESIAN_POINT('Origin',(13.9584667554989,1.,-26.6535402120549));
#9430=CARTESIAN_POINT('',(4.37415276251452,0.,-42.2743041055697));
#9431=CARTESIAN_POINT('Ctrl Pts',(4.81983969222885,0.0137447066415038,-42.1768558934417));
#9432=CARTESIAN_POINT('Ctrl Pts',(4.68578045829551,0.00948522377553967,
-42.2090407795115));
#9433=CARTESIAN_POINT('Ctrl Pts',(4.53655818436775,0.00487961467901483,
-42.2417561436881));
#9434=CARTESIAN_POINT('Ctrl Pts',(4.37426405842232,0.,-42.2743009601347));
#9435=CARTESIAN_POINT('',(7.59672241115787,0.,-43.4918361144687));
#9436=CARTESIAN_POINT('Origin',(0.,0.,0.));
#9437=CARTESIAN_POINT('Origin',(0.,0.,0.));
#9438=CARTESIAN_POINT('Origin',(0.,0.,0.));
#9439=CARTESIAN_POINT('Origin',(0.,0.,0.));
#9440=CARTESIAN_POINT('Origin',(0.,0.,0.));
#9441=CARTESIAN_POINT('Origin',(0.,0.,0.));
#9442=CARTESIAN_POINT('Origin',(0.,0.,0.));
#9443=CARTESIAN_POINT('Origin',(0.,0.,0.));
#9444=CARTESIAN_POINT('Origin',(0.,0.,0.));
#9445=CARTESIAN_POINT('Origin',(0.,0.,0.));
#9446=CARTESIAN_POINT('Ctrl Pts',(41.7572019482337,0.,-7.91113679912233));
#9447=CARTESIAN_POINT('Ctrl Pts',(41.2938663422883,0.,-10.3567522597748));
#9448=CARTESIAN_POINT('Ctrl Pts',(40.6209555231758,0.,-12.7408871238223));
#9449=CARTESIAN_POINT('Ctrl Pts',(39.7428338612329,0.,-15.0584579781078));
#9450=CARTESIAN_POINT('Ctrl Pts',(41.48415600352,0.086580475082022,-7.85940670897515));
#9451=CARTESIAN_POINT('Ctrl Pts',(41.0238513249463,0.0865804750820224,-10.2890240836931));
#9452=CARTESIAN_POINT('Ctrl Pts',(40.3553370531553,0.0865804750820243,-12.6575819307097));
#9453=CARTESIAN_POINT('Ctrl Pts',(39.4829596572407,0.0865804750820242,-14.9599923076909));
#9454=CARTESIAN_POINT('Ctrl Pts',(41.1743355749532,0.0438792206438189,-7.80070948600047));
#9455=CARTESIAN_POINT('Ctrl Pts',(40.7174712000771,0.0438792206438194,-10.2121679715583));
#9456=CARTESIAN_POINT('Ctrl Pts',(40.0539422438683,0.0438792206438225,-12.5630628150094));
#9457=CARTESIAN_POINT('Ctrl Pts',(39.1880849710821,0.0438792206438224,-14.8482650442092));
#9458=CARTESIAN_POINT('Ctrl Pts',(40.9337476186632,-0.113493267722513,-7.75512874434083));
#9459=CARTESIAN_POINT('Ctrl Pts',(40.479549016467,-0.113493267722512,-10.1525165329851));
#9460=CARTESIAN_POINT('Ctrl Pts',(39.8199080358868,-0.113493267722509,-12.4896361257864));
#9461=CARTESIAN_POINT('Ctrl Pts',(38.9591029816351,-0.113493267722509,-14.7615043547759));
#9462=CARTESIAN_POINT('',(38.9591029816351,-0.113493267722509,-14.7615043547759));
#9463=CARTESIAN_POINT('Ctrl Pts',(38.9591029816351,-0.113493267722509,-14.7615043547759));
#9464=CARTESIAN_POINT('Ctrl Pts',(38.994045451011,-0.089907845399318,-14.7728578513112));
#9465=CARTESIAN_POINT('Ctrl Pts',(39.0303794404959,-0.0689700282570311,
-14.7846655926367));
#9466=CARTESIAN_POINT('Ctrl Pts',(39.0678220033544,-0.0506508742548221,
-14.7968334061316));
#9467=CARTESIAN_POINT('Ctrl Pts',(39.1062872427074,-0.0318313653952449,
-14.8093335616432));
#9468=CARTESIAN_POINT('Ctrl Pts',(39.1459233802333,-0.0157751747145738,
-14.8222140802263));
#9469=CARTESIAN_POINT('Ctrl Pts',(39.1864494241752,-0.0024988885692251,
-14.8353829194085));
#9470=CARTESIAN_POINT('Ctrl Pts',(39.2243020757912,0.00990159727470978,
-14.8476830462717));
#9471=CARTESIAN_POINT('Ctrl Pts',(39.2629320475388,0.0198765130833651,-14.8602350703376));
#9472=CARTESIAN_POINT('Ctrl Pts',(39.3021184401085,0.0273722309154231,-14.8729673068807));
#9473=CARTESIAN_POINT('Ctrl Pts',(39.3439930038367,0.0353821520503805,-14.8865729698561));
#9474=CARTESIAN_POINT('Ctrl Pts',(39.3862836001506,0.040519709765547,-14.9003131099741));
#9475=CARTESIAN_POINT('Ctrl Pts',(39.4287118028898,0.0427592805435272,-14.9140975169548));
#9476=CARTESIAN_POINT('Ctrl Pts',(39.4628524989031,0.0445613956508144,-14.9251894138081));
#9477=CARTESIAN_POINT('Ctrl Pts',(39.4970828540381,0.0444861672716341,-14.9363101921443));
#9478=CARTESIAN_POINT('Ctrl Pts',(39.5312588296701,0.0424957469867043,-14.9474134188549));
#9479=CARTESIAN_POINT('Ctrl Pts',(39.5732345508103,0.0400510669069957,-14.9610506578669));
#9480=CARTESIAN_POINT('Ctrl Pts',(39.6149617387751,0.0347283040071965,-14.9746073432961));
#9481=CARTESIAN_POINT('Ctrl Pts',(39.65617496998,0.0264800633523208,-14.9879974551257));
#9482=CARTESIAN_POINT('Ctrl Pts',(39.6902142566383,0.0196675854206174,-14.9990567640328));
#9483=CARTESIAN_POINT('Ctrl Pts',(39.7239033081348,0.0108586073525284,-15.0100025878685));
#9484=CARTESIAN_POINT('Ctrl Pts',(39.7570878279949,0.,-15.0207848356001));
#9485=CARTESIAN_POINT('',(40.1951709591349,-0.113493267722512,-10.9572782895953));
#9486=CARTESIAN_POINT('Ctrl Pts',(40.4826084697521,-0.113493267722512,-9.84306307289856));
#9487=CARTESIAN_POINT('Ctrl Pts',(40.391958801242,-0.113493267722511,-10.2160348200668));
#9488=CARTESIAN_POINT('Ctrl Pts',(40.2962165703648,-0.113493267722511,-10.5874671185104));
#9489=CARTESIAN_POINT('Ctrl Pts',(40.1953986279424,-0.113493267722511,-10.9573403411851));
#9490=CARTESIAN_POINT('Ctrl Pts',(40.1953986279424,-0.113493267722511,-10.9573403411851));
#9491=CARTESIAN_POINT('Ctrl Pts',(39.8445374051135,-0.11349326772251,-12.2445533915716));
#9492=CARTESIAN_POINT('Ctrl Pts',(39.4322021049949,-0.113493267722509,-13.5128838195977));
#9493=CARTESIAN_POINT('Ctrl Pts',(38.9591029816351,-0.113493267722509,-14.7615043547759));
#9494=CARTESIAN_POINT('Origin',(-1.29504742772084E-16,20.4930199477387,
0.));
#9495=CARTESIAN_POINT('Ctrl Pts',(38.9591029816351,-0.113493267722512,-14.7615043547759));
#9496=CARTESIAN_POINT('Ctrl Pts',(37.7579523495375,-0.924244351939222,-14.3712268562648));
#9497=CARTESIAN_POINT('Ctrl Pts',(36.490454049234,-1.60829785193137,-13.9593916935545));
#9498=CARTESIAN_POINT('Ctrl Pts',(33.948680134929,-2.71462787515056,-13.1335192854257));
#9499=CARTESIAN_POINT('Ctrl Pts',(32.4400683432277,-3.20931011954444,-12.6433416003328));
#9500=CARTESIAN_POINT('Ctrl Pts',(29.3575180024492,-3.85310821385586,-11.6417602799844));
#9501=CARTESIAN_POINT('Ctrl Pts',(27.7835832829025,-4.00224433545674,-11.1303578890188));
#9502=CARTESIAN_POINT('Ctrl Pts',(24.8962980199702,-4.00224433545674,-10.1922220384491));
#9503=CARTESIAN_POINT('Ctrl Pts',(23.316917750081,-3.8520415102572,-9.6790502809205));
#9504=CARTESIAN_POINT('Ctrl Pts',(20.2235194260172,-3.20535988996606,-8.6739442371383));
#9505=CARTESIAN_POINT('Ctrl Pts',(18.7094921063202,-2.7089300965733,-8.18200694033403));
#9506=CARTESIAN_POINT('Ctrl Pts',(16.8648282448526,-1.90774666879449,-7.58263931881416));
#9507=CARTESIAN_POINT('Ctrl Pts',(16.3464552341078,-1.6605692210634,-7.41420971762764));
#9508=CARTESIAN_POINT('Ctrl Pts',(15.8272705281122,-1.38766098352454,-7.24551638066679));
#9509=CARTESIAN_POINT('Ctrl Pts',(20.4276232436587,0.,37.2687832993664));
#9510=CARTESIAN_POINT('Ctrl Pts',(22.6103631875282,0.,36.0723882130528));
#9511=CARTESIAN_POINT('Ctrl Pts',(24.6698693069025,0.,34.6956738037779));
#9512=CARTESIAN_POINT('Ctrl Pts',(26.6026556531772,0.,33.1443616954449));
#9513=CARTESIAN_POINT('Ctrl Pts',(20.294049167174,0.0865804750820237,37.0250866513745));
#9514=CARTESIAN_POINT('Ctrl Pts',(22.4625106352338,0.0865804750820241,35.8365178287194));
#9515=CARTESIAN_POINT('Ctrl Pts',(24.5085607388953,0.0865804750820254,34.468798347408));
#9516=CARTESIAN_POINT('Ctrl Pts',(26.4287036902627,0.0865804750820252,32.9276342058424));
#9517=CARTESIAN_POINT('Ctrl Pts',(20.1424850131438,0.0438792206438211,36.7485683533265));
#9518=CARTESIAN_POINT('Ctrl Pts',(22.2947394636476,0.0438792206438216,35.5688828592705));
#9519=CARTESIAN_POINT('Ctrl Pts',(24.325531599908,0.0438792206438228,34.2113628631028));
#9520=CARTESIAN_POINT('Ctrl Pts',(26.2313234590465,0.0438792206438225,32.6817173372317));
#9521=CARTESIAN_POINT('Ctrl Pts',(20.0247893846353,-0.113493267722511,36.5338408335438));
#9522=CARTESIAN_POINT('Ctrl Pts',(22.1644855762118,-0.113493267722511,35.361038724435));
#9523=CARTESIAN_POINT('Ctrl Pts',(24.1833781211211,-0.113493267722511,34.0114731993766));
#9524=CARTESIAN_POINT('Ctrl Pts',(26.0780498138578,-0.113493267722511,32.4907530515324));
#9525=CARTESIAN_POINT('',(26.0780498138578,-0.113493267722513,32.4907530515324));
#9526=CARTESIAN_POINT('Ctrl Pts',(26.0780498138578,-0.113493267722511,32.4907530515324));
#9527=CARTESIAN_POINT('Ctrl Pts',(26.0996454475833,-0.0899078453990679,
32.5204768913532));
#9528=CARTESIAN_POINT('Ctrl Pts',(26.1221030971378,-0.0689700282569734,
32.5513837760809));
#9529=CARTESIAN_POINT('Ctrl Pts',(26.1452457636869,-0.0506508742551469,
32.5832337083192));
#9530=CARTESIAN_POINT('Ctrl Pts',(26.1690205306944,-0.0318313653949629,
32.6159535643723));
#9531=CARTESIAN_POINT('Ctrl Pts',(26.1935188719133,-0.0157751747141795,
32.649669472109));
#9532=CARTESIAN_POINT('Ctrl Pts',(26.2185664185224,-0.00249888856892568,
32.6841426351761));
#9533=CARTESIAN_POINT('Ctrl Pts',(26.2419616473466,0.00990159748078714,
32.7163416984552));
#9534=CARTESIAN_POINT('Ctrl Pts',(26.2658366497934,0.0198765134146139,32.7492021966157));
#9535=CARTESIAN_POINT('Ctrl Pts',(26.2900549879895,0.0273722312884756,32.782536193719));
#9536=CARTESIAN_POINT('Ctrl Pts',(26.3159346942531,0.0353821523342125,32.818156889352));
#9537=CARTESIAN_POINT('Ctrl Pts',(26.3420708570152,0.040519709959865,32.8541316997595));
#9538=CARTESIAN_POINT('Ctrl Pts',(26.3682916427862,0.0427592806477264,32.8902237024369));
#9539=CARTESIAN_POINT('Ctrl Pts',(26.3893907186812,0.0445613956692983,32.9192658490127));
#9540=CARTESIAN_POINT('Ctrl Pts',(26.410544968688,0.0444861672314845,32.9483843416072));
#9541=CARTESIAN_POINT('Ctrl Pts',(26.4316657219153,0.0424957469157482,32.9774565399701));
#9542=CARTESIAN_POINT('Ctrl Pts',(26.4576067181217,0.0400510667803343,33.0131636844706));
#9543=CARTESIAN_POINT('Ctrl Pts',(26.4833943023415,0.0347283038247953,33.0486593522986));
#9544=CARTESIAN_POINT('Ctrl Pts',(26.5088646442791,0.0264800631138481,33.0837176922715));
#9545=CARTESIAN_POINT('Ctrl Pts',(26.5299013898844,0.0196675852149369,33.112673462915));
#9546=CARTESIAN_POINT('Ctrl Pts',(26.5507219761599,0.0108586072257313,33.1413312089465));
#9547=CARTESIAN_POINT('Ctrl Pts',(26.5712310834727,0.,33.1695596646834));
#9548=CARTESIAN_POINT('',(22.841981836358,-0.11349326772251,34.8418940607023));
#9549=CARTESIAN_POINT('Ctrl Pts',(21.871123269565,-0.113493267722511,35.459574815553));
#9550=CARTESIAN_POINT('Ctrl Pts',(22.1978281919992,-0.113493267722511,35.2581072493198));
#9551=CARTESIAN_POINT('Ctrl Pts',(22.5214953233761,-0.113493267722511,35.0522720842805));
#9552=CARTESIAN_POINT('Ctrl Pts',(22.8421112044575,-0.113493267722511,34.8420914116095));
#9553=CARTESIAN_POINT('Ctrl Pts',(22.8421112044575,-0.113493267722511,34.8420914116095));
#9554=CARTESIAN_POINT('Ctrl Pts',(23.9579014833665,-0.113493267722511,34.1106318513721));
#9555=CARTESIAN_POINT('Ctrl Pts',(25.0367367866387,-0.113493267722511,33.3265420205529));
#9556=CARTESIAN_POINT('Ctrl Pts',(26.0780498138578,-0.113493267722511,32.4907530515324));
#9557=CARTESIAN_POINT('Origin',(-1.29504742772084E-16,20.4930199477387,
0.));
#9558=CARTESIAN_POINT('Ctrl Pts',(26.0780498138578,-0.113493267722511,32.4907530515324));
#9559=CARTESIAN_POINT('Ctrl Pts',(25.3356978976131,-0.924244351939223,31.4689932953861));
#9560=CARTESIAN_POINT('Ctrl Pts',(24.5523408673428,-1.60829785193136,30.390794841648));
#9561=CARTESIAN_POINT('Ctrl Pts',(22.9814381965844,-2.71462787515055,28.2286328067963));
#9562=CARTESIAN_POINT('Ctrl Pts',(22.0490648334842,-3.20931011954444,26.9453309666963));
#9563=CARTESIAN_POINT('Ctrl Pts',(20.1439439508505,-3.85310821385586,24.3231570275272));
#9564=CARTESIAN_POINT('Ctrl Pts',(19.1711987980971,-4.00224433545674,22.9842881860514));
#9565=CARTESIAN_POINT('Ctrl Pts',(17.3867583703883,-4.00224433545674,20.5282166431951));
#9566=CARTESIAN_POINT('Ctrl Pts',(16.4106476824358,-3.8520415102572,19.1847155399186));
#9567=CARTESIAN_POINT('Ctrl Pts',(14.4988223774224,-3.20535988996606,16.5533137549989));
#9568=CARTESIAN_POINT('Ctrl Pts',(13.5631020339537,-2.7089300965733,15.2654051916315));
#9569=CARTESIAN_POINT('Ctrl Pts',(12.4230370697481,-1.90774666879449,13.6962403867363));
#9570=CARTESIAN_POINT('Ctrl Pts',(12.1026649302572,-1.6605692210634,13.2552859661184));
#9571=CARTESIAN_POINT('Ctrl Pts',(11.7817911355129,-1.38766098352453,12.8136410762793));
#9572=CARTESIAN_POINT('Ctrl Pts',(-29.1322364742752,0.,30.9445115974854));
#9573=CARTESIAN_POINT('Ctrl Pts',(-27.3194091453461,0.,32.6511701196927));
#9574=CARTESIAN_POINT('Ctrl Pts',(-25.3706201542919,0.,34.1862989246558));
#9575=CARTESIAN_POINT('Ctrl Pts',(-23.3014884765599,0.,35.5428000413128));
#9576=CARTESIAN_POINT('Ctrl Pts',(-28.9417438488449,0.086580475082022,30.7421686959348));
#9577=CARTESIAN_POINT('Ctrl Pts',(-27.1407751983791,0.0865804750820223,
32.4376630469392));
#9578=CARTESIAN_POINT('Ctrl Pts',(-25.2047188727462,0.0865804750820224,
33.9627619026732));
#9579=CARTESIAN_POINT('Ctrl Pts',(-23.1491224980586,0.0865804750820229,
35.3103894160252));
#9580=CARTESIAN_POINT('Ctrl Pts',(-28.7255952189449,0.0438792206438202,
30.5125737662552));
#9581=CARTESIAN_POINT('Ctrl Pts',(-26.9380869554704,0.0438792206438205,
32.1953960420959));
#9582=CARTESIAN_POINT('Ctrl Pts',(-25.0164684110356,0.0438792206438203,
33.7091217845819));
#9583=CARTESIAN_POINT('Ctrl Pts',(-22.9762355034989,0.0438792206438208,
35.0466771693351));
#9584=CARTESIAN_POINT('Ctrl Pts',(-28.5577471614004,-0.113493267722509,
30.3342841190498));
#9585=CARTESIAN_POINT('Ctrl Pts',(-26.7806688875594,-0.113493267722509,
32.0072872409037));
#9586=CARTESIAN_POINT('Ctrl Pts',(-24.8703101230824,-0.11349326772251,33.5121432210146));
#9587=CARTESIAN_POINT('Ctrl Pts',(-22.8419818363581,-0.11349326772251,34.8418940607023));
#9588=CARTESIAN_POINT('',(-22.8419818363581,-0.113493267722511,34.8418940607023));
#9589=CARTESIAN_POINT('Ctrl Pts',(-22.8419818363581,-0.11349326772251,34.8418940607023));
#9590=CARTESIAN_POINT('Ctrl Pts',(-22.8635774690584,-0.0899078465186266,
34.8716178991122));
#9591=CARTESIAN_POINT('Ctrl Pts',(-22.8860318657721,-0.0689700302450762,
34.902527144391));
#9592=CARTESIAN_POINT('Ctrl Pts',(-22.9091714711391,-0.0506508768638814,
34.9343792972925));
#9593=CARTESIAN_POINT('Ctrl Pts',(-22.9329430937593,-0.0318313683202512,
34.9671014352205));
#9594=CARTESIAN_POINT('Ctrl Pts',(-22.9574384201374,-0.0157751777885889,
35.0008195300875));
#9595=CARTESIAN_POINT('Ctrl Pts',(-22.9824842242603,-0.00249889162045654,
35.035293955205));
#9596=CARTESIAN_POINT('Ctrl Pts',(-23.0058778281753,0.00990159584465152,
35.0674942009005));
#9597=CARTESIAN_POINT('Ctrl Pts',(-23.0297522350132,0.0198765127993629,
35.1003551332979));
#9598=CARTESIAN_POINT('Ctrl Pts',(-23.0539708683833,0.027372231288027,35.1336889169792));
#9599=CARTESIAN_POINT('Ctrl Pts',(-23.0798508875015,0.035382152195881,35.169309381015));
#9600=CARTESIAN_POINT('Ctrl Pts',(-23.105988439128,0.0405197097824699,35.2052831773955));
#9601=CARTESIAN_POINT('Ctrl Pts',(-23.1322112961812,0.0427592805318542,
35.2413736696154));
#9602=CARTESIAN_POINT('Ctrl Pts',(-23.15331203959,0.0445613956725746,35.2704146018938));
#9603=CARTESIAN_POINT('Ctrl Pts',(-23.1744683419285,0.0444861672741447,
35.299531600209));
#9604=CARTESIAN_POINT('Ctrl Pts',(-23.1955909661491,0.0424957469158341,
35.3286024356513));
#9605=CARTESIAN_POINT('Ctrl Pts',(-23.2215342600632,0.0400510667553928,
35.364307905783));
#9606=CARTESIAN_POINT('Ctrl Pts',(-23.2473238335262,0.0347283037158226,
35.3998021227847));
#9607=CARTESIAN_POINT('Ctrl Pts',(-23.2727955158828,0.0264800628601209,
35.4348594828361));
#9608=CARTESIAN_POINT('Ctrl Pts',(-23.2938333681046,0.019667584996163,35.4638144434753));
#9609=CARTESIAN_POINT('Ctrl Pts',(-23.314654578405,0.0108586070909239,35.4924717298099));
#9610=CARTESIAN_POINT('Ctrl Pts',(-23.3351637611273,0.,35.5207001241883));
#9611=CARTESIAN_POINT('',(-26.0780498138578,-0.113493267722512,32.4907530515324));
#9612=CARTESIAN_POINT('Ctrl Pts',(-26.9654606108661,-0.113493267722509,
31.7582263096203));
#9613=CARTESIAN_POINT('Ctrl Pts',(-26.6728719622321,-0.113493267722509,
32.0066832735337));
#9614=CARTESIAN_POINT('Ctrl Pts',(-26.3770743121784,-0.11349326772251,32.2509003904895));
#9615=CARTESIAN_POINT('Ctrl Pts',(-26.078127869587,-0.11349326772251,32.49085029884));
#9616=CARTESIAN_POINT('',(-24.4883764534297,-0.113493267722506,33.7050906336836));
#9617=CARTESIAN_POINT('Ctrl Pts',(-26.078127869587,-0.11349326772251,32.49085029884));
#9618=CARTESIAN_POINT('Ctrl Pts',(-25.5576647146038,-0.11349326772251,32.9086010011248));
#9619=CARTESIAN_POINT('Ctrl Pts',(-25.0276574098011,-0.11349326772251,33.3134175777876));
#9620=CARTESIAN_POINT('Ctrl Pts',(-24.48842367943,-0.11349326772251,33.705155640514));
#9621=CARTESIAN_POINT('Ctrl Pts',(-24.4898059422862,-0.11349326772251,33.7041514222926));
#9622=CARTESIAN_POINT('Ctrl Pts',(-23.949682508373,-0.11349326772251,34.0965696914397));
#9623=CARTESIAN_POINT('Ctrl Pts',(-23.4003013638846,-0.11349326772251,34.4758656098831));
#9624=CARTESIAN_POINT('Ctrl Pts',(-22.8419818363581,-0.11349326772251,34.8418940607023));
#9625=CARTESIAN_POINT('Origin',(-1.29504742772084E-16,20.4930199477387,
0.));
#9626=CARTESIAN_POINT('Ctrl Pts',(-22.8419818363581,-0.113493267722511,
34.8418940607023));
#9627=CARTESIAN_POINT('Ctrl Pts',(-22.0996299201133,-0.924244351939224,
33.8201343045559));
#9628=CARTESIAN_POINT('Ctrl Pts',(-21.316272889843,-1.60829785193137,32.7419358508179));
#9629=CARTESIAN_POINT('Ctrl Pts',(-19.7453702190847,-2.71462787515056,30.5797738159662));
#9630=CARTESIAN_POINT('Ctrl Pts',(-18.8129968559844,-3.20931011954444,29.2964719758661));
#9631=CARTESIAN_POINT('Ctrl Pts',(-16.9078759733508,-3.85310821385586,26.6742980366971));
#9632=CARTESIAN_POINT('Ctrl Pts',(-15.9351308205973,-4.00224433545674,25.3354291952213));
#9633=CARTESIAN_POINT('Ctrl Pts',(-14.1506903928885,-4.00224433545674,22.879357652365));
#9634=CARTESIAN_POINT('Ctrl Pts',(-13.174579704936,-3.8520415102572,21.5358565490885));
#9635=CARTESIAN_POINT('Ctrl Pts',(-11.2627543999226,-3.20535988996606,18.9044547641688));
#9636=CARTESIAN_POINT('Ctrl Pts',(-10.3270340564539,-2.7089300965733,17.6165462008014));
#9637=CARTESIAN_POINT('Ctrl Pts',(-9.18696909224833,-1.90774666879449,16.0473813959062));
#9638=CARTESIAN_POINT('Ctrl Pts',(-8.86659695275746,-1.6605692210634,15.6064269752883));
#9639=CARTESIAN_POINT('Ctrl Pts',(-8.54572315801307,-1.38766098352454,15.1647820854492));
#9640=CARTESIAN_POINT('Ctrl Pts',(-38.7196658709703,0.,-17.5224848363586));
#9641=CARTESIAN_POINT('Ctrl Pts',(-39.6514612281537,0.,-15.4634843448643));
#9642=CARTESIAN_POINT('Ctrl Pts',(-40.4127274224049,0.,-13.345847268679));
#9643=CARTESIAN_POINT('Ctrl Pts',(-41.0037675201552,0.,-11.1777032145724));
#9644=CARTESIAN_POINT('Ctrl Pts',(-38.4664820546829,0.0865804750820242,
-17.4079071538834));
#9645=CARTESIAN_POINT('Ctrl Pts',(-39.3921820373328,0.0865804750820245,
-15.362375691896));
#9646=CARTESIAN_POINT('Ctrl Pts',(-40.1484744171772,0.086580475082027,-13.2585744486055));
#9647=CARTESIAN_POINT('Ctrl Pts',(-40.7356482037977,0.086580475082027,-11.1046133907443));
#9648=CARTESIAN_POINT('Ctrl Pts',(-38.1791988337195,0.0438792206438218,
-17.2778978738487));
#9649=CARTESIAN_POINT('Ctrl Pts',(-39.0979801617882,0.0438792206438223,
-15.2476546541492));
#9650=CARTESIAN_POINT('Ctrl Pts',(-39.8486326668089,0.0438792206438251,
-13.1595420697844));
#9651=CARTESIAN_POINT('Ctrl Pts',(-40.4314179337309,0.0438792206438252,
-11.0216796538377));
#9652=CARTESIAN_POINT('Ctrl Pts',(-37.9561119206721,-0.11349326772251,-17.1769404672406));
#9653=CARTESIAN_POINT('Ctrl Pts',(-38.8695322219287,-0.11349326772251,-15.1585435792016));
#9654=CARTESIAN_POINT('Ctrl Pts',(-39.6157862047681,-0.113493267722509,
-13.0826664231615));
#9655=CARTESIAN_POINT('Ctrl Pts',(-40.1951709591348,-0.113493267722509,
-10.9572782895953));
#9656=CARTESIAN_POINT('',(-38.9591029816351,-0.113493267722509,-14.7615043547759));
#9657=CARTESIAN_POINT('Ctrl Pts',(-38.5366318312711,-0.11349326772251,-15.8318364175808));
#9658=CARTESIAN_POINT('Ctrl Pts',(-38.6825394949075,-0.11349326772251,-15.476742315526));
#9659=CARTESIAN_POINT('Ctrl Pts',(-38.8234009684294,-0.11349326772251,-15.1199655259199));
#9660=CARTESIAN_POINT('Ctrl Pts',(-38.9592178109075,-0.11349326772251,-14.7615478700642));
#9661=CARTESIAN_POINT('',(-39.6228967521676,-0.113493267722511,-12.8739958411045));
#9662=CARTESIAN_POINT('Ctrl Pts',(-38.9592178109075,-0.11349326772251,-14.7615478700642));
#9663=CARTESIAN_POINT('Ctrl Pts',(-39.1957753053432,-0.113493267722509,
-14.1372778525631));
#9664=CARTESIAN_POINT('Ctrl Pts',(-39.417029130488,-0.113493267722509,-13.5080300132519));
#9665=CARTESIAN_POINT('Ctrl Pts',(-39.6229875242148,-0.113493267722509,
-12.874025328987));
#9666=CARTESIAN_POINT('',(-40.1951709591348,-0.113493267722514,-10.9572782895953));
#9667=CARTESIAN_POINT('Ctrl Pts',(-39.622987524162,-0.113493267722509,-12.8740253291493));
#9668=CARTESIAN_POINT('Ctrl Pts',(-39.8290188533323,-0.113493267722509,
-12.2397961266693));
#9669=CARTESIAN_POINT('Ctrl Pts',(-40.0197439161139,-0.113493267722509,
-11.6008067095841));
#9670=CARTESIAN_POINT('Ctrl Pts',(-40.1951709591348,-0.113493267722509,
-10.9572782895953));
#9671=CARTESIAN_POINT('Ctrl Pts',(-40.1951709591348,-0.113493267722509,
-10.9572782895953));
#9672=CARTESIAN_POINT('Ctrl Pts',(-40.2301134273604,-0.0899078461758367,
-10.9686317857568));
#9673=CARTESIAN_POINT('Ctrl Pts',(-40.2664486576122,-0.0689700296363539,
-10.9804357031519));
#9674=CARTESIAN_POINT('Ctrl Pts',(-40.3038923879099,-0.0506508760651334,
-10.9925999170079));
#9675=CARTESIAN_POINT('Ctrl Pts',(-40.342358827035,-0.0318313674299377,
-11.0050963747081));
#9676=CARTESIAN_POINT('Ctrl Pts',(-40.3819961147599,-0.0157751768564044,
-11.0179733466766));
#9677=CARTESIAN_POINT('Ctrl Pts',(-40.4225228228334,-0.00249889069747201,
-11.0311401337385));
#9678=CARTESIAN_POINT('Ctrl Pts',(-40.4603760983727,0.0099015963394539,
-11.0434383450248));
#9679=CARTESIAN_POINT('Ctrl Pts',(-40.4990063010128,0.0198765129853374,
-11.0559896623612));
#9680=CARTESIAN_POINT('Ctrl Pts',(-40.5381925842763,0.0273722312880294,
-11.0687222381417));
#9681=CARTESIAN_POINT('Ctrl Pts',(-40.5800670275969,0.0353821522367237,
-11.0823282624553));
#9682=CARTESIAN_POINT('Ctrl Pts',(-40.6223570924374,0.0405197098349059,
-11.0960700275381));
#9683=CARTESIAN_POINT('Ctrl Pts',(-40.6647845030008,0.0427592805661136,
-11.1098568604202));
#9684=CARTESIAN_POINT('Ctrl Pts',(-40.698924562253,0.0445613956716008,-11.1209507095438));
#9685=CARTESIAN_POINT('Ctrl Pts',(-40.7331541336174,0.0444861672615355,
-11.1320738916904));
#9686=CARTESIAN_POINT('Ctrl Pts',(-40.7673293947134,0.0424957469158368,
-11.1431793082428));
#9687=CARTESIAN_POINT('Ctrl Pts',(-40.8093042382039,0.0400510667638243,
-11.156819236856));
#9688=CARTESIAN_POINT('Ctrl Pts',(-40.8510306662968,0.0347283037525001,
-11.1703782481127));
#9689=CARTESIAN_POINT('Ctrl Pts',(-40.8922433854196,0.0264800629454387,
-11.1837699220414));
#9690=CARTESIAN_POINT('Ctrl Pts',(-40.9262822482256,0.0196675850697274,
-11.1948305208395));
#9691=CARTESIAN_POINT('Ctrl Pts',(-40.9599710601989,0.0108586071362539,
-11.2057770665665));
#9692=CARTESIAN_POINT('Ctrl Pts',(-40.9931555500933,0.,-11.2165593906963));
#9693=CARTESIAN_POINT('Origin',(-1.29504742772084E-16,20.4930199477387,
0.));
#9694=CARTESIAN_POINT('Ctrl Pts',(-40.1951709591348,-0.113493267722521,
-10.9572782895953));
#9695=CARTESIAN_POINT('Ctrl Pts',(-38.9940203270373,-0.924244351939232,
-10.5670007910842));
#9696=CARTESIAN_POINT('Ctrl Pts',(-37.7265220267338,-1.60829785193137,-10.1551656283738));
#9697=CARTESIAN_POINT('Ctrl Pts',(-35.1847481124287,-2.71462787515056,-9.32929322024513));
#9698=CARTESIAN_POINT('Ctrl Pts',(-33.6761363207275,-3.20931011954444,-8.83911553515218));
#9699=CARTESIAN_POINT('Ctrl Pts',(-30.593585979949,-3.85310821385586,-7.8375342148038));
#9700=CARTESIAN_POINT('Ctrl Pts',(-29.0196512604022,-4.00224433545674,-7.32613182383824));
#9701=CARTESIAN_POINT('Ctrl Pts',(-26.13236599747,-4.00224433545674,-6.38799597326853));
#9702=CARTESIAN_POINT('Ctrl Pts',(-24.5529857275808,-3.8520415102572,-5.8748242157399));
#9703=CARTESIAN_POINT('Ctrl Pts',(-21.4595874035169,-3.20535988996606,-4.86971817195769));
#9704=CARTESIAN_POINT('Ctrl Pts',(-19.94556008382,-2.7089300965733,-4.37778087515342));
#9705=CARTESIAN_POINT('Ctrl Pts',(-18.1008962223524,-1.90774666879449,-3.77841325363355));
#9706=CARTESIAN_POINT('Ctrl Pts',(-17.5825232116076,-1.6605692210634,-3.60998365244703));
#9707=CARTESIAN_POINT('Ctrl Pts',(-17.063338505612,-1.38766098352454,-3.44129031548618));
#9708=CARTESIAN_POINT('Ctrl Pts',(4.82536209449288,0.,-42.2251806468253));
#9709=CARTESIAN_POINT('Ctrl Pts',(2.53782609010995,0.,-42.4865931347353));
#9710=CARTESIAN_POINT('Ctrl Pts',(0.246253678240584,0.,-42.5608911887064));
#9711=CARTESIAN_POINT('Ctrl Pts',(-2.04023351769509,0.,-42.4510005440776));
#9712=CARTESIAN_POINT('Ctrl Pts',(4.79380956007475,0.0865804750820241,-41.9490746386997));
#9713=CARTESIAN_POINT('Ctrl Pts',(2.52123755889068,0.0865804750820243,-42.2087770869436));
#9714=CARTESIAN_POINT('Ctrl Pts',(0.244637407909844,0.0865804750820242,
-42.2825897142576));
#9715=CARTESIAN_POINT('Ctrl Pts',(-2.02689264564704,0.0865804750820243,
-42.1734179234324));
#9716=CARTESIAN_POINT('Ctrl Pts',(4.7580074545132,0.0438792206438215,-41.6357820100287));
#9717=CARTESIAN_POINT('Ctrl Pts',(2.50242058996306,0.0438792206438218,-41.8935434497742));
#9718=CARTESIAN_POINT('Ctrl Pts',(0.242797711510184,0.0438792206438216,
-41.9668056525752));
#9719=CARTESIAN_POINT('Ctrl Pts',(-2.01175499289885,0.0438792206438216,
-41.8584498085199));
#9720=CARTESIAN_POINT('Ctrl Pts',(4.7302056873806,-0.113493267722511,-41.392497751462));
#9721=CARTESIAN_POINT('Ctrl Pts',(2.48778001939408,-0.113493267722511,-41.648755170667));
#9722=CARTESIAN_POINT('Ctrl Pts',(0.241397542099775,-0.113493267722511,
-41.7215880629087));
#9723=CARTESIAN_POINT('Ctrl Pts',(-2.00000000000001,-0.113493267722511,
-41.6138644678635));
#9724=CARTESIAN_POINT('',(2.00000000000001,-0.113493267722511,-41.6138644678635));
#9725=CARTESIAN_POINT('Ctrl Pts',(3.14849749365587,-0.113493267722511,-41.5428272101181));
#9726=CARTESIAN_POINT('Ctrl Pts',(2.76570619239031,-0.113493267722511,-41.5718620389824));
#9727=CARTESIAN_POINT('Ctrl Pts',(2.38286089787825,-0.113493267722511,-41.5955780214795));
#9728=CARTESIAN_POINT('Ctrl Pts',(2.00000600785557,-0.113493267722511,-41.6139893980596));
#9729=CARTESIAN_POINT('',(-7.10861057289493E-5,-0.113493267722511,-41.6618976517472));
#9730=CARTESIAN_POINT('Ctrl Pts',(2.00000600785557,-0.113493267722511,-41.6139893980596));
#9731=CARTESIAN_POINT('Ctrl Pts',(1.33326457851557,-0.113493267722511,-41.646052792983));
#9732=CARTESIAN_POINT('Ctrl Pts',(0.666494047729007,-0.113493267722511,
-41.6620282785056));
#9733=CARTESIAN_POINT('Ctrl Pts',(-7.10911422623361E-5,-0.113493267722511,
-41.6619910677211));
#9734=CARTESIAN_POINT('',(-2.00000000000001,-0.113493267722516,-41.6138644678635));
#9735=CARTESIAN_POINT('Ctrl Pts',(0.00136764150858497,-0.113493267722511,
-41.6619911231711));
#9736=CARTESIAN_POINT('Ctrl Pts',(-0.666039108038655,-0.113493267722511,
-41.6619769360346));
#9737=CARTESIAN_POINT('Ctrl Pts',(-1.33324011600506,-0.113493267722511,
-41.6459095515163));
#9738=CARTESIAN_POINT('Ctrl Pts',(-2.00000000000001,-0.113493267722511,
-41.6138644678635));
#9739=CARTESIAN_POINT('Ctrl Pts',(-2.00000000000001,-0.113493267722511,
-41.6138644678635));
#9740=CARTESIAN_POINT('Ctrl Pts',(-2.00000000000001,-0.0899078462333959,
-41.6506051531347));
#9741=CARTESIAN_POINT('Ctrl Pts',(-2.00000201087623,-0.0689700297385653,
-41.6888096216084));
#9742=CARTESIAN_POINT('Ctrl Pts',(-2.0000039045567,-0.0506508761992515,
-41.7281796739903));
#9743=CARTESIAN_POINT('Ctrl Pts',(-2.00000584995969,-0.0318313675800791,
-41.7686250492938));
#9744=CARTESIAN_POINT('Ctrl Pts',(-2.00000771663821,-0.0157751770140345,
-41.8103015531515));
#9745=CARTESIAN_POINT('Ctrl Pts',(-2.00000879848792,-0.00249889085382264,
-41.8529135038049));
#9746=CARTESIAN_POINT('Ctrl Pts',(-2.00000980897106,0.00990159625563457,
-41.8927144645864));
#9747=CARTESIAN_POINT('Ctrl Pts',(-2.00001018471293,0.0198765129538319,
-41.9333325410199));
#9748=CARTESIAN_POINT('Ctrl Pts',(-2.00001001151626,0.0273722312880268,
-41.9745354934894));
#9749=CARTESIAN_POINT('Ctrl Pts',(-2.00000999224745,0.0282061590045837,
-41.9791194816459));
#9750=CARTESIAN_POINT('Ctrl Pts',(-2.00000996429512,0.0290089069076203,
-41.9837082197004));
#9751=CARTESIAN_POINT('Ctrl Pts',(-2.00000993091014,0.0297804717299941,
-41.9883013705759));
#9752=CARTESIAN_POINT('Origin',(-1.29504742772084E-16,20.4930199477387,
0.));
#9753=CARTESIAN_POINT('Ctrl Pts',(-2.,-0.113493267722521,-41.6138644678635));
#9754=CARTESIAN_POINT('Ctrl Pts',(-2.,-0.924244351939227,-40.350899952593));
#9755=CARTESIAN_POINT('Ctrl Pts',(-2.,-1.60829785193137,-39.0181733705377));
#9756=CARTESIAN_POINT('Ctrl Pts',(-2.,-2.71462787515056,-36.3455941170917));
#9757=CARTESIAN_POINT('Ctrl Pts',(-2.,-3.20931011954444,-34.7593458070774));
#9758=CARTESIAN_POINT('Ctrl Pts',(-2.,-3.85310821385586,-31.5181605694361));
#9759=CARTESIAN_POINT('Ctrl Pts',(-2.,-4.00224433545674,-29.8632276684156));
#9760=CARTESIAN_POINT('Ctrl Pts',(-2.,-4.00224433545674,-26.8273562838424));
#9761=CARTESIAN_POINT('Ctrl Pts',(-2.,-3.8520415102572,-25.1666975923467));
#9762=CARTESIAN_POINT('Ctrl Pts',(-2.,-3.20535988996606,-21.9141061100716));
#9763=CARTESIAN_POINT('Ctrl Pts',(-2.,-2.7089300965733,-20.3221635769455));
#9764=CARTESIAN_POINT('Ctrl Pts',(-2.,-1.57768306690735,-17.583514361214));
#9765=CARTESIAN_POINT('Ctrl Pts',(-2.,-0.856109667202109,-16.1853246275952));
#9766=CARTESIAN_POINT('Ctrl Pts',(-2.,1.0298587371782E-7,-14.8660688141495));
#9767=CARTESIAN_POINT('Origin',(-1.29504742772084E-16,26.6328121158294,
0.));
#9768=CARTESIAN_POINT('Ctrl Pts',(15.8272705280955,3.64640248768796,-7.24551638066134));
#9769=CARTESIAN_POINT('Ctrl Pts',(16.3096717478805,3.39775895971611,-7.40225803845626));
#9770=CARTESIAN_POINT('Ctrl Pts',(16.7905594640377,3.1704877226377,-7.55850792911222));
#9771=CARTESIAN_POINT('Ctrl Pts',(18.6629096738375,2.35634882767456,-8.16687139052199));
#9772=CARTESIAN_POINT('Ctrl Pts',(20.2487872439769,1.83573804161393,-8.68215424887424));
#9773=CARTESIAN_POINT('Ctrl Pts',(23.489139228522,1.15753806247865,-9.73500843138033));
#9774=CARTESIAN_POINT('Ctrl Pts',(25.1436233223755,1.,-10.2725829005774));
#9775=CARTESIAN_POINT('Ctrl Pts',(28.1665128550339,1.,-11.2547792492744));
#9776=CARTESIAN_POINT('Ctrl Pts',(29.8134118451648,1.15605630914618,-11.789889168874));
#9777=CARTESIAN_POINT('Ctrl Pts',(33.0388582762704,1.82972504422209,-12.8379002434844));
#9778=CARTESIAN_POINT('Ctrl Pts',(34.6174018516937,2.34735793171657,-13.3508001425013));
#9779=CARTESIAN_POINT('Ctrl Pts',(37.2424585984764,3.48997244401917,-14.2037327832601));
#9780=CARTESIAN_POINT('Ctrl Pts',(38.5311135110036,4.18156677699834,-14.6224421459874));
#9781=CARTESIAN_POINT('Ctrl Pts',(39.7570875473659,5.,-15.0207852574717));
#9782=CARTESIAN_POINT('Origin',(0.,5.,0.));
#9783=CARTESIAN_POINT('Origin',(-1.29504742772084E-16,26.6328121158294,
0.));
#9784=CARTESIAN_POINT('Ctrl Pts',(11.7817911355025,3.64640248768796,12.813641076265));
#9785=CARTESIAN_POINT('Ctrl Pts',(12.079931485544,3.39775895971611,13.2239960638251));
#9786=CARTESIAN_POINT('Ctrl Pts',(12.3771364389015,3.1704877226377,13.6330635883009));
#9787=CARTESIAN_POINT('Ctrl Pts',(13.5343125074008,2.35634882767456,15.2257798077852));
#9788=CARTESIAN_POINT('Ctrl Pts',(14.514438747743,1.83573804161393,16.5748078447716));
#9789=CARTESIAN_POINT('Ctrl Pts',(16.517086409705,1.15753806247865,19.33121587977));
#9790=CARTESIAN_POINT('Ctrl Pts',(17.5396138135526,1.,20.7386041116121));
#9791=CARTESIAN_POINT('Ctrl Pts',(19.4078622889718,1.,23.3100275361269));
#9792=CARTESIAN_POINT('Ctrl Pts',(20.4257018409105,1.15605630914618,24.7109634933559));
#9793=CARTESIAN_POINT('Ctrl Pts',(22.4191373642259,1.82972504422208,27.4546921072721));
#9794=CARTESIAN_POINT('Ctrl Pts',(23.3947309465602,2.34735793171657,28.7974814757248));
#9795=CARTESIAN_POINT('Ctrl Pts',(25.0171052384692,3.48997244401917,31.0304881193455));
#9796=CARTESIAN_POINT('Ctrl Pts',(25.8135377741805,4.18156677699833,32.1266834623736));
#9797=CARTESIAN_POINT('Ctrl Pts',(26.5712313979773,5.,33.1695592674238));
#9798=CARTESIAN_POINT('Origin',(0.,5.,0.));
#9799=CARTESIAN_POINT('Origin',(-1.29504742772084E-16,26.6328121158294,
0.));
#9800=CARTESIAN_POINT('Ctrl Pts',(-8.5457231580027,3.64640248768796,15.1647820854349));
#9801=CARTESIAN_POINT('Ctrl Pts',(-8.84386350804423,3.39775895971611,15.575137072995));
#9802=CARTESIAN_POINT('Ctrl Pts',(-9.14106846140175,3.1704877226377,15.9842045974708));
#9803=CARTESIAN_POINT('Ctrl Pts',(-10.298244529901,2.35634882767456,17.5769208169551));
#9804=CARTESIAN_POINT('Ctrl Pts',(-11.2783707702432,1.83573804161393,18.9259488539415));
#9805=CARTESIAN_POINT('Ctrl Pts',(-13.2810184322053,1.15753806247865,21.6823568889399));
#9806=CARTESIAN_POINT('Ctrl Pts',(-14.3035458360528,1.,23.089745120782));
#9807=CARTESIAN_POINT('Ctrl Pts',(-16.171794311472,1.,25.6611685452968));
#9808=CARTESIAN_POINT('Ctrl Pts',(-17.1896338634107,1.15605630914618,27.0621045025258));
#9809=CARTESIAN_POINT('Ctrl Pts',(-19.1830693867261,1.82972504422208,29.805833116442));
#9810=CARTESIAN_POINT('Ctrl Pts',(-20.1586629690604,2.34735793171657,31.1486224848947));
#9811=CARTESIAN_POINT('Ctrl Pts',(-21.7810372609694,3.48997244401917,33.3816291285154));
#9812=CARTESIAN_POINT('Ctrl Pts',(-22.5774697966807,4.18156677699833,34.4778244715435));
#9813=CARTESIAN_POINT('Ctrl Pts',(-23.3351634204776,4.99999999999999,35.5207002765937));
#9814=CARTESIAN_POINT('Origin',(0.,5.,0.));
#9815=CARTESIAN_POINT('Origin',(-1.29504742772084E-16,26.6328121158294,
0.));
#9816=CARTESIAN_POINT('Origin',(0.,5.,0.));
#9817=CARTESIAN_POINT('Ctrl Pts',(-17.0633385055952,3.64640248768796,-3.44129031548072));
#9818=CARTESIAN_POINT('Ctrl Pts',(-17.5457397253802,3.39775895971611,-3.59803197327565));
#9819=CARTESIAN_POINT('Ctrl Pts',(-18.0266274415375,3.1704877226377,-3.75428186393161));
#9820=CARTESIAN_POINT('Ctrl Pts',(-19.8989776513373,2.35634882767456,-4.36264532534138));
#9821=CARTESIAN_POINT('Ctrl Pts',(-21.4848552214766,1.83573804161393,-4.87792818369363));
#9822=CARTESIAN_POINT('Ctrl Pts',(-24.7252072060217,1.15753806247865,-5.93078236619971));
#9823=CARTESIAN_POINT('Ctrl Pts',(-26.3796912998753,1.,-6.46835683539678));
#9824=CARTESIAN_POINT('Ctrl Pts',(-29.4025808325337,1.,-7.4505531840938));
#9825=CARTESIAN_POINT('Ctrl Pts',(-31.0494798226645,1.15605630914617,-7.98566310369338));
#9826=CARTESIAN_POINT('Ctrl Pts',(-34.2749262537702,1.82972504422208,-9.03367417830375));
#9827=CARTESIAN_POINT('Ctrl Pts',(-35.8534698291934,2.34735793171657,-9.54657407732067));
#9828=CARTESIAN_POINT('Ctrl Pts',(-38.4785265759762,3.48997244401917,-10.3995067180795));
#9829=CARTESIAN_POINT('Ctrl Pts',(-39.7671814885034,4.18156677699834,-10.8182160808068));
#9830=CARTESIAN_POINT('Ctrl Pts',(-40.9931555248657,5.,-11.2165591922911));
#9831=CARTESIAN_POINT('Origin',(26.5712313979773,0.,33.1695592674238));
#9832=CARTESIAN_POINT('Origin',(39.7570875473659,0.,-15.0207852574717));
#9833=CARTESIAN_POINT('Origin',(-23.3351634204776,0.,35.5207002765937));
#9834=CARTESIAN_POINT('Origin',(-2.,0.,-42.4529150942547));
#9835=CARTESIAN_POINT('',(-2.,0.,-14.8660687473185));
#9836=CARTESIAN_POINT('Origin',(-40.9931555248657,0.,-11.2165591922911));
#9837=CARTESIAN_POINT('Origin',(0.,0.,0.));
#9838=CARTESIAN_POINT('Origin',(0.,5.,0.));
#9839=CARTESIAN_POINT('Origin',(0.,5.,0.));
#9840=CARTESIAN_POINT('',(0.,0.,0.));
#9841=CARTESIAN_POINT('Origin',(-27.0709187744752,0.,-33.7302217114825));
#9842=CARTESIAN_POINT('',(-28.5711409137361,18.5,-32.4075979808352));
#9843=CARTESIAN_POINT('',(-28.3227531686706,18.5,-35.2900007501638));
#9844=CARTESIAN_POINT('Origin',(-27.0709187744752,18.5,-33.7302217114825));
#9845=CARTESIAN_POINT('',(-28.3227531686706,21.5,-35.2900007501638));
#9846=CARTESIAN_POINT('',(-28.3227531686706,0.,-35.2900007501638));
#9847=CARTESIAN_POINT('',(-28.5711409137361,21.5,-32.4075979808352));
#9848=CARTESIAN_POINT('Origin',(-27.0709187744752,21.5,-33.7302217114825));
#9849=CARTESIAN_POINT('',(-28.5711409137361,0.,-32.4075979808352));
#9850=CARTESIAN_POINT('Origin',(0.,0.,0.));
#9851=CARTESIAN_POINT('',(-45.25,40.,5.54152676614177E-15));
#9852=CARTESIAN_POINT('Origin',(0.,40.,0.));
#9853=CARTESIAN_POINT('',(-45.25,0.,5.54152676614177E-15));
#9854=CARTESIAN_POINT('',(-45.25,0.,5.54152676614177E-15));
#9855=CARTESIAN_POINT('Origin',(0.,0.,0.));
#9856=CARTESIAN_POINT('',(24.810573116898,18.5,-37.8417489237886));
#9857=CARTESIAN_POINT('',(24.810573116898,21.5,-37.8417489237886));
#9858=CARTESIAN_POINT('',(24.810573116898,0.,-37.8417489237886));
#9859=CARTESIAN_POINT('',(11.2911080173858,18.5,-43.8186419203029));
#9860=CARTESIAN_POINT('Origin',(0.,18.5,0.));
#9861=CARTESIAN_POINT('',(11.2911080173858,21.5,-43.8186419203029));
#9862=CARTESIAN_POINT('',(11.2911080173858,0.,-43.8186419203029));
#9863=CARTESIAN_POINT('Origin',(0.,21.5,0.));
#9864=CARTESIAN_POINT('',(43.656530635278,18.5,11.9025137215227));
#9865=CARTESIAN_POINT('',(43.656530635278,21.5,11.9025137215227));
#9866=CARTESIAN_POINT('',(43.656530635278,0.,11.9025137215227));
#9867=CARTESIAN_POINT('',(45.1631491962035,18.5,-2.80222316767686));
#9868=CARTESIAN_POINT('Origin',(0.,18.5,0.));
#9869=CARTESIAN_POINT('',(45.1631491962035,21.5,-2.80222316767686));
#9870=CARTESIAN_POINT('',(45.1631491962035,0.,-2.80222316767686));
#9871=CARTESIAN_POINT('Origin',(0.,21.5,0.));
#9872=CARTESIAN_POINT('',(2.17064664660478,18.5,45.1979069552516));
#9873=CARTESIAN_POINT('',(2.17064664660478,21.5,45.1979069552516));
#9874=CARTESIAN_POINT('',(2.17064664660478,0.,45.1979069552516));
#9875=CARTESIAN_POINT('',(16.6212532248504,18.5,42.0867727586162));
#9876=CARTESIAN_POINT('Origin',(0.,18.5,0.));
#9877=CARTESIAN_POINT('',(16.6212532248504,21.5,42.0867727586162));
#9878=CARTESIAN_POINT('',(16.6212532248504,0.,42.0867727586162));
#9879=CARTESIAN_POINT('Origin',(0.,21.5,0.));
#9880=CARTESIAN_POINT('',(-42.3149972301102,18.5,16.0313289971781));
#9881=CARTESIAN_POINT('',(-42.3149972301102,21.5,16.0313289971781));
#9882=CARTESIAN_POINT('',(-42.3149972301102,0.,16.0313289971781));
#9883=CARTESIAN_POINT('',(-34.8906497676271,18.5,28.8132792092949));
#9884=CARTESIAN_POINT('Origin',(0.,18.5,0.));
#9885=CARTESIAN_POINT('',(-34.8906497676271,21.5,28.8132792092949));
#9886=CARTESIAN_POINT('',(-34.8906497676271,0.,28.8132792092949));
#9887=CARTESIAN_POINT('Origin',(0.,21.5,0.));
#9888=CARTESIAN_POINT('',(-38.1848606708126,21.5,-24.2791868799313));
#9889=CARTESIAN_POINT('Origin',(0.,21.5,0.));
#9890=CARTESIAN_POINT('',(-38.1848606708126,18.5,-24.2791868799313));
#9891=CARTESIAN_POINT('Origin',(0.,18.5,0.));
#9892=CARTESIAN_POINT('',(-38.1848606708126,0.,-24.2791868799313));
#9893=CARTESIAN_POINT('Origin',(-36.4971320223789,0.,-23.2060736476691));
#9894=CARTESIAN_POINT('',(-35.3471215182924,18.5,-24.8423730825192));
#9895=CARTESIAN_POINT('Origin',(-36.4971320223789,18.5,-23.2060736476691));
#9896=CARTESIAN_POINT('',(-35.3471215182924,21.5,-24.8423730825192));
#9897=CARTESIAN_POINT('',(-35.3471215182924,0.,-24.8423730825192));
#9898=CARTESIAN_POINT('Origin',(-36.4971320223789,21.5,-23.2060736476691));
#9899=CARTESIAN_POINT('Origin',(-37.0212747134823,18.5,-26.0189876549583));
#9900=CARTESIAN_POINT('',(-32.867766010753,18.5,-23.0998528467309));
#9901=CARTESIAN_POINT('',(0.,18.5,0.));
#9902=CARTESIAN_POINT('',(-32.867766010753,21.5,-23.0998528467309));
#9903=CARTESIAN_POINT('',(-32.867766010753,18.5,-23.0998528467309));
#9904=CARTESIAN_POINT('',(0.,21.5,0.));
#9905=CARTESIAN_POINT('Origin',(-30.9202172364485,21.5,-28.0678917834911));
#9906=CARTESIAN_POINT('',(-26.141783490062,21.5,-29.6520328819163));
#9907=CARTESIAN_POINT('',(0.,21.5,0.));
#9908=CARTESIAN_POINT('',(-30.3951317760191,21.5,-23.23593014232));
#9909=CARTESIAN_POINT('Origin',(-31.7177555066664,21.5,-24.736152281581));
#9910=CARTESIAN_POINT('',(-26.3193818986757,21.5,-26.8291870120081));
#9911=CARTESIAN_POINT('',(-28.026653441172,21.5,-25.3240246779307));
#9912=CARTESIAN_POINT('Origin',(-27.642005629323,21.5,-28.329409151269));
#9913=CARTESIAN_POINT('',(-32.4945568050744,21.5,-28.0057311537659));
#9914=CARTESIAN_POINT('Origin',(-30.9945568050744,21.5,-28.0057311537659));
#9915=CARTESIAN_POINT('Origin',(-24.8191597594147,18.5,-28.1518107426554));
#9916=CARTESIAN_POINT('',(-26.141783490062,18.5,-29.6520328819163));
#9917=CARTESIAN_POINT('',(-26.141783490062,18.5,-29.6520328819163));
#9918=CARTESIAN_POINT('',(0.,18.5,0.));
#9919=CARTESIAN_POINT('Origin',(-30.9202172364485,18.5,-28.0678917834911));
#9920=CARTESIAN_POINT('',(-26.3193818986757,18.5,-26.8291870120081));
#9921=CARTESIAN_POINT('Origin',(-27.642005629323,18.5,-28.329409151269));
#9922=CARTESIAN_POINT('',(-30.3951317760191,18.5,-23.23593014232));
#9923=CARTESIAN_POINT('',(-28.026653441172,18.5,-25.3240246779307));
#9924=CARTESIAN_POINT('Origin',(-31.7177555066664,18.5,-24.736152281581));
#9925=CARTESIAN_POINT('',(-32.4945568050744,18.5,-28.0057311537659));
#9926=CARTESIAN_POINT('Origin',(-30.9945568050744,18.5,-28.0057311537659));
#9927=CARTESIAN_POINT('Origin',(-27.642005629323,18.5,-28.329409151269));
#9928=CARTESIAN_POINT('',(-26.3193818986757,18.5,-26.8291870120081));
#9929=CARTESIAN_POINT('Origin',(-31.7177555066664,18.5,-24.736152281581));
#9930=CARTESIAN_POINT('',(-30.3951317760191,18.5,-23.23593014232));
#9931=CARTESIAN_POINT('Origin',(-30.9945568050744,18.5,-28.0057311537659));
#9932=CARTESIAN_POINT('',(-32.4945568050744,18.5,-28.0057311537659));
#9933=CARTESIAN_POINT('Origin',(-31.5778115483697,18.5,-22.1932576662039));
#9934=CARTESIAN_POINT('Origin',(0.,40.,0.));
#9935=CARTESIAN_POINT('',(-26.1426736807213,40.,40.2561872613803));
#9936=CARTESIAN_POINT('',(-26.2882503785599,40.,39.5623292038543));
#9937=CARTESIAN_POINT('',(-29.6729086033068,40.,23.4301293663738));
#9938=CARTESIAN_POINT('',(-25.9898624801653,40.,40.9484682040989));
#9939=CARTESIAN_POINT('Origin',(-25.7219257535656,40.,40.5263190473556));
#9940=CARTESIAN_POINT('',(-24.6862016698397,40.,41.7473525761335));
#9941=CARTESIAN_POINT('Origin',(0.,40.,0.));
#9942=CARTESIAN_POINT('',(-24.,40.,41.569219381653));
#9943=CARTESIAN_POINT('Origin',(-24.4317047454084,40.,41.316967498029));
#9944=CARTESIAN_POINT('',(-23.3156775060815,40.,41.3839242029125));
#9945=CARTESIAN_POINT('',(-7.40517952247551,40.,37.075811297194));
#9946=CARTESIAN_POINT('',(-2.98512804695157,40.,47.4061073127008));
#9947=CARTESIAN_POINT('Origin',(0.,40.,0.));
#9948=CARTESIAN_POINT('',(-2.51212589966131,40.,47.9342176682196));
#9949=CARTESIAN_POINT('',(-13.9824279714506,40.,35.127541546889));
#9950=CARTESIAN_POINT('',(-2.03364704663772,40.,48.4573449508916));
#9951=CARTESIAN_POINT('Origin',(-2.01268161316722,40.,47.9577846936659));
#9952=CARTESIAN_POINT('',(-0.50520148096027,40.,48.4973687065972));
#9953=CARTESIAN_POINT('Origin',(0.,40.,0.));
#9954=CARTESIAN_POINT('',(0.,40.,48.));
#9955=CARTESIAN_POINT('Origin',(-0.499993218269958,40.,47.9973958333333));
#9956=CARTESIAN_POINT('',(0.499993074744261,40.,47.4973684210526));
#9957=CARTESIAN_POINT('',(12.1248320625489,40.,35.8111842105258));
#9958=CARTESIAN_POINT('',(21.1178569341409,40.,42.5474572508059));
#9959=CARTESIAN_POINT('Origin',(0.,40.,0.));
#9960=CARTESIAN_POINT('',(21.7915439874982,40.,42.7683131610417));
#9961=CARTESIAN_POINT('',(5.45463294358212,40.,37.4125573378245));
#9962=CARTESIAN_POINT('',(22.4674824707263,40.,42.9821152507366));
#9963=CARTESIAN_POINT('Origin',(22.2358589401003,40.,42.5390006605228));
#9964=CARTESIAN_POINT('',(23.8111670367575,40.,42.2525540570938));
#9965=CARTESIAN_POINT('Origin',(0.,40.,0.));
#9966=CARTESIAN_POINT('',(24.,40.,41.5692193816531));
#9967=CARTESIAN_POINT('Origin',(23.5656910879249,40.,41.816960716299));
#9968=CARTESIAN_POINT('',(24.1816909149711,40.,40.8839311281682));
#9969=CARTESIAN_POINT('',(28.4060046880503,40.,24.9509792346451));
#9970=CARTESIAN_POINT('',(39.5623292038543,40.,26.2882503785599));
#9971=CARTESIAN_POINT('Origin',(0.,40.,0.));
#9972=CARTESIAN_POINT('',(40.2561872613804,40.,26.1426736807213));
#9973=CARTESIAN_POINT('',(23.4301293663738,40.,29.6729086033068));
#9974=CARTESIAN_POINT('',(40.9484682040989,40.,25.9898624801653));
#9975=CARTESIAN_POINT('Origin',(40.5263190473556,40.,25.7219257535656));
#9976=CARTESIAN_POINT('',(41.7473525761335,40.,24.6862016698397));
#9977=CARTESIAN_POINT('Origin',(0.,40.,0.));
#9978=CARTESIAN_POINT('',(41.5692193816531,40.,24.));
#9979=CARTESIAN_POINT('Origin',(41.3169674980291,40.,24.4317047454084));
#9980=CARTESIAN_POINT('',(41.3839242029125,40.,23.3156775060815));
#9981=CARTESIAN_POINT('',(37.075811297194,40.,7.4051795224755));
#9982=CARTESIAN_POINT('',(47.4061073127008,40.,2.98512804695157));
#9983=CARTESIAN_POINT('Origin',(0.,40.,0.));
#9984=CARTESIAN_POINT('',(47.9342176682196,40.,2.51212589966131));
#9985=CARTESIAN_POINT('',(35.127541546889,40.,13.9824279714506));
#9986=CARTESIAN_POINT('',(48.4573449508916,40.,2.03364704663772));
#9987=CARTESIAN_POINT('Origin',(47.9577846936659,40.,2.01268161316723));
#9988=CARTESIAN_POINT('',(48.4973687065972,40.,0.505201480960273));
#9989=CARTESIAN_POINT('Origin',(0.,40.,0.));
#9990=CARTESIAN_POINT('',(48.,40.,2.93915231795365E-15));
#9991=CARTESIAN_POINT('Origin',(47.9973958333333,40.,0.499993218269961));
#9992=CARTESIAN_POINT('',(47.4973684210526,40.,-0.499993074744258));
#9993=CARTESIAN_POINT('',(35.8111842105258,40.,-12.1248320625489));
#9994=CARTESIAN_POINT('',(42.5474572508059,40.,-21.1178569341409));
#9995=CARTESIAN_POINT('Origin',(0.,40.,0.));
#9996=CARTESIAN_POINT('',(42.7683131610417,40.,-21.7915439874982));
#9997=CARTESIAN_POINT('',(37.4125573378245,40.,-5.45463294358212));
#9998=CARTESIAN_POINT('',(42.9821152507366,40.,-22.4674824707263));
#9999=CARTESIAN_POINT('Origin',(42.5390006605228,40.,-22.2358589401003));
#10000=CARTESIAN_POINT('',(42.2525540570938,40.,-23.8111670367575));
#10001=CARTESIAN_POINT('Origin',(0.,40.,0.));
#10002=CARTESIAN_POINT('',(41.5692193816531,40.,-24.));
#10003=CARTESIAN_POINT('Origin',(41.816960716299,40.,-23.5656910879249));
#10004=CARTESIAN_POINT('',(40.8839311281682,40.,-24.1816909149711));
#10005=CARTESIAN_POINT('',(24.9509792346451,40.,-28.4060046880503));
#10006=CARTESIAN_POINT('',(26.2882503785599,40.,-39.5623292038543));
#10007=CARTESIAN_POINT('Origin',(0.,40.,0.));
#10008=CARTESIAN_POINT('',(26.1426736807213,40.,-40.2561872613804));
#10009=CARTESIAN_POINT('',(29.6729086033068,40.,-23.4301293663738));
#10010=CARTESIAN_POINT('',(25.9898624801653,40.,-40.9484682040989));
#10011=CARTESIAN_POINT('Origin',(25.7219257535656,40.,-40.5263190473556));
#10012=CARTESIAN_POINT('',(24.6862016698397,40.,-41.7473525761335));
#10013=CARTESIAN_POINT('Origin',(0.,40.,0.));
#10014=CARTESIAN_POINT('',(24.,40.,-41.569219381653));
#10015=CARTESIAN_POINT('Origin',(24.4317047454084,40.,-41.316967498029));
#10016=CARTESIAN_POINT('',(23.3156775060815,40.,-41.3839242029125));
#10017=CARTESIAN_POINT('',(7.40517952247551,40.,-37.075811297194));
#10018=CARTESIAN_POINT('',(2.98512804695158,40.,-47.4061073127008));
#10019=CARTESIAN_POINT('Origin',(0.,40.,0.));
#10020=CARTESIAN_POINT('',(2.51212589966132,40.,-47.9342176682196));
#10021=CARTESIAN_POINT('',(13.9824279714506,40.,-35.127541546889));
#10022=CARTESIAN_POINT('',(2.03364704663772,40.,-48.4573449508916));
#10023=CARTESIAN_POINT('Origin',(2.01268161316723,40.,-47.9577846936659));
#10024=CARTESIAN_POINT('',(0.505201480960276,40.,-48.4973687065972));
#10025=CARTESIAN_POINT('Origin',(0.,40.,0.));
#10026=CARTESIAN_POINT('',(5.8783046359073E-15,40.,-48.));
#10027=CARTESIAN_POINT('Origin',(0.499993218269964,40.,-47.9973958333333));
#10028=CARTESIAN_POINT('',(-0.499993074744255,40.,-47.4973684210526));
#10029=CARTESIAN_POINT('',(-12.1248320625489,40.,-35.8111842105258));
#10030=CARTESIAN_POINT('',(-21.1178569341409,40.,-42.5474572508059));
#10031=CARTESIAN_POINT('Origin',(0.,40.,0.));
#10032=CARTESIAN_POINT('',(-21.7915439874982,40.,-42.7683131610417));
#10033=CARTESIAN_POINT('',(-5.45463294358211,40.,-37.4125573378245));
#10034=CARTESIAN_POINT('',(-22.4674824707263,40.,-42.9821152507366));
#10035=CARTESIAN_POINT('Origin',(-22.2358589401003,40.,-42.5390006605228));
#10036=CARTESIAN_POINT('',(-23.8111670367575,40.,-42.2525540570938));
#10037=CARTESIAN_POINT('Origin',(0.,40.,0.));
#10038=CARTESIAN_POINT('',(-24.,40.,-41.5692193816531));
#10039=CARTESIAN_POINT('Origin',(-23.5656910879249,40.,-41.816960716299));
#10040=CARTESIAN_POINT('',(-24.1816909149711,40.,-40.8839311281682));
#10041=CARTESIAN_POINT('',(-28.4060046880503,40.,-24.9509792346451));
#10042=CARTESIAN_POINT('',(-39.5623292038543,40.,-26.2882503785599));
#10043=CARTESIAN_POINT('Origin',(0.,40.,0.));
#10044=CARTESIAN_POINT('',(-40.2561872613803,40.,-26.1426736807213));
#10045=CARTESIAN_POINT('',(-23.4301293663738,40.,-29.6729086033068));
#10046=CARTESIAN_POINT('',(-40.9484682040989,40.,-25.9898624801653));
#10047=CARTESIAN_POINT('Origin',(-40.5263190473556,40.,-25.7219257535656));
#10048=CARTESIAN_POINT('',(-41.7473525761335,40.,-24.6862016698397));
#10049=CARTESIAN_POINT('Origin',(0.,40.,0.));
#10050=CARTESIAN_POINT('',(-41.569219381653,40.,-24.));
#10051=CARTESIAN_POINT('Origin',(-41.316967498029,40.,-24.4317047454084));
#10052=CARTESIAN_POINT('',(-41.3839242029125,40.,-23.3156775060815));
#10053=CARTESIAN_POINT('',(-37.075811297194,40.,-7.40517952247551));
#10054=CARTESIAN_POINT('',(-47.4061073127008,40.,-2.98512804695158));
#10055=CARTESIAN_POINT('Origin',(0.,40.,0.));
#10056=CARTESIAN_POINT('',(-47.9342176682196,40.,-2.51212589966132));
#10057=CARTESIAN_POINT('',(-35.1275415468889,40.,-13.9824279714506));
#10058=CARTESIAN_POINT('',(-48.4573449508916,40.,-2.03364704663772));
#10059=CARTESIAN_POINT('Origin',(-47.9577846936659,40.,-2.01268161316723));
#10060=CARTESIAN_POINT('',(-48.4973687065972,40.,-0.505201480960279));
#10061=CARTESIAN_POINT('Origin',(0.,40.,0.));
#10062=CARTESIAN_POINT('',(-48.,40.,-8.81745695386094E-15));
#10063=CARTESIAN_POINT('Origin',(-47.9973958333333,40.,-0.499993218269967));
#10064=CARTESIAN_POINT('',(-47.4973684210526,40.,0.499993074744252));
#10065=CARTESIAN_POINT('',(-35.8111842105258,40.,12.1248320625489));
#10066=CARTESIAN_POINT('',(-42.5474572508059,40.,21.1178569341409));
#10067=CARTESIAN_POINT('Origin',(0.,40.,0.));
#10068=CARTESIAN_POINT('',(-42.7683131610417,40.,21.7915439874982));
#10069=CARTESIAN_POINT('',(-37.4125573378245,40.,5.4546329435821));
#10070=CARTESIAN_POINT('',(-42.9821152507366,40.,22.4674824707263));
#10071=CARTESIAN_POINT('Origin',(-42.5390006605228,40.,22.2358589401003));
#10072=CARTESIAN_POINT('',(-42.2525540570938,40.,23.8111670367575));
#10073=CARTESIAN_POINT('Origin',(0.,40.,0.));
#10074=CARTESIAN_POINT('',(-41.5692193816531,40.,24.));
#10075=CARTESIAN_POINT('Origin',(-41.816960716299,40.,23.5656910879249));
#10076=CARTESIAN_POINT('',(-40.8839311281682,40.,24.1816909149711));
#10077=CARTESIAN_POINT('',(-24.9509792346451,40.,28.4060046880503));
#10078=CARTESIAN_POINT('Origin',(0.,40.,0.));
#10079=CARTESIAN_POINT('Origin',(-25.7219257535656,0.,40.5263190473556));
#10080=CARTESIAN_POINT('',(-26.1426736807213,0.,40.2561872613803));
#10081=CARTESIAN_POINT('',(-25.9898624801653,0.,40.9484682040989));
#10082=CARTESIAN_POINT('Origin',(-25.7219257535656,0.,40.5263190473556));
#10083=CARTESIAN_POINT('',(-25.9898624801653,0.,40.9484682040989));
#10084=CARTESIAN_POINT('',(-26.1426736807213,0.,40.2561872613803));
#10085=CARTESIAN_POINT('Origin',(0.,40.,0.));
#10086=CARTESIAN_POINT('',(-24.6862016698397,0.,41.7473525761335));
#10087=CARTESIAN_POINT('Origin',(0.,0.,0.));
#10088=CARTESIAN_POINT('',(-24.6862016698397,0.,41.7473525761335));
#10089=CARTESIAN_POINT('Origin',(-24.4317047454084,0.,41.316967498029));
#10090=CARTESIAN_POINT('',(-24.,0.,41.569219381653));
#10091=CARTESIAN_POINT('Origin',(-24.4317047454084,0.,41.316967498029));
#10092=CARTESIAN_POINT('',(-24.,0.,41.569219381653));
#10093=CARTESIAN_POINT('Origin',(-26.2154620296406,0.,39.9092582326173));
#10094=CARTESIAN_POINT('',(-26.2882503785599,0.,39.5623292038543));
#10095=CARTESIAN_POINT('',(-29.6729086033068,0.,23.4301293663738));
#10096=CARTESIAN_POINT('',(-26.2882503785599,0.,39.5623292038543));
#10097=CARTESIAN_POINT('Origin',(-23.6578387530408,0.,41.4765717922828));
#10098=CARTESIAN_POINT('',(-23.3156775060815,0.,41.3839242029125));
#10099=CARTESIAN_POINT('',(-7.40517952247551,0.,37.075811297194));
#10100=CARTESIAN_POINT('',(-23.3156775060815,0.,41.3839242029125));
#10101=CARTESIAN_POINT('Origin',(0.,0.,0.));
#10102=CARTESIAN_POINT('',(-2.98512804695157,0.,47.4061073127008));
#10103=CARTESIAN_POINT('Origin',(0.,0.,0.));
#10104=CARTESIAN_POINT('',(-2.98512804695157,0.,47.4061073127008));
#10105=CARTESIAN_POINT('Origin',(0.,0.,0.));
#10106=CARTESIAN_POINT('',(-40.8839311281682,0.,24.1816909149711));
#10107=CARTESIAN_POINT('',(-40.8839311281682,0.,24.1816909149711));
#10108=CARTESIAN_POINT('Origin',(0.,0.,0.));
#10109=CARTESIAN_POINT('Origin',(-39.9092582326173,0.,-26.2154620296406));
#10110=CARTESIAN_POINT('',(-39.5623292038543,0.,-26.2882503785599));
#10111=CARTESIAN_POINT('',(-39.5623292038543,0.,-26.2882503785599));
#10112=CARTESIAN_POINT('',(-40.2561872613803,0.,-26.1426736807213));
#10113=CARTESIAN_POINT('',(-23.4301293663738,0.,-29.6729086033068));
#10114=CARTESIAN_POINT('',(-40.2561872613803,0.,-26.1426736807213));
#10115=CARTESIAN_POINT('Origin',(0.,0.,0.));
#10116=CARTESIAN_POINT('',(-41.5692193816531,0.,24.));
#10117=CARTESIAN_POINT('',(-24.9509792346451,0.,28.4060046880503));
#10118=CARTESIAN_POINT('',(-42.2525540570938,0.,23.8111670367575));
#10119=CARTESIAN_POINT('Origin',(-41.816960716299,0.,23.5656910879249));
#10120=CARTESIAN_POINT('',(-42.9821152507366,0.,22.4674824707263));
#10121=CARTESIAN_POINT('Origin',(0.,0.,0.));
#10122=CARTESIAN_POINT('',(-42.7683131610417,0.,21.7915439874982));
#10123=CARTESIAN_POINT('Origin',(-42.5390006605228,0.,22.2358589401003));
#10124=CARTESIAN_POINT('',(-42.5474572508059,0.,21.1178569341409));
#10125=CARTESIAN_POINT('',(-37.4125573378245,0.,5.4546329435821));
#10126=CARTESIAN_POINT('',(-47.4973684210526,0.,0.499993074744252));
#10127=CARTESIAN_POINT('Origin',(0.,0.,0.));
#10128=CARTESIAN_POINT('',(-48.,0.,-8.81745695386094E-15));
#10129=CARTESIAN_POINT('',(-35.8111842105258,0.,12.1248320625489));
#10130=CARTESIAN_POINT('',(-48.4973687065972,0.,-0.505201480960279));
#10131=CARTESIAN_POINT('Origin',(-47.9973958333333,0.,-0.499993218269967));
#10132=CARTESIAN_POINT('',(-48.4573449508916,0.,-2.03364704663772));
#10133=CARTESIAN_POINT('Origin',(0.,0.,0.));
#10134=CARTESIAN_POINT('',(-47.9342176682196,0.,-2.51212589966132));
#10135=CARTESIAN_POINT('Origin',(-47.9577846936659,0.,-2.01268161316723));
#10136=CARTESIAN_POINT('',(-47.4061073127008,0.,-2.98512804695158));
#10137=CARTESIAN_POINT('',(-35.1275415468889,0.,-13.9824279714506));
#10138=CARTESIAN_POINT('',(-41.3839242029125,0.,-23.3156775060815));
#10139=CARTESIAN_POINT('Origin',(0.,0.,0.));
#10140=CARTESIAN_POINT('',(-41.569219381653,0.,-24.));
#10141=CARTESIAN_POINT('',(-37.075811297194,0.,-7.40517952247551));
#10142=CARTESIAN_POINT('',(-41.7473525761335,0.,-24.6862016698397));
#10143=CARTESIAN_POINT('Origin',(-41.316967498029,0.,-24.4317047454084));
#10144=CARTESIAN_POINT('',(-40.9484682040989,0.,-25.9898624801653));
#10145=CARTESIAN_POINT('Origin',(0.,0.,0.));
#10146=CARTESIAN_POINT('Origin',(-40.5263190473556,0.,-25.7219257535656));
#10147=CARTESIAN_POINT('',(-24.1816909149711,0.,-40.8839311281682));
#10148=CARTESIAN_POINT('Origin',(0.,0.,0.));
#10149=CARTESIAN_POINT('',(-24.,0.,-41.5692193816531));
#10150=CARTESIAN_POINT('',(-28.4060046880503,0.,-24.9509792346451));
#10151=CARTESIAN_POINT('',(-23.8111670367575,0.,-42.2525540570938));
#10152=CARTESIAN_POINT('Origin',(-23.5656910879249,0.,-41.816960716299));
#10153=CARTESIAN_POINT('',(-22.4674824707263,0.,-42.9821152507366));
#10154=CARTESIAN_POINT('Origin',(0.,0.,0.));
#10155=CARTESIAN_POINT('',(-21.7915439874982,0.,-42.7683131610417));
#10156=CARTESIAN_POINT('Origin',(-22.2358589401003,0.,-42.5390006605228));
#10157=CARTESIAN_POINT('',(-21.1178569341409,0.,-42.5474572508059));
#10158=CARTESIAN_POINT('',(-5.45463294358211,0.,-37.4125573378245));
#10159=CARTESIAN_POINT('',(-0.499993074744255,0.,-47.4973684210526));
#10160=CARTESIAN_POINT('Origin',(0.,0.,0.));
#10161=CARTESIAN_POINT('',(5.8783046359073E-15,0.,-48.));
#10162=CARTESIAN_POINT('',(-12.1248320625489,0.,-35.8111842105258));
#10163=CARTESIAN_POINT('',(0.505201480960276,0.,-48.4973687065972));
#10164=CARTESIAN_POINT('Origin',(0.499993218269964,0.,-47.9973958333333));
#10165=CARTESIAN_POINT('',(2.03364704663772,0.,-48.4573449508916));
#10166=CARTESIAN_POINT('Origin',(0.,0.,0.));
#10167=CARTESIAN_POINT('',(2.51212589966132,0.,-47.9342176682196));
#10168=CARTESIAN_POINT('Origin',(2.01268161316723,0.,-47.9577846936659));
#10169=CARTESIAN_POINT('',(2.98512804695158,0.,-47.4061073127008));
#10170=CARTESIAN_POINT('',(13.9824279714506,0.,-35.127541546889));
#10171=CARTESIAN_POINT('',(23.3156775060815,0.,-41.3839242029125));
#10172=CARTESIAN_POINT('Origin',(0.,0.,0.));
#10173=CARTESIAN_POINT('',(24.,0.,-41.569219381653));
#10174=CARTESIAN_POINT('',(7.40517952247551,0.,-37.075811297194));
#10175=CARTESIAN_POINT('',(24.6862016698397,0.,-41.7473525761335));
#10176=CARTESIAN_POINT('Origin',(24.4317047454084,0.,-41.316967498029));
#10177=CARTESIAN_POINT('',(25.9898624801653,0.,-40.9484682040989));
#10178=CARTESIAN_POINT('Origin',(0.,0.,0.));
#10179=CARTESIAN_POINT('',(26.1426736807213,0.,-40.2561872613804));
#10180=CARTESIAN_POINT('Origin',(25.7219257535656,0.,-40.5263190473556));
#10181=CARTESIAN_POINT('',(26.2882503785599,0.,-39.5623292038543));
#10182=CARTESIAN_POINT('',(29.6729086033068,0.,-23.4301293663738));
#10183=CARTESIAN_POINT('',(40.8839311281682,0.,-24.1816909149711));
#10184=CARTESIAN_POINT('Origin',(0.,0.,0.));
#10185=CARTESIAN_POINT('',(41.5692193816531,0.,-24.));
#10186=CARTESIAN_POINT('',(24.9509792346451,0.,-28.4060046880503));
#10187=CARTESIAN_POINT('',(42.2525540570938,0.,-23.8111670367575));
#10188=CARTESIAN_POINT('Origin',(41.816960716299,0.,-23.5656910879249));
#10189=CARTESIAN_POINT('',(42.9821152507366,0.,-22.4674824707263));
#10190=CARTESIAN_POINT('Origin',(0.,0.,0.));
#10191=CARTESIAN_POINT('',(42.7683131610417,0.,-21.7915439874982));
#10192=CARTESIAN_POINT('Origin',(42.5390006605228,0.,-22.2358589401003));
#10193=CARTESIAN_POINT('',(42.5474572508059,0.,-21.1178569341409));
#10194=CARTESIAN_POINT('',(37.4125573378245,0.,-5.45463294358212));
#10195=CARTESIAN_POINT('',(47.4973684210526,0.,-0.499993074744258));
#10196=CARTESIAN_POINT('Origin',(0.,0.,0.));
#10197=CARTESIAN_POINT('',(48.,0.,2.93915231795365E-15));
#10198=CARTESIAN_POINT('',(35.8111842105258,0.,-12.1248320625489));
#10199=CARTESIAN_POINT('',(48.4973687065972,0.,0.505201480960273));
#10200=CARTESIAN_POINT('Origin',(47.9973958333333,0.,0.499993218269961));
#10201=CARTESIAN_POINT('',(48.4573449508916,0.,2.03364704663772));
#10202=CARTESIAN_POINT('Origin',(0.,0.,0.));
#10203=CARTESIAN_POINT('',(47.9342176682196,0.,2.51212589966131));
#10204=CARTESIAN_POINT('Origin',(47.9577846936659,0.,2.01268161316723));
#10205=CARTESIAN_POINT('',(47.4061073127008,0.,2.98512804695157));
#10206=CARTESIAN_POINT('',(35.127541546889,0.,13.9824279714506));
#10207=CARTESIAN_POINT('',(41.3839242029125,0.,23.3156775060815));
#10208=CARTESIAN_POINT('Origin',(0.,0.,0.));
#10209=CARTESIAN_POINT('',(41.5692193816531,0.,24.));
#10210=CARTESIAN_POINT('',(37.075811297194,0.,7.4051795224755));
#10211=CARTESIAN_POINT('',(41.7473525761335,0.,24.6862016698397));
#10212=CARTESIAN_POINT('Origin',(41.3169674980291,0.,24.4317047454084));
#10213=CARTESIAN_POINT('',(40.9484682040989,0.,25.9898624801653));
#10214=CARTESIAN_POINT('Origin',(0.,0.,0.));
#10215=CARTESIAN_POINT('',(40.2561872613804,0.,26.1426736807213));
#10216=CARTESIAN_POINT('Origin',(40.5263190473556,0.,25.7219257535656));
#10217=CARTESIAN_POINT('',(39.5623292038543,0.,26.2882503785599));
#10218=CARTESIAN_POINT('',(23.4301293663738,0.,29.6729086033068));
#10219=CARTESIAN_POINT('',(24.1816909149711,0.,40.8839311281682));
#10220=CARTESIAN_POINT('Origin',(0.,0.,0.));
#10221=CARTESIAN_POINT('',(24.,0.,41.5692193816531));
#10222=CARTESIAN_POINT('',(28.4060046880503,0.,24.9509792346451));
#10223=CARTESIAN_POINT('',(23.8111670367575,0.,42.2525540570938));
#10224=CARTESIAN_POINT('Origin',(23.5656910879249,0.,41.816960716299));
#10225=CARTESIAN_POINT('',(22.4674824707263,0.,42.9821152507366));
#10226=CARTESIAN_POINT('Origin',(0.,0.,0.));
#10227=CARTESIAN_POINT('',(21.7915439874982,0.,42.7683131610417));
#10228=CARTESIAN_POINT('Origin',(22.2358589401003,0.,42.5390006605228));
#10229=CARTESIAN_POINT('',(21.1178569341409,0.,42.5474572508059));
#10230=CARTESIAN_POINT('',(5.45463294358212,0.,37.4125573378245));
#10231=CARTESIAN_POINT('',(0.499993074744261,0.,47.4973684210526));
#10232=CARTESIAN_POINT('Origin',(0.,0.,0.));
#10233=CARTESIAN_POINT('',(0.,0.,48.));
#10234=CARTESIAN_POINT('',(12.1248320625489,0.,35.8111842105258));
#10235=CARTESIAN_POINT('',(-0.50520148096027,0.,48.4973687065972));
#10236=CARTESIAN_POINT('Origin',(-0.499993218269958,0.,47.9973958333333));
#10237=CARTESIAN_POINT('',(-2.03364704663772,0.,48.4573449508916));
#10238=CARTESIAN_POINT('Origin',(0.,0.,0.));
#10239=CARTESIAN_POINT('',(-2.51212589966131,0.,47.9342176682196));
#10240=CARTESIAN_POINT('Origin',(-2.01268161316722,0.,47.9577846936659));
#10241=CARTESIAN_POINT('',(-13.9824279714506,0.,35.127541546889));
#10242=CARTESIAN_POINT('Origin',(-42.5390006605228,0.,22.2358589401003));
#10243=CARTESIAN_POINT('',(-42.9821152507366,0.,22.4674824707263));
#10244=CARTESIAN_POINT('',(-42.7683131610417,0.,21.7915439874982));
#10245=CARTESIAN_POINT('Origin',(0.,40.,0.));
#10246=CARTESIAN_POINT('',(-42.2525540570938,0.,23.8111670367575));
#10247=CARTESIAN_POINT('Origin',(-41.816960716299,0.,23.5656910879249));
#10248=CARTESIAN_POINT('',(-41.5692193816531,0.,24.));
#10249=CARTESIAN_POINT('Origin',(-42.6578852059238,0.,21.4547004608195));
#10250=CARTESIAN_POINT('',(-42.5474572508059,0.,21.1178569341409));
#10251=CARTESIAN_POINT('Origin',(-41.2265752549107,0.,24.0908454574855));
#10252=CARTESIAN_POINT('Origin',(0.,0.,0.));
#10253=CARTESIAN_POINT('',(-47.4973684210526,0.,0.499993074744256));
#10254=CARTESIAN_POINT('Origin',(-21.4547004608196,0.,-42.6578852059238));
#10255=CARTESIAN_POINT('',(-21.1178569341409,0.,-42.5474572508059));
#10256=CARTESIAN_POINT('',(-21.7915439874982,0.,-42.7683131610417));
#10257=CARTESIAN_POINT('Origin',(-47.9577846936659,0.,-2.01268161316723));
#10258=CARTESIAN_POINT('',(-48.4573449508916,0.,-2.03364704663772));
#10259=CARTESIAN_POINT('',(-47.9342176682196,0.,-2.51212589966132));
#10260=CARTESIAN_POINT('Origin',(0.,40.,0.));
#10261=CARTESIAN_POINT('',(-48.4973687065972,0.,-0.505201480960279));
#10262=CARTESIAN_POINT('Origin',(-47.9973958333333,0.,-0.499993218269967));
#10263=CARTESIAN_POINT('',(-48.,0.,-8.81745695386094E-15));
#10264=CARTESIAN_POINT('Origin',(-47.6701624904602,0.,-2.74862697330645));
#10265=CARTESIAN_POINT('',(-47.4061073127008,0.,-2.98512804695158));
#10266=CARTESIAN_POINT('Origin',(-47.7486842105263,0.,0.249996537372122));
#10267=CARTESIAN_POINT('Origin',(0.,0.,0.));
#10268=CARTESIAN_POINT('',(-41.3839242029125,0.,-23.3156775060815));
#10269=CARTESIAN_POINT('Origin',(2.74862697330645,0.,-47.6701624904602));
#10270=CARTESIAN_POINT('',(2.98512804695157,0.,-47.4061073127008));
#10271=CARTESIAN_POINT('',(2.51212589966132,0.,-47.9342176682196));
#10272=CARTESIAN_POINT('Origin',(-40.5263190473556,0.,-25.7219257535656));
#10273=CARTESIAN_POINT('',(-40.9484682040989,0.,-25.9898624801653));
#10274=CARTESIAN_POINT('Origin',(0.,40.,0.));
#10275=CARTESIAN_POINT('',(-41.7473525761335,0.,-24.6862016698397));
#10276=CARTESIAN_POINT('Origin',(-41.316967498029,0.,-24.4317047454084));
#10277=CARTESIAN_POINT('',(-41.569219381653,0.,-24.));
#10278=CARTESIAN_POINT('Origin',(-41.4765717922828,0.,-23.6578387530408));
#10279=CARTESIAN_POINT('Origin',(0.,0.,0.));
#10280=CARTESIAN_POINT('',(-24.1816909149711,0.,-40.8839311281682));
#10281=CARTESIAN_POINT('Origin',(26.2154620296406,0.,-39.9092582326173));
#10282=CARTESIAN_POINT('',(26.2882503785599,0.,-39.5623292038543));
#10283=CARTESIAN_POINT('',(26.1426736807213,0.,-40.2561872613803));
#10284=CARTESIAN_POINT('Origin',(-22.2358589401003,0.,-42.5390006605228));
#10285=CARTESIAN_POINT('',(-22.4674824707263,0.,-42.9821152507366));
#10286=CARTESIAN_POINT('Origin',(0.,40.,0.));
#10287=CARTESIAN_POINT('',(-23.8111670367575,0.,-42.2525540570938));
#10288=CARTESIAN_POINT('Origin',(-23.5656910879249,0.,-41.816960716299));
#10289=CARTESIAN_POINT('',(-24.,0.,-41.5692193816531));
#10290=CARTESIAN_POINT('Origin',(-24.0908454574856,0.,-41.2265752549106));
#10291=CARTESIAN_POINT('Origin',(0.,0.,0.));
#10292=CARTESIAN_POINT('',(-0.49999307474426,0.,-47.4973684210526));
#10293=CARTESIAN_POINT('Origin',(42.6578852059238,0.,-21.4547004608196));
#10294=CARTESIAN_POINT('',(42.5474572508059,0.,-21.1178569341409));
#10295=CARTESIAN_POINT('',(42.7683131610417,0.,-21.7915439874982));
#10296=CARTESIAN_POINT('Origin',(2.01268161316723,0.,-47.9577846936659));
#10297=CARTESIAN_POINT('',(2.03364704663772,0.,-48.4573449508916));
#10298=CARTESIAN_POINT('Origin',(0.,40.,0.));
#10299=CARTESIAN_POINT('',(0.505201480960276,0.,-48.4973687065972));
#10300=CARTESIAN_POINT('Origin',(0.499993218269964,0.,-47.9973958333333));
#10301=CARTESIAN_POINT('',(5.8783046359073E-15,0.,-48.));
#10302=CARTESIAN_POINT('Origin',(-0.249996537372125,0.,-47.7486842105263));
#10303=CARTESIAN_POINT('Origin',(0.,0.,0.));
#10304=CARTESIAN_POINT('',(23.3156775060815,0.,-41.3839242029125));
#10305=CARTESIAN_POINT('Origin',(47.6701624904602,0.,2.74862697330644));
#10306=CARTESIAN_POINT('',(47.4061073127008,0.,2.98512804695157));
#10307=CARTESIAN_POINT('',(47.9342176682196,0.,2.51212589966131));
#10308=CARTESIAN_POINT('Origin',(25.7219257535656,0.,-40.5263190473556));
#10309=CARTESIAN_POINT('',(25.9898624801653,0.,-40.9484682040989));
#10310=CARTESIAN_POINT('Origin',(0.,40.,0.));
#10311=CARTESIAN_POINT('',(24.6862016698397,0.,-41.7473525761335));
#10312=CARTESIAN_POINT('Origin',(24.4317047454084,0.,-41.316967498029));
#10313=CARTESIAN_POINT('',(24.,0.,-41.569219381653));
#10314=CARTESIAN_POINT('Origin',(23.6578387530408,0.,-41.4765717922828));
#10315=CARTESIAN_POINT('Origin',(0.,0.,0.));
#10316=CARTESIAN_POINT('',(40.8839311281682,0.,-24.1816909149711));
#10317=CARTESIAN_POINT('Origin',(39.9092582326173,0.,26.2154620296406));
#10318=CARTESIAN_POINT('',(39.5623292038544,0.,26.2882503785599));
#10319=CARTESIAN_POINT('',(40.2561872613804,0.,26.1426736807213));
#10320=CARTESIAN_POINT('Origin',(42.5390006605228,0.,-22.2358589401003));
#10321=CARTESIAN_POINT('',(42.9821152507366,0.,-22.4674824707263));
#10322=CARTESIAN_POINT('Origin',(0.,40.,0.));
#10323=CARTESIAN_POINT('',(42.2525540570938,0.,-23.8111670367575));
#10324=CARTESIAN_POINT('Origin',(41.816960716299,0.,-23.5656910879249));
#10325=CARTESIAN_POINT('',(41.5692193816531,0.,-24.));
#10326=CARTESIAN_POINT('Origin',(41.2265752549106,0.,-24.0908454574856));
#10327=CARTESIAN_POINT('Origin',(0.,0.,0.));
#10328=CARTESIAN_POINT('',(47.4973684210526,0.,-0.499993074744265));
#10329=CARTESIAN_POINT('Origin',(21.4547004608196,0.,42.6578852059238));
#10330=CARTESIAN_POINT('',(21.1178569341409,0.,42.5474572508059));
#10331=CARTESIAN_POINT('',(21.7915439874982,0.,42.7683131610417));
#10332=CARTESIAN_POINT('Origin',(47.9577846936659,0.,2.01268161316723));
#10333=CARTESIAN_POINT('',(48.4573449508916,0.,2.03364704663772));
#10334=CARTESIAN_POINT('Origin',(0.,40.,0.));
#10335=CARTESIAN_POINT('',(48.4973687065972,0.,0.505201480960273));
#10336=CARTESIAN_POINT('Origin',(47.9973958333333,0.,0.499993218269961));
#10337=CARTESIAN_POINT('',(48.,0.,2.93915231795365E-15));
#10338=CARTESIAN_POINT('Origin',(47.7486842105263,0.,-0.249996537372127));
#10339=CARTESIAN_POINT('Origin',(-2.74862697330644,0.,47.6701624904602));
#10340=CARTESIAN_POINT('',(-2.51212589966131,0.,47.9342176682196));
#10341=CARTESIAN_POINT('Origin',(0.,0.,0.));
#10342=CARTESIAN_POINT('',(41.3839242029125,0.,23.3156775060815));
#10343=CARTESIAN_POINT('Origin',(40.5263190473556,0.,25.7219257535656));
#10344=CARTESIAN_POINT('',(40.9484682040989,0.,25.9898624801653));
#10345=CARTESIAN_POINT('Origin',(0.,40.,0.));
#10346=CARTESIAN_POINT('',(41.7473525761335,0.,24.6862016698397));
#10347=CARTESIAN_POINT('Origin',(41.3169674980291,0.,24.4317047454084));
#10348=CARTESIAN_POINT('',(41.5692193816531,0.,24.));
#10349=CARTESIAN_POINT('Origin',(41.4765717922828,0.,23.6578387530408));
#10350=CARTESIAN_POINT('Origin',(22.2358589401003,0.,42.5390006605228));
#10351=CARTESIAN_POINT('',(22.4674824707263,0.,42.9821152507366));
#10352=CARTESIAN_POINT('Origin',(0.,40.,0.));
#10353=CARTESIAN_POINT('',(23.8111670367575,0.,42.2525540570938));
#10354=CARTESIAN_POINT('Origin',(23.5656910879249,0.,41.816960716299));
#10355=CARTESIAN_POINT('',(24.,0.,41.5692193816531));
#10356=CARTESIAN_POINT('Origin',(24.0908454574856,0.,41.2265752549106));
#10357=CARTESIAN_POINT('',(24.1816909149711,0.,40.8839311281682));
#10358=CARTESIAN_POINT('Origin',(0.,0.,0.));
#10359=CARTESIAN_POINT('',(0.499993074744261,0.,47.4973684210526));
#10360=CARTESIAN_POINT('Origin',(0.,0.,0.));
#10361=CARTESIAN_POINT('Origin',(-2.01268161316722,0.,47.9577846936659));
#10362=CARTESIAN_POINT('',(-2.03364704663772,0.,48.4573449508916));
#10363=CARTESIAN_POINT('Origin',(0.,40.,0.));
#10364=CARTESIAN_POINT('',(-0.50520148096027,0.,48.4973687065972));
#10365=CARTESIAN_POINT('Origin',(-0.499993218269958,0.,47.9973958333333));
#10366=CARTESIAN_POINT('',(0.,0.,48.));
#10367=CARTESIAN_POINT('Origin',(0.24999653737213,0.,47.7486842105263));
#10368=CARTESIAN_POINT('Origin',(-40.4447211094424,0.,15.3227619696785));
#10369=CARTESIAN_POINT('',(-39.6504253281728,18.5,17.1582712210465));
#10370=CARTESIAN_POINT('Origin',(-40.4447211094424,18.5,15.3227619696785));
#10371=CARTESIAN_POINT('',(-39.6504253281728,21.5,17.1582712210465));
#10372=CARTESIAN_POINT('Origin',(-40.4447211094424,21.5,15.3227619696785));
#10373=CARTESIAN_POINT('',(-39.6504253281728,0.,17.1582712210465));
#10374=CARTESIAN_POINT('Origin',(-33.3485216011022,0.,27.5397641061216));
#10375=CARTESIAN_POINT('',(-34.5493620517539,18.5,25.9403947891474));
#10376=CARTESIAN_POINT('Origin',(-33.3485216011022,18.5,27.5397641061216));
#10377=CARTESIAN_POINT('',(-34.5493620517539,21.5,25.9403947891474));
#10378=CARTESIAN_POINT('',(-34.5493620517539,0.,25.9403947891474));
#10379=CARTESIAN_POINT('Origin',(-33.3485216011022,21.5,27.5397641061216));
#10380=CARTESIAN_POINT('Origin',(-36.1857307965408,18.5,27.1690151959963));
#10381=CARTESIAN_POINT('',(-32.1259638398045,18.5,24.1208559433906));
#10382=CARTESIAN_POINT('',(0.,18.5,0.));
#10383=CARTESIAN_POINT('',(-32.1259638398045,21.5,24.1208559433906));
#10384=CARTESIAN_POINT('',(-32.1259638398045,18.5,24.1208559433906));
#10385=CARTESIAN_POINT('',(0.,21.5,0.));
#10386=CARTESIAN_POINT('Origin',(-36.2490239751842,21.5,20.7334185306104));
#10387=CARTESIAN_POINT('',(-36.2790144554442,21.5,15.6993314575237));
#10388=CARTESIAN_POINT('',(0.,21.5,0.));
#10389=CARTESIAN_POINT('',(-31.4912950390883,21.5,21.7271908451469));
#10390=CARTESIAN_POINT('Origin',(-33.3268042904563,21.5,22.5214866264165));
#10391=CARTESIAN_POINT('',(-33.6492094228067,21.5,16.7405449276221));
#10392=CARTESIAN_POINT('',(-32.7452908975445,21.5,18.8293773937214));
#10393=CARTESIAN_POINT('Origin',(-35.4847186741747,21.5,17.5348407088917));
#10394=CARTESIAN_POINT('',(-36.6764033848494,21.5,22.2499131271795));
#10395=CARTESIAN_POINT('Origin',(-36.2128778932869,21.5,20.8233283527368));
#10396=CARTESIAN_POINT('Origin',(-34.4435052040763,18.5,14.9050356762541));
#10397=CARTESIAN_POINT('',(-36.2790144554442,18.5,15.6993314575237));
#10398=CARTESIAN_POINT('',(-36.2790144554442,18.5,15.6993314575237));
#10399=CARTESIAN_POINT('',(0.,18.5,0.));
#10400=CARTESIAN_POINT('Origin',(-36.2490239751842,18.5,20.7334185306104));
#10401=CARTESIAN_POINT('',(-33.6492094228067,18.5,16.7405449276221));
#10402=CARTESIAN_POINT('Origin',(-35.4847186741747,18.5,17.5348407088917));
#10403=CARTESIAN_POINT('',(-31.4912950390883,18.5,21.7271908451469));
#10404=CARTESIAN_POINT('',(-32.7452908975445,18.5,18.8293773937214));
#10405=CARTESIAN_POINT('Origin',(-33.3268042904563,18.5,22.5214866264165));
#10406=CARTESIAN_POINT('',(-36.6764033848494,18.5,22.2499131271795));
#10407=CARTESIAN_POINT('Origin',(-36.2128778932869,18.5,20.8233283527368));
#10408=CARTESIAN_POINT('Origin',(-35.4847186741747,18.5,17.5348407088917));
#10409=CARTESIAN_POINT('',(-33.6492094228067,18.5,16.7405449276221));
#10410=CARTESIAN_POINT('Origin',(-33.3268042904563,18.5,22.5214866264165));
#10411=CARTESIAN_POINT('',(-31.4912950390883,18.5,21.7271908451469));
#10412=CARTESIAN_POINT('Origin',(-36.2128778932869,18.5,20.8233283527368));
#10413=CARTESIAN_POINT('',(-36.6764033848494,18.5,22.2499131271795));
#10414=CARTESIAN_POINT('Origin',(-30.8651227348763,18.5,23.1741896640183));
#10415=CARTESIAN_POINT('Origin',(2.07470646332943,0.,43.2002094102681));
#10416=CARTESIAN_POINT('',(4.06583039253559,18.5,43.0119927836311));
#10417=CARTESIAN_POINT('Origin',(2.07470646332943,18.5,43.2002094102681));
#10418=CARTESIAN_POINT('',(4.06583039253559,21.5,43.0119927836311));
#10419=CARTESIAN_POINT('Origin',(2.07470646332943,21.5,43.2002094102681));
#10420=CARTESIAN_POINT('',(4.06583039253559,0.,43.0119927836311));
#10421=CARTESIAN_POINT('Origin',(15.8866121983377,0.,40.2265839074066));
#10422=CARTESIAN_POINT('',(13.9944414806826,18.5,40.8744187438029));
#10423=CARTESIAN_POINT('Origin',(15.8866121983377,18.5,40.2265839074066));
#10424=CARTESIAN_POINT('',(13.9944414806826,21.5,40.8744187438029));
#10425=CARTESIAN_POINT('',(13.9944414806826,0.,40.8744187438029));
#10426=CARTESIAN_POINT('Origin',(15.8866121983377,21.5,40.2265839074066));
#10427=CARTESIAN_POINT('Origin',(14.6572631734663,18.5,42.8103624869464));
#10428=CARTESIAN_POINT('',(13.0128284364037,18.5,38.0073616574862));
#10429=CARTESIAN_POINT('',(0.,18.5,0.));
#10430=CARTESIAN_POINT('',(13.0128284364037,21.5,38.0073616574862));
#10431=CARTESIAN_POINT('',(13.0128284364037,18.5,38.0073616574862));
#10432=CARTESIAN_POINT('',(0.,21.5,0.));
#10433=CARTESIAN_POINT('Origin',(8.51708836077487,21.5,40.8818491383852));
#10434=CARTESIAN_POINT('',(3.72011947824874,21.5,39.3547533233163));
#10435=CARTESIAN_POINT('',(0.,21.5,0.));
#10436=CARTESIAN_POINT('',(10.9324410921116,21.5,36.6640725646764));
#10437=CARTESIAN_POINT('Origin',(11.1206577187486,21.5,38.6551964938825));
#10438=CARTESIAN_POINT('',(5.52302678081787,21.5,37.1754127674731));
#10439=CARTESIAN_POINT('',(7.78895069498689,21.5,36.9612198942495));
#10440=CARTESIAN_POINT('Origin',(5.7112434074549,21.5,39.1665366966793));
#10441=CARTESIAN_POINT('',(9.82729292813582,21.5,41.7569337130953));
#10442=CARTESIAN_POINT('Origin',(8.6137674365734,21.5,40.8752558346566));
#10443=CARTESIAN_POINT('Origin',(3.53190285161171,18.5,37.3636293941102));
#10444=CARTESIAN_POINT('',(3.72011947824874,18.5,39.3547533233163));
#10445=CARTESIAN_POINT('',(3.72011947824874,18.5,39.3547533233163));
#10446=CARTESIAN_POINT('',(0.,18.5,0.));
#10447=CARTESIAN_POINT('Origin',(8.51708836077487,18.5,40.8818491383852));
#10448=CARTESIAN_POINT('',(5.52302678081787,18.5,37.1754127674731));
#10449=CARTESIAN_POINT('Origin',(5.7112434074549,18.5,39.1665366966793));
#10450=CARTESIAN_POINT('',(10.9324410921116,18.5,36.6640725646764));
#10451=CARTESIAN_POINT('',(7.78895069498689,18.5,36.9612198942495));
#10452=CARTESIAN_POINT('Origin',(11.1206577187486,18.5,38.6551964938825));
#10453=CARTESIAN_POINT('',(9.82729292813582,18.5,41.7569337130953));
#10454=CARTESIAN_POINT('Origin',(8.6137674365734,18.5,40.8752558346566));
#10455=CARTESIAN_POINT('Origin',(5.7112434074549,18.5,39.1665366966793));
#10456=CARTESIAN_POINT('',(5.52302678081787,18.5,37.1754127674731));
#10457=CARTESIAN_POINT('Origin',(11.1206577187486,18.5,38.6551964938825));
#10458=CARTESIAN_POINT('',(10.9324410921116,18.5,36.6640725646764));
#10459=CARTESIAN_POINT('Origin',(8.6137674365734,18.5,40.8752558346566));
#10460=CARTESIAN_POINT('',(9.82729292813582,18.5,41.7569337130953));
#10461=CARTESIAN_POINT('Origin',(12.502116631279,18.5,36.5156945403037));
#10462=CARTESIAN_POINT('Origin',(41.7269602204591,0.,11.3764357669802));
#10463=CARTESIAN_POINT('',(42.1632467032521,18.5,9.42460224310276));
#10464=CARTESIAN_POINT('Origin',(41.7269602204591,18.5,11.3764357669802));
#10465=CARTESIAN_POINT('',(42.1632467032521,21.5,9.42460224310276));
#10466=CARTESIAN_POINT('Origin',(41.7269602204591,21.5,11.3764357669802));
#10467=CARTESIAN_POINT('',(42.1632467032521,0.,9.42460224310276));
#10468=CARTESIAN_POINT('Origin',(43.1669879057635,0.,-2.67836800004473));
#10469=CARTESIAN_POINT('',(43.1984025403872,18.5,-0.678614735081409));
#10470=CARTESIAN_POINT('Origin',(43.1669879057635,18.5,-2.67836800004473));
#10471=CARTESIAN_POINT('',(43.1984025403872,21.5,-0.678614735081409));
#10472=CARTESIAN_POINT('',(43.1984025403872,0.,-0.678614735081413));
#10473=CARTESIAN_POINT('Origin',(43.1669879057635,21.5,-2.67836800004473));
#10474=CARTESIAN_POINT('Origin',(45.2444176197951,18.5,-0.710756108359898));
#10475=CARTESIAN_POINT('',(40.1683341032732,18.5,-0.631014616354606));
#10476=CARTESIAN_POINT('',(0.,18.5,0.));
#10477=CARTESIAN_POINT('',(40.1683341032732,21.5,-0.631014616354606));
#10478=CARTESIAN_POINT('',(40.1683341032732,18.5,-0.631014616354606));
#10479=CARTESIAN_POINT('',(0.,21.5,0.));
#10480=CARTESIAN_POINT('Origin',(41.5128740673292,21.5,4.53295375985729));
#10481=CARTESIAN_POINT('',(38.5781747352125,21.5,8.62324371515369));
#10482=CARTESIAN_POINT('',(0.,21.5,0.));
#10483=CARTESIAN_POINT('',(38.2479152140193,21.5,0.932452165815634));
#10484=CARTESIAN_POINT('Origin',(40.1997487378968,21.5,1.36873864860872));
#10485=CARTESIAN_POINT('',(37.0626276941281,21.5,6.23512370848312));
#10486=CARTESIAN_POINT('',(37.5591271637435,21.5,4.01391276658354));
#10487=CARTESIAN_POINT('Origin',(39.0144612180056,21.5,6.6714101912762));
#10488=CARTESIAN_POINT('',(42.7500044318388,21.5,3.55729117348977));
#10489=CARTESIAN_POINT('Origin',(41.5364789402764,21.5,4.43896905192848));
#10490=CARTESIAN_POINT('Origin',(36.626341211335,18.5,8.18695723236061));
#10491=CARTESIAN_POINT('',(38.5781747352125,18.5,8.62324371515369));
#10492=CARTESIAN_POINT('',(38.5781747352125,18.5,8.62324371515369));
#10493=CARTESIAN_POINT('',(0.,18.5,0.));
#10494=CARTESIAN_POINT('Origin',(41.5128740673292,18.5,4.53295375985729));
#10495=CARTESIAN_POINT('',(37.0626276941281,18.5,6.23512370848312));
#10496=CARTESIAN_POINT('Origin',(39.0144612180056,18.5,6.6714101912762));
#10497=CARTESIAN_POINT('',(38.2479152140193,18.5,0.932452165815634));
#10498=CARTESIAN_POINT('',(37.5591271637435,18.5,4.01391276658354));
#10499=CARTESIAN_POINT('Origin',(40.1997487378968,18.5,1.36873864860872));
#10500=CARTESIAN_POINT('',(42.7500044318388,18.5,3.55729117348977));
#10501=CARTESIAN_POINT('Origin',(41.5364789402764,18.5,4.43896905192848));
#10502=CARTESIAN_POINT('Origin',(39.0144612180056,18.5,6.6714101912762));
#10503=CARTESIAN_POINT('',(37.0626276941281,18.5,6.23512370848312));
#10504=CARTESIAN_POINT('Origin',(40.1997487378968,18.5,1.36873864860872));
#10505=CARTESIAN_POINT('',(38.2479152140193,18.5,0.932452165815634));
#10506=CARTESIAN_POINT('Origin',(41.5364789402764,18.5,4.43896905192848));
#10507=CARTESIAN_POINT('',(42.7500044318388,18.5,3.55729117348977));
#10508=CARTESIAN_POINT('Origin',(38.5918557443221,18.5,-0.606249315301615));
#10509=CARTESIAN_POINT('Origin',(23.7139732001291,0.,-36.1691854354444));
#10510=CARTESIAN_POINT('',(21.9924891461212,18.5,-37.1872682669451));
#10511=CARTESIAN_POINT('Origin',(23.7139732001291,18.5,-36.1691854354444));
#10512=CARTESIAN_POINT('',(21.9924891461212,21.5,-37.1872682669451));
#10513=CARTESIAN_POINT('Origin',(23.7139732001291,21.5,-36.1691854354444));
#10514=CARTESIAN_POINT('',(21.9924891461212,0.,-37.1872682669451));
#10515=CARTESIAN_POINT('Origin',(10.7920535193798,0.,-41.8819063658144));
#10516=CARTESIAN_POINT('',(12.7036395489765,18.5,-41.2938257153498));
#10517=CARTESIAN_POINT('Origin',(10.7920535193798,18.5,-41.8819063658144));
#10518=CARTESIAN_POINT('',(12.7036395489765,21.5,-41.2938257153498));
#10519=CARTESIAN_POINT('',(12.7036395489765,0.,-41.2938257153498));
#10520=CARTESIAN_POINT('Origin',(10.7920535193798,21.5,-41.8819063658144));
#10521=CARTESIAN_POINT('Origin',(13.3053247167617,18.5,-43.2496339196244));
#10522=CARTESIAN_POINT('',(11.8125673108806,18.5,-38.3973501377914));
#10523=CARTESIAN_POINT('',(0.,18.5,0.));
#10524=CARTESIAN_POINT('',(11.8125673108806,21.5,-38.3973501377914));
#10525=CARTESIAN_POINT('',(11.8125673108806,18.5,-38.3973501377914));
#10526=CARTESIAN_POINT('',(0.,21.5,0.));
#10527=CARTESIAN_POINT('Origin',(17.1392787835287,21.5,-38.0803296453618));
#10528=CARTESIAN_POINT('',(20.122503732045,21.5,-34.0252956140774));
#10529=CARTESIAN_POINT('',(0.,21.5,0.));
#10530=CARTESIAN_POINT('',(12.7060705089766,21.5,-36.0877854333189));
#10531=CARTESIAN_POINT('Origin',(13.7241533404773,21.5,-37.8092694873268));
#10532=CARTESIAN_POINT('',(17.3829368465364,21.5,-33.3218943915703));
#10533=CARTESIAN_POINT('',(15.4238664799861,21.5,-34.4804853766237));
#10534=CARTESIAN_POINT('Origin',(18.4010196780372,21.5,-35.0433784455782));
#10535=CARTESIAN_POINT('',(16.5936628299492,21.5,-39.5584068599986));
#10536=CARTESIAN_POINT('Origin',(17.0571883215116,21.5,-38.1318220855559));
#10537=CARTESIAN_POINT('Origin',(19.1044209005443,18.5,-32.3038115600696));
#10538=CARTESIAN_POINT('',(20.122503732045,18.5,-34.0252956140774));
#10539=CARTESIAN_POINT('',(20.122503732045,18.5,-34.0252956140774));
#10540=CARTESIAN_POINT('',(0.,18.5,0.));
#10541=CARTESIAN_POINT('Origin',(17.1392787835287,18.5,-38.0803296453618));
#10542=CARTESIAN_POINT('',(17.3829368465364,18.5,-33.3218943915703));
#10543=CARTESIAN_POINT('Origin',(18.4010196780372,18.5,-35.0433784455782));
#10544=CARTESIAN_POINT('',(12.7060705089766,18.5,-36.0877854333189));
#10545=CARTESIAN_POINT('',(15.4238664799861,18.5,-34.4804853766237));
#10546=CARTESIAN_POINT('Origin',(13.7241533404773,18.5,-37.8092694873268));
#10547=CARTESIAN_POINT('',(16.5936628299492,18.5,-39.5584068599986));
#10548=CARTESIAN_POINT('Origin',(17.0571883215116,18.5,-38.1318220855559));
#10549=CARTESIAN_POINT('Origin',(18.4010196780372,18.5,-35.0433784455782));
#10550=CARTESIAN_POINT('',(17.3829368465364,18.5,-33.3218943915703));
#10551=CARTESIAN_POINT('Origin',(13.7241533404773,18.5,-37.8092694873268));
#10552=CARTESIAN_POINT('',(12.7060705089766,18.5,-36.0877854333189));
#10553=CARTESIAN_POINT('Origin',(17.0571883215116,18.5,-38.1318220855559));
#10554=CARTESIAN_POINT('',(16.5936628299492,18.5,-39.5584068599986));
#10555=CARTESIAN_POINT('Origin',(11.3489619076449,18.5,-36.8903772228165));
#10556=CARTESIAN_POINT('',(0.,0.,0.));
#10557=CARTESIAN_POINT('Origin',(-3.3362201889986E-13,4.5,12.25));
#10558=CARTESIAN_POINT('',(1.49999999999967,4.5,12.25));
#10559=CARTESIAN_POINT('Origin',(-3.3362201889986E-13,4.5,12.25));
#10560=CARTESIAN_POINT('',(1.49999999999967,2.5,12.25));
#10561=CARTESIAN_POINT('',(1.49999999999967,4.5,12.25));
#10562=CARTESIAN_POINT('Origin',(-3.3362201889986E-13,2.5,12.25));
#10563=CARTESIAN_POINT('Origin',(0.,0.,4.5));
#10564=CARTESIAN_POINT('',(-14.,1.71450551880629E-15,5.));
#10565=CARTESIAN_POINT('Origin',(0.,0.,5.));
#10566=CARTESIAN_POINT('',(-15.,-1.83697019872103E-15,4.));
#10567=CARTESIAN_POINT('',(-14.5,-1.77573785876366E-15,4.5));
#10568=CARTESIAN_POINT('Origin',(0.,0.,4.));
#10569=CARTESIAN_POINT('Origin',(0.,0.,5.));
#10570=CARTESIAN_POINT('',(-2.41294276188401,5.5,5.));
#10571=CARTESIAN_POINT('',(2.41294276188234,5.5,5.));
#10572=CARTESIAN_POINT('Origin',(-8.35263882379389E-13,0.338312848215156,
5.));
#10573=CARTESIAN_POINT('',(1.08972473588504,5.5,5.));
#10574=CARTESIAN_POINT('',(7.16025403784438,-5.,5.));
#10575=CARTESIAN_POINT('Origin',(8.66025403784438,-5.,5.));
#10576=CARTESIAN_POINT('',(-10.1602540378444,-5.,5.));
#10577=CARTESIAN_POINT('Origin',(-8.66025403784439,-5.,5.));
#10578=CARTESIAN_POINT('',(-1.5,10.,5.));
#10579=CARTESIAN_POINT('Origin',(0.,10.,5.));
#10580=CARTESIAN_POINT('Origin',(0.,0.,0.));
#10581=CARTESIAN_POINT('',(-15.,-1.83697019872103E-15,0.));
#10582=CARTESIAN_POINT('',(-15.,-1.83697019872103E-15,0.));
#10583=CARTESIAN_POINT('Origin',(0.,0.,0.));
#10584=CARTESIAN_POINT('Origin',(-8.35263882379389E-13,0.338312848215156,
5.5));
#10585=CARTESIAN_POINT('',(2.17944947177008,4.49999999999947,6.));
#10586=CARTESIAN_POINT('',(-2.17944947177075,4.5,6.));
#10587=CARTESIAN_POINT('Origin',(-8.35263882379389E-13,0.338312848215156,
6.));
#10588=CARTESIAN_POINT('Ctrl Pts',(-2.17944947177075,4.5,6.));
#10589=CARTESIAN_POINT('Ctrl Pts',(-2.26108458007668,4.83184890973838,5.66815109026161));
#10590=CARTESIAN_POINT('Ctrl Pts',(-2.33901347929203,5.16727906415369,5.33272093584631));
#10591=CARTESIAN_POINT('Ctrl Pts',(-2.41294276188402,5.5,5.));
#10592=CARTESIAN_POINT('Ctrl Pts',(2.41294276188234,5.5,5.));
#10593=CARTESIAN_POINT('Ctrl Pts',(2.33901347931233,5.16727906425257,5.33272093574743));
#10594=CARTESIAN_POINT('Ctrl Pts',(2.26108458008441,4.83184890977661,5.66815109022339));
#10595=CARTESIAN_POINT('Ctrl Pts',(2.17944947176905,4.49999999999987,6.00000000000014));
#10596=CARTESIAN_POINT('Origin',(1.08972473588504,5.,5.5));
#10597=CARTESIAN_POINT('',(1.08972473588504,4.5,6.));
#10598=CARTESIAN_POINT('Origin',(-8.35263882379389E-13,0.338312848215156,
5.));
#10599=CARTESIAN_POINT('',(2.17944947177008,4.49999999999947,18.5));
#10600=CARTESIAN_POINT('',(2.17944947177008,4.49999999999947,5.));
#10601=CARTESIAN_POINT('',(-2.17944947177075,4.5,18.5));
#10602=CARTESIAN_POINT('Origin',(-8.35263882379389E-13,0.338312848215156,
18.5));
#10603=CARTESIAN_POINT('',(-2.17944947177075,4.5,5.));
#10604=CARTESIAN_POINT('Origin',(3.62859137283226E-16,0.015085999445569,
5.));
#10605=CARTESIAN_POINT('',(-1.74714052096561,2.5,5.));
#10606=CARTESIAN_POINT('',(1.74714052096562,2.5,5.));
#10607=CARTESIAN_POINT('Origin',(3.62859137283226E-16,0.015085999445569,
5.));
#10608=CARTESIAN_POINT('',(-1.74714052096561,2.5,18.5));
#10609=CARTESIAN_POINT('',(-1.74714052096561,2.5,5.));
#10610=CARTESIAN_POINT('',(1.74714052096562,2.5,18.5));
#10611=CARTESIAN_POINT('Origin',(3.62859137283226E-16,0.015085999445569,
18.5));
#10612=CARTESIAN_POINT('',(1.74714052096562,2.5,5.));
#10613=CARTESIAN_POINT('Origin',(-1.74714052096561,2.5,5.));
#10614=CARTESIAN_POINT('',(-0.873570260482808,2.5,5.));
#10615=CARTESIAN_POINT('',(0.,2.5,18.5));
#10616=CARTESIAN_POINT('Origin',(2.17944947177008,4.5,5.));
#10617=CARTESIAN_POINT('',(0.,4.5,18.5));
#10618=CARTESIAN_POINT('Origin',(-8.34887714518118E-13,0.070239655183591,
18.5));
#10619=CARTESIAN_POINT('Origin',(8.66025403784438,-5.,0.));
#10620=CARTESIAN_POINT('',(7.16025403784438,-5.,0.));
#10621=CARTESIAN_POINT('',(7.16025403784438,-5.,0.));
#10622=CARTESIAN_POINT('Origin',(8.66025403784438,-5.,0.));
#10623=CARTESIAN_POINT('Origin',(-8.66025403784439,-5.,0.));
#10624=CARTESIAN_POINT('',(-10.1602540378444,-5.,0.));
#10625=CARTESIAN_POINT('',(-10.1602540378444,-5.,0.));
#10626=CARTESIAN_POINT('Origin',(-8.66025403784439,-5.,0.));
#10627=CARTESIAN_POINT('Origin',(0.,10.,0.));
#10628=CARTESIAN_POINT('',(-1.5,10.,0.));
#10629=CARTESIAN_POINT('',(-1.5,10.,0.));
#10630=CARTESIAN_POINT('Origin',(0.,10.,0.));
#10631=CARTESIAN_POINT('Origin',(0.,0.,5.));
#10632=CARTESIAN_POINT('Origin',(0.,0.,0.));
#10633=CARTESIAN_POINT('',(0.,0.,0.));
#10634=CARTESIAN_POINT('Origin',(0.,0.2,0.));
#10635=CARTESIAN_POINT('',(-2.5,0.2,-3.06161699786838E-16));
#10636=CARTESIAN_POINT('',(-3.06161699786838E-16,0.2,-2.5));
#10637=CARTESIAN_POINT('Origin',(0.,0.2,0.));
#10638=CARTESIAN_POINT('',(-2.81668763803891E-16,0.,-2.3));
#10639=CARTESIAN_POINT('Origin',(-2.81668763803891E-16,0.2,-2.3));
#10640=CARTESIAN_POINT('Origin',(0.,0.,0.));
#10641=CARTESIAN_POINT('Origin',(0.,0.2,0.));
#10642=CARTESIAN_POINT('Origin',(0.,0.,0.));
#10643=CARTESIAN_POINT('',(-2.5,2.8,3.06161699786838E-16));
#10644=CARTESIAN_POINT('',(-3.06161699786838E-16,2.8,-2.5));
#10645=CARTESIAN_POINT('Origin',(0.,2.8,0.));
#10646=CARTESIAN_POINT('',(-2.5,0.,3.06161699786838E-16));
#10647=CARTESIAN_POINT('Origin',(0.,2.8,0.));
#10648=CARTESIAN_POINT('Origin',(0.,0.,0.));
#10649=CARTESIAN_POINT('',(-1.5,0.,1.83697019872103E-16));
#10650=CARTESIAN_POINT('Origin',(0.,0.,0.));
#10651=CARTESIAN_POINT('Origin',(0.,2.8,0.));
#10652=CARTESIAN_POINT('',(-2.81668763803891E-16,3.,-2.3));
#10653=CARTESIAN_POINT('Origin',(0.,3.,0.));
#10654=CARTESIAN_POINT('Origin',(-2.81668763803891E-16,2.8,-2.3));
#10655=CARTESIAN_POINT('Origin',(0.,3.,0.));
#10656=CARTESIAN_POINT('',(-1.73205076885452,3.,-6.93889390390723E-16));
#10657=CARTESIAN_POINT('',(-0.866025384427262,3.,-1.49999996647239));
#10658=CARTESIAN_POINT('',(-1.51554442274771,3.,-0.374999991618098));
#10659=CARTESIAN_POINT('',(0.866025384427264,3.,-1.49999996647239));
#10660=CARTESIAN_POINT('',(-0.433012692213631,3.,-1.49999996647239));
#10661=CARTESIAN_POINT('',(1.73205076885453,3.,1.11022302462516E-15));
#10662=CARTESIAN_POINT('',(1.08253173053408,3.,-1.12499997485429));
#10663=CARTESIAN_POINT('',(0.866025384427262,3.,1.49999996647239));
#10664=CARTESIAN_POINT('',(1.51554442274771,3.,0.374999991618098));
#10665=CARTESIAN_POINT('',(-0.866025384427263,3.,1.49999996647239));
#10666=CARTESIAN_POINT('',(0.43301269221363,3.,1.49999996647239));
#10667=CARTESIAN_POINT('',(-1.08253173053408,3.,1.12499997485429));
#10668=CARTESIAN_POINT('Origin',(-1.73205076885452,3.,-8.32667268468867E-16));
#10669=CARTESIAN_POINT('',(-1.73205076885453,1.5,-5.55111512312578E-16));
#10670=CARTESIAN_POINT('',(-1.73205076885452,3.,-6.93889390390723E-16));
#10671=CARTESIAN_POINT('',(-0.866025384427262,1.5,-1.49999996647239));
#10672=CARTESIAN_POINT('',(-0.866025384427262,1.5,-1.49999996647239));
#10673=CARTESIAN_POINT('',(-0.866025384427262,3.,-1.49999996647239));
#10674=CARTESIAN_POINT('Origin',(-0.866025384427263,3.,1.49999996647239));
#10675=CARTESIAN_POINT('',(-0.866025384427263,1.5,1.49999996647239));
#10676=CARTESIAN_POINT('',(-0.866025384427263,3.,1.49999996647239));
#10677=CARTESIAN_POINT('',(-1.73205076885452,1.5,-6.93889390390723E-16));
#10678=CARTESIAN_POINT('Origin',(0.866025384427262,3.,1.49999996647239));
#10679=CARTESIAN_POINT('',(0.866025384427262,1.5,1.49999996647239));
#10680=CARTESIAN_POINT('',(0.866025384427262,3.,1.49999996647239));
#10681=CARTESIAN_POINT('',(-0.866025384427263,1.5,1.49999996647239));
#10682=CARTESIAN_POINT('Origin',(1.73205076885453,3.,1.11022302462516E-15));
#10683=CARTESIAN_POINT('',(1.73205076885453,1.5,1.11022302462516E-15));
#10684=CARTESIAN_POINT('',(1.73205076885453,3.,1.11022302462516E-15));
#10685=CARTESIAN_POINT('',(0.866025384427262,1.5,1.49999996647239));
#10686=CARTESIAN_POINT('Origin',(0.866025384427264,3.,-1.49999996647239));
#10687=CARTESIAN_POINT('',(0.866025384427264,1.5,-1.49999996647239));
#10688=CARTESIAN_POINT('',(0.866025384427264,3.,-1.49999996647239));
#10689=CARTESIAN_POINT('',(1.73205076885453,1.5,1.11022302462516E-15));
#10690=CARTESIAN_POINT('Origin',(-0.866025384427262,3.,-1.49999996647239));
#10691=CARTESIAN_POINT('',(0.866025384427264,1.5,-1.49999996647239));
#10692=CARTESIAN_POINT('Origin',(0.,1.5,2.77555756156289E-16));
#10693=CARTESIAN_POINT('Origin',(0.,0.,0.));
#10694=CARTESIAN_POINT('',(-1.5,-6.,1.83697019872103E-16));
#10695=CARTESIAN_POINT('Origin',(0.,-6.,0.));
#10696=CARTESIAN_POINT('',(-1.5,0.,-1.83697019872103E-16));
#10697=CARTESIAN_POINT('Origin',(0.,-6.,0.));
#10698=CARTESIAN_POINT('',(0.,0.,0.));
#10699=CARTESIAN_POINT('Origin',(0.,-10.,0.));
#10700=CARTESIAN_POINT('',(-1.5,-10.,1.83697019872103E-16));
#10701=CARTESIAN_POINT('Origin',(0.,-10.,0.));
#10702=CARTESIAN_POINT('Origin',(0.,0.2,0.));
#10703=CARTESIAN_POINT('',(-2.5,0.2,-3.06161699786838E-16));
#10704=CARTESIAN_POINT('',(-3.06161699786838E-16,0.2,-2.5));
#10705=CARTESIAN_POINT('Origin',(0.,0.2,0.));
#10706=CARTESIAN_POINT('',(-2.81668763803891E-16,0.,-2.3));
#10707=CARTESIAN_POINT('Origin',(-2.81668763803891E-16,0.2,-2.3));
#10708=CARTESIAN_POINT('Origin',(0.,0.,0.));
#10709=CARTESIAN_POINT('Origin',(0.,0.2,0.));
#10710=CARTESIAN_POINT('Origin',(0.,0.,0.));
#10711=CARTESIAN_POINT('',(-2.5,2.8,3.06161699786838E-16));
#10712=CARTESIAN_POINT('',(-3.06161699786838E-16,2.8,-2.5));
#10713=CARTESIAN_POINT('Origin',(0.,2.8,0.));
#10714=CARTESIAN_POINT('',(-2.5,0.,3.06161699786838E-16));
#10715=CARTESIAN_POINT('Origin',(0.,2.8,0.));
#10716=CARTESIAN_POINT('Origin',(0.,0.,0.));
#10717=CARTESIAN_POINT('',(-1.5,0.,1.83697019872103E-16));
#10718=CARTESIAN_POINT('Origin',(0.,0.,0.));
#10719=CARTESIAN_POINT('Origin',(0.,2.8,0.));
#10720=CARTESIAN_POINT('',(-2.81668763803891E-16,3.,-2.3));
#10721=CARTESIAN_POINT('Origin',(0.,3.,0.));
#10722=CARTESIAN_POINT('Origin',(-2.81668763803891E-16,2.8,-2.3));
#10723=CARTESIAN_POINT('Origin',(0.,3.,0.));
#10724=CARTESIAN_POINT('',(-1.73205076885452,3.,-6.93889390390723E-16));
#10725=CARTESIAN_POINT('',(-0.866025384427262,3.,-1.49999996647239));
#10726=CARTESIAN_POINT('',(-1.51554442274771,3.,-0.374999991618098));
#10727=CARTESIAN_POINT('',(0.866025384427264,3.,-1.49999996647239));
#10728=CARTESIAN_POINT('',(-0.433012692213631,3.,-1.49999996647239));
#10729=CARTESIAN_POINT('',(1.73205076885453,3.,1.11022302462516E-15));
#10730=CARTESIAN_POINT('',(1.08253173053408,3.,-1.12499997485429));
#10731=CARTESIAN_POINT('',(0.866025384427262,3.,1.49999996647239));
#10732=CARTESIAN_POINT('',(1.51554442274771,3.,0.374999991618098));
#10733=CARTESIAN_POINT('',(-0.866025384427263,3.,1.49999996647239));
#10734=CARTESIAN_POINT('',(0.43301269221363,3.,1.49999996647239));
#10735=CARTESIAN_POINT('',(-1.08253173053408,3.,1.12499997485429));
#10736=CARTESIAN_POINT('Origin',(-1.73205076885452,3.,-8.32667268468867E-16));
#10737=CARTESIAN_POINT('',(-1.73205076885453,1.5,-5.55111512312578E-16));
#10738=CARTESIAN_POINT('',(-1.73205076885452,3.,-6.93889390390723E-16));
#10739=CARTESIAN_POINT('',(-0.866025384427262,1.5,-1.49999996647239));
#10740=CARTESIAN_POINT('',(-0.866025384427262,1.5,-1.49999996647239));
#10741=CARTESIAN_POINT('',(-0.866025384427262,3.,-1.49999996647239));
#10742=CARTESIAN_POINT('Origin',(-0.866025384427263,3.,1.49999996647239));
#10743=CARTESIAN_POINT('',(-0.866025384427263,1.5,1.49999996647239));
#10744=CARTESIAN_POINT('',(-0.866025384427263,3.,1.49999996647239));
#10745=CARTESIAN_POINT('',(-1.73205076885452,1.5,-6.93889390390723E-16));
#10746=CARTESIAN_POINT('Origin',(0.866025384427262,3.,1.49999996647239));
#10747=CARTESIAN_POINT('',(0.866025384427262,1.5,1.49999996647239));
#10748=CARTESIAN_POINT('',(0.866025384427262,3.,1.49999996647239));
#10749=CARTESIAN_POINT('',(-0.866025384427263,1.5,1.49999996647239));
#10750=CARTESIAN_POINT('Origin',(1.73205076885453,3.,1.11022302462516E-15));
#10751=CARTESIAN_POINT('',(1.73205076885453,1.5,1.11022302462516E-15));
#10752=CARTESIAN_POINT('',(1.73205076885453,3.,1.11022302462516E-15));
#10753=CARTESIAN_POINT('',(0.866025384427262,1.5,1.49999996647239));
#10754=CARTESIAN_POINT('Origin',(0.866025384427264,3.,-1.49999996647239));
#10755=CARTESIAN_POINT('',(0.866025384427264,1.5,-1.49999996647239));
#10756=CARTESIAN_POINT('',(0.866025384427264,3.,-1.49999996647239));
#10757=CARTESIAN_POINT('',(1.73205076885453,1.5,1.11022302462516E-15));
#10758=CARTESIAN_POINT('Origin',(-0.866025384427262,3.,-1.49999996647239));
#10759=CARTESIAN_POINT('',(0.866025384427264,1.5,-1.49999996647239));
#10760=CARTESIAN_POINT('Origin',(0.,1.5,2.77555756156289E-16));
#10761=CARTESIAN_POINT('Origin',(0.,0.,0.));
#10762=CARTESIAN_POINT('',(-1.5,0.,-1.83697019872103E-16));
#10763=CARTESIAN_POINT('',(0.,1.90473587943499,1.9430792795109));
#10764=CARTESIAN_POINT('',(-0.0109436584169686,1.89358479049891,15.4430792795111));
#10765=CARTESIAN_POINT('',(1.77635683940025E-14,1.90473573042337,-3.05692072048911));
#10766=CARTESIAN_POINT('',(-41.5292554009092,-2.54808708612924,-0.0569207204891065));
#10767=CARTESIAN_POINT('',(-17.0681319799287,40.0254068760551,-0.0569207204891084));
#10768=CARTESIAN_POINT('',(30.9805697128451,29.9174291948658,-0.0569207204891076));
#10769=CARTESIAN_POINT('',(36.2151770533009,-18.9031385318198,-0.0569207204891045));
#10770=CARTESIAN_POINT('',(-8.59835938530741,-38.9679310557869,-0.0569207204891028));
#10771=CARTESIAN_POINT('',(-8.66025416689222,6.90473595394084,1.94307927951089));
#10772=CARTESIAN_POINT('',(8.66025416689227,6.90473595394081,1.94307927951089));
#10773=CARTESIAN_POINT('',(0.,-8.09526426957663,1.9430792795109));
#10774=UNCERTAINTY_MEASURE_WITH_UNIT(LENGTH_MEASURE(0.01),#10788,
'DISTANCE_ACCURACY_VALUE',
'Maximum model space distance between geometric entities at asserted c
onnectivities');
#10775=UNCERTAINTY_MEASURE_WITH_UNIT(LENGTH_MEASURE(0.01),#10788,
'DISTANCE_ACCURACY_VALUE',
'Maximum model space distance between geometric entities at asserted c
onnectivities');
#10776=UNCERTAINTY_MEASURE_WITH_UNIT(LENGTH_MEASURE(0.01),#10788,
'DISTANCE_ACCURACY_VALUE',
'Maximum model space distance between geometric entities at asserted c
onnectivities');
#10777=UNCERTAINTY_MEASURE_WITH_UNIT(LENGTH_MEASURE(0.01),#10788,
'DISTANCE_ACCURACY_VALUE',
'Maximum model space distance between geometric entities at asserted c
onnectivities');
#10778=UNCERTAINTY_MEASURE_WITH_UNIT(LENGTH_MEASURE(0.01),#10788,
'DISTANCE_ACCURACY_VALUE',
'Maximum model space distance between geometric entities at asserted c
onnectivities');
#10779=UNCERTAINTY_MEASURE_WITH_UNIT(LENGTH_MEASURE(0.01),#10788,
'DISTANCE_ACCURACY_VALUE',
'Maximum model space distance between geometric entities at asserted c
onnectivities');
#10780=UNCERTAINTY_MEASURE_WITH_UNIT(LENGTH_MEASURE(0.01),#10788,
'DISTANCE_ACCURACY_VALUE',
'Maximum model space distance between geometric entities at asserted c
onnectivities');
#10781=(
GEOMETRIC_REPRESENTATION_CONTEXT(3)
GLOBAL_UNCERTAINTY_ASSIGNED_CONTEXT((#10774))
GLOBAL_UNIT_ASSIGNED_CONTEXT((#10788,#10790,#10791))
REPRESENTATION_CONTEXT('','3D')
);
#10782=(
GEOMETRIC_REPRESENTATION_CONTEXT(3)
GLOBAL_UNCERTAINTY_ASSIGNED_CONTEXT((#10775))
GLOBAL_UNIT_ASSIGNED_CONTEXT((#10788,#10790,#10791))
REPRESENTATION_CONTEXT('','3D')
);
#10783=(
GEOMETRIC_REPRESENTATION_CONTEXT(3)
GLOBAL_UNCERTAINTY_ASSIGNED_CONTEXT((#10776))
GLOBAL_UNIT_ASSIGNED_CONTEXT((#10788,#10790,#10791))
REPRESENTATION_CONTEXT('','3D')
);
#10784=(
GEOMETRIC_REPRESENTATION_CONTEXT(3)
GLOBAL_UNCERTAINTY_ASSIGNED_CONTEXT((#10777))
GLOBAL_UNIT_ASSIGNED_CONTEXT((#10788,#10790,#10791))
REPRESENTATION_CONTEXT('','3D')
);
#10785=(
GEOMETRIC_REPRESENTATION_CONTEXT(3)
GLOBAL_UNCERTAINTY_ASSIGNED_CONTEXT((#10778))
GLOBAL_UNIT_ASSIGNED_CONTEXT((#10788,#10790,#10791))
REPRESENTATION_CONTEXT('','3D')
);
#10786=(
GEOMETRIC_REPRESENTATION_CONTEXT(3)
GLOBAL_UNCERTAINTY_ASSIGNED_CONTEXT((#10779))
GLOBAL_UNIT_ASSIGNED_CONTEXT((#10788,#10790,#10791))
REPRESENTATION_CONTEXT('','3D')
);
#10787=(
GEOMETRIC_REPRESENTATION_CONTEXT(3)
GLOBAL_UNCERTAINTY_ASSIGNED_CONTEXT((#10780))
GLOBAL_UNIT_ASSIGNED_CONTEXT((#10788,#10790,#10791))
REPRESENTATION_CONTEXT('','3D')
);
#10788=(
LENGTH_UNIT()
NAMED_UNIT(*)
SI_UNIT(.MILLI.,.METRE.)
);
#10789=(
LENGTH_UNIT()
NAMED_UNIT(*)
SI_UNIT($,.METRE.)
);
#10790=(
NAMED_UNIT(*)
PLANE_ANGLE_UNIT()
SI_UNIT($,.RADIAN.)
);
#10791=(
NAMED_UNIT(*)
SI_UNIT($,.STERADIAN.)
SOLID_ANGLE_UNIT()
);
#10792=SHAPE_DEFINITION_REPRESENTATION(#10798,#10815);
#10793=SHAPE_DEFINITION_REPRESENTATION(#10799,#10816);
#10794=SHAPE_DEFINITION_REPRESENTATION(#10800,#10817);
#10795=SHAPE_DEFINITION_REPRESENTATION(#10801,#10818);
#10796=SHAPE_DEFINITION_REPRESENTATION(#10802,#10819);
#10797=SHAPE_DEFINITION_REPRESENTATION(#10803,#10820);
#10798=PRODUCT_DEFINITION_SHAPE('',$,#10822);
#10799=PRODUCT_DEFINITION_SHAPE('',$,#10823);
#10800=PRODUCT_DEFINITION_SHAPE('',$,#10824);
#10801=PRODUCT_DEFINITION_SHAPE('',$,#10825);
#10802=PRODUCT_DEFINITION_SHAPE('',$,#10826);
#10803=PRODUCT_DEFINITION_SHAPE('',$,#10827);
#10804=PRODUCT_DEFINITION_SHAPE($,$,#44);
#10805=PRODUCT_DEFINITION_SHAPE($,$,#45);
#10806=PRODUCT_DEFINITION_SHAPE($,$,#46);
#10807=PRODUCT_DEFINITION_SHAPE($,$,#47);
#10808=PRODUCT_DEFINITION_SHAPE($,$,#48);
#10809=PRODUCT_DEFINITION_SHAPE($,$,#49);
#10810=PRODUCT_DEFINITION_SHAPE($,$,#50);
#10811=PRODUCT_DEFINITION_SHAPE($,$,#51);
#10812=PRODUCT_DEFINITION_SHAPE($,$,#52);
#10813=PRODUCT_DEFINITION_SHAPE($,$,#53);
#10814=PRODUCT_DEFINITION_SHAPE($,$,#54);
#10815=SHAPE_REPRESENTATION('',(#5766,#6431,#6432,#6433,#6434,#6435,#6436,
#6437,#6438,#6439,#6440,#6441),#10781);
#10816=SHAPE_REPRESENTATION('',(#5767),#10782);
#10817=SHAPE_REPRESENTATION('',(#6064),#10783);
#10818=SHAPE_REPRESENTATION('',(#6348),#10784);
#10819=SHAPE_REPRESENTATION('',(#6381),#10785);
#10820=SHAPE_REPRESENTATION('',(#6406),#10786);
#10821=PRODUCT_DEFINITION_CONTEXT('part definition',#10841,'design');
#10822=PRODUCT_DEFINITION('wheel','wheel v5',#10828,#10821);
#10823=PRODUCT_DEFINITION('hub','hub v6',#10829,#10821);
#10824=PRODUCT_DEFINITION('tread','tread v7',#10830,#10821);
#10825=PRODUCT_DEFINITION('interface','interface v3',#10831,#10821);
#10826=PRODUCT_DEFINITION('m3x6mm','m3x6mm v1',#10832,#10821);
#10827=PRODUCT_DEFINITION('m3x10mm','m3x10mm v2',#10833,#10821);
#10828=PRODUCT_DEFINITION_FORMATION('',$,#10843);
#10829=PRODUCT_DEFINITION_FORMATION('',$,#10844);
#10830=PRODUCT_DEFINITION_FORMATION('',$,#10845);
#10831=PRODUCT_DEFINITION_FORMATION('',$,#10846);
#10832=PRODUCT_DEFINITION_FORMATION('',$,#10847);
#10833=PRODUCT_DEFINITION_FORMATION('',$,#10848);
#10834=PRODUCT_RELATED_PRODUCT_CATEGORY('wheel v5','wheel v5',(#10843));
#10835=PRODUCT_RELATED_PRODUCT_CATEGORY('hub v6','hub v6',(#10844));
#10836=PRODUCT_RELATED_PRODUCT_CATEGORY('tread v7','tread v7',(#10845));
#10837=PRODUCT_RELATED_PRODUCT_CATEGORY('interface v3','interface v3',(#10846));
#10838=PRODUCT_RELATED_PRODUCT_CATEGORY('m3x6mm v1','m3x6mm v1',(#10847));
#10839=PRODUCT_RELATED_PRODUCT_CATEGORY('m3x10mm v2','m3x10mm v2',(#10848));
#10840=APPLICATION_PROTOCOL_DEFINITION('international standard',
'automotive_design',2009,#10841);
#10841=APPLICATION_CONTEXT(
'Core Data for Automotive Mechanical Design Process');
#10842=PRODUCT_CONTEXT('part definition',#10841,'mechanical');
#10843=PRODUCT('wheel','wheel v5',$,(#10842));
#10844=PRODUCT('hub','hub v6',$,(#10842));
#10845=PRODUCT('tread','tread v7',$,(#10842));
#10846=PRODUCT('interface','interface v3',$,(#10842));
#10847=PRODUCT('m3x6mm','m3x6mm v1',$,(#10842));
#10848=PRODUCT('m3x10mm','m3x10mm v2',$,(#10842));
#10849=PRESENTATION_STYLE_ASSIGNMENT((#10854));
#10850=PRESENTATION_STYLE_ASSIGNMENT((#10855));
#10851=PRESENTATION_STYLE_ASSIGNMENT((#10856));
#10852=PRESENTATION_STYLE_ASSIGNMENT((#10857));
#10853=PRESENTATION_STYLE_ASSIGNMENT((#10858));
#10854=SURFACE_STYLE_USAGE(.BOTH.,#10859);
#10855=SURFACE_STYLE_USAGE(.BOTH.,#10860);
#10856=SURFACE_STYLE_USAGE(.BOTH.,#10861);
#10857=SURFACE_STYLE_USAGE(.BOTH.,#10862);
#10858=SURFACE_STYLE_USAGE(.BOTH.,#10863);
#10859=SURFACE_SIDE_STYLE('',(#10864));
#10860=SURFACE_SIDE_STYLE('',(#10865));
#10861=SURFACE_SIDE_STYLE('',(#10866));
#10862=SURFACE_SIDE_STYLE('',(#10867));
#10863=SURFACE_SIDE_STYLE('',(#10868));
#10864=SURFACE_STYLE_FILL_AREA(#10869);
#10865=SURFACE_STYLE_FILL_AREA(#10870);
#10866=SURFACE_STYLE_FILL_AREA(#10871);
#10867=SURFACE_STYLE_FILL_AREA(#10872);
#10868=SURFACE_STYLE_FILL_AREA(#10873);
#10869=FILL_AREA_STYLE('Steel - Satin',(#10874));
#10870=FILL_AREA_STYLE('Titanium - Polished',(#10875));
#10871=FILL_AREA_STYLE('Aluminum - Anodized Glossy (Grey)',(#10876));
#10872=FILL_AREA_STYLE('Aluminum - Satin',(#10877));
#10873=FILL_AREA_STYLE('Stainless Steel - Satin',(#10878));
#10874=FILL_AREA_STYLE_COLOUR('Steel - Satin',#10879);
#10875=FILL_AREA_STYLE_COLOUR('Titanium - Polished',#10880);
#10876=FILL_AREA_STYLE_COLOUR('Aluminum - Anodized Glossy (Grey)',#10881);
#10877=FILL_AREA_STYLE_COLOUR('Aluminum - Satin',#10882);
#10878=FILL_AREA_STYLE_COLOUR('Stainless Steel - Satin',#10883);
#10879=COLOUR_RGB('Steel - Satin',0.627450980392157,0.627450980392157,0.627450980392157);
#10880=COLOUR_RGB('Titanium - Polished',0.749019607843137,0.729411764705882,
0.701960784313725);
#10881=COLOUR_RGB('Aluminum - Anodized Glossy (Grey)',0.537254901960784,
0.537254901960784,0.537254901960784);
#10882=COLOUR_RGB('Aluminum - Satin',0.96078431372549,0.96078431372549,
0.964705882352941);
#10883=COLOUR_RGB('Stainless Steel - Satin',0.796078431372549,0.796078431372549,
0.796078431372549);
ENDSEC;
END-ISO-10303-21;
